universe_id,name,description,genre,subgenre,content_maturity,minimum_age,sorts,sort_count,logo_url,creator_name,creator_type,creator_id,playing,visits,favorites,up_votes,down_votes,max_players,created,updated
10563114921,Steal An Egg,"🥚 Welcome to Steal An Egg!

How to Play:
🥚 Steal eggs from pets
🐣 Hatch eggs to collect rare pets
💰 Earn money from your pets
⬆️ Upgrade your treadmill and base
🏃 Train on the treadmill to gain Speed
🥷 Steal eggs from other players
✨ Discover rarer eggs, pets, sizes, and mutations!

🎮 Supports Desktop, Console, Mobile, and Tablet players",Simulation,Tycoon,minimal,0,Top Trending | Top Playing Now | Top Revisited | Top Earning | Most Popular | Trending in Simulation,6,https://tr.rbxcdn.com/180DAY-856231c847a8d9709e23979c56c38c3a/512/512/Image/Png/noFilter,and Collect Rare Pets,Group,825735094,1513929,1999686820,2736250,1480536,106780,7,2026-07-25T07:50:51.492Z,2026-09-05T20:42:40.1911768Z
994732206,[🧲] Blox Fruits,"OUT NOW: 🧲 Magnet + 🏝️ Sea 1 + MORE 
Welcome to Blox Fruits! Become a master swordsman or a powerful blox fruit user as you train to become the strongest player to ever live. You can choose to fight against tough enemies or have powerful boss battles while sailing across the ocean to find hidden secrets. 

Current level cap: 2800
Current fruits in the game:
Rocket, Spin, Blade, Spring, Bomb, Smoke, Spike, Flame, Ice, Sand, Dark, Eagle, Diamond, Light, Rubber, Ghost, Magma, Quake, Buddha, Love, Creation, Spider, Sound, Phoenix, Portal, Lightning, Pain, Blizzard, Gravity, Mammoth, T-Rex, Dough, Shadow, Venom, Gas, Spirit, Tiger, Yeti, Magnet, Kitsune, Control, and Dragon

FAQ:
-Fruits spawn in the map every hour / despawn after 20 mins
-You can buy fruits from the Blox Fruits Dealer. He restocks random fruits every 4 hours
-More info in the group description

Do not exploit, our auto-detection will catch you and we do not appeal our bans.",RPG,Action RPG,mild,0,Top Trending | Top Playing Now | Top Revisited | Top Earning | Most Popular | Trending in RPG,6,https://tr.rbxcdn.com/180DAY-774ec14539b264f85fdb6e8a34dfa344/512/512/Image/Png/noFilter,Gamer Robot Inc,Group,4372130,284944,64156300242,19844840,12626759,1055899,12,2019-01-16T03:29:19.433Z,2026-09-06T18:37:01.8890606Z
6035872082,[😾] RIVALS,"Welcome to RIVALS, the most intense first person shooter game on Roblox! Challenge other players in 1v1 to 5v5 FPS duels where the first to 5 wins!

😾 UPDATE 22 - A brand new weapon has arrived! Check out the patch notes in-game to see everything new! 🎉 

🔫 Challenge someone by stepping on a duel pad!
🔑 Earn keys to unlock new weapons & skins!
📜 Complete contracts to unlock exclusive rewards!
🏆 Show off your win streak and climb the leaderboards! 

🎮 Available on Desktop, Phones, Tablets, XBOX, & PlayStation 5!
💜 Like and join the group for exclusive rewards!

⚠️ WARNING: Cheaters will be permanently banned with no second chances, our anticheat & moderators will catch you. Abusing glitches & using sketchy farming methods are also not allowed!

🏆 RIA25 Best Shooter Experience!",Shooter,Deathmatch Shooter,mild,0,Top Trending | Top Playing Now | Top Revisited | Top Earning | Most Popular | Trending in Shooter,6,https://tr.rbxcdn.com/180DAY-2f7bb0535e48ac3766835b44ded27a74/512/512/Image/Png/noFilter,Nosniy Games,Group,3461453,113971,17946422586,90792244,10505101,698084,40,2024-05-26T16:47:48.617Z,2026-09-07T03:27:39.211764Z
2440500124,DOORS 👔,"👔 PLAY THE ARCHIVES NOW! 👔

A horror game involving doors.

We recommend entering without a guide; use each death as a lesson.
⚠️ Loud sounds, flashing lights ahead!
🎧 📷 Headphones & max graphics recommended

❤️ Join the LSPLASH group for a free Revive!
⭐ Buy (and wear) our UGC for some Knobs and a Revive!

🎵 Music is non-copyright, on Spotify 'LSPLASH'
🛠️ Many things are subject to change, and some things may break.",Survival,Escape,mild,0,Top Trending | Top Playing Now | Top Revisited | Top Earning | Most Popular | Trending in Survival,6,https://tr.rbxcdn.com/180DAY-beb40b4f9cda17a98616d85b2c242e68/512/512/Image/Png/noFilter,LSPLASH,Group,3049798,28428,7681205107,8129714,4656124,351363,50,2021-03-14T02:20:27.43Z,2026-09-06T23:14:18.4431276Z
383310974,[🏰] Adopt Me!,"Adopt and raise 🐶🦄👶, trade and collect legendary pets, build your dream home, and roleplay with friends!

🏰 Fairytale Castle! 🏰
✨ Live your life in the Fairytale Castle!
🔮 Make magic with fairytale furniture!
🥚 Hatch 10 new fantastical pets!

Be FIRST 🏆 To experience new updates by pressing 🔔NOTIFY.

Meet the founders!
NewFissy - Tech Director
Bethink - Creative Director

Find out more about Uplift Games, our policies and creative attributions:
https://devforum.roblox.com/t/credits/71812",Roleplay & Avatar Sim,Pet Care,minimal,0,Top Trending | Top Playing Now | Top Revisited | Top Earning | Most Popular | Trending in Roleplay & Avatar Sim | More When You Subscribe,7,https://tr.rbxcdn.com/180DAY-d7ee018c946b46bb29277656418652ae/512/512/Image/Png/noFilter,Uplift Games,Group,295182,131197,44656170552,29562557,9426084,1510840,35,2017-07-14T19:26:21.347Z,2026-09-05T17:00:06.87Z
5750914919,Fisch 🍉 [SKYCREST],"🦈 Welcome to Fisch 🦈

Dive into Fisch, the ultimate fishing adventure where exploration and progression are yours to control. Cast your line to catch rare and unique fish, each with 400,000+ possible variations. Explore a growing world with your trusty rod, and maybe even reel in some new friends along the way!

[How To Fish]
• Hold down to cast your bobber
• Await a bite. You can ""shake"" your rod to attract fish faster
• When you have a bite, hold down or click to pull the white bar. Follow the blue line to the best of your ability; it's okay to mess up a few times!
• When the progress bar on the bottom is full, you'll reel in your catch!
",Simulation,,minimal,0,Top Trending | Top Playing Now | Fun with Friends | Top Revisited | Top Earning | Most Popular | Trending in Simulation,7,https://tr.rbxcdn.com/180DAY-e4a60be5e47f439d81ba79b6b3e96963/512/512/Image/Png/noFilter,Fisching,Group,7381705,85861,4862050032,3607613,2989360,307303,20,2024-03-13T15:03:39.63Z,2026-09-06T11:44:36.1986536Z
5203828273,[🎂] Dress To Impress,"Create stunning outfits 👗💖⭐, and strut the runway to show off your unique style. Collaborate, compete, and explore a world of glamour with friends!

⭐ Are you ready to be the TOP MODEL?
👗 NEW ITEMS! Check them out.
🍿 Vote for your favorite outfits!
💃 Use poses on the runway to show off your outfit!

Find more about Dress To Impress by joining our community.
https://www.roblox.com/communities/17264167/Dress-To-Impress-Group#!/about",Roleplay & Avatar Sim,Dress Up,minimal,0,Top Trending | Top Playing Now | Top Earning | Most Popular | Trending in Roleplay & Avatar Sim,5,https://tr.rbxcdn.com/180DAY-622d27cf094210e32f71577a301f1acd/512/512/Image/Png/noFilter,Dress To Impress Group,Group,17264167,52099,10929107010,7340610,3961152,413237,13,2023-10-18T09:11:36.563Z,2026-09-06T22:58:00.7659999Z
6331902150,[WEEK 2 ⛱️] Forsaken,"[ CONTAINS FLASHING LIGHTS AND LOUD AUDIO, IT IS RECOMMENDED TO NOT PLAY IF YOU'RE EPILEPTIC ]

Welcome to your eternal prison. 

SURVIVORS: Protect your teammates, complete the objectives, and survive until the timer hits 0.
KILLERS: Kill them all, leave no one left standing. Do whatever it takes.

Once you decide to enter, you won't be able to go back. This is your home now. Forever forsaken by it all.

🏖️ Summer Games [8-29]
- New Event System
- New Game Mode, Randomizer
- Balance Changes

🪻Azure [7-17]
- New Killer, Azure!

🏆 RIA 2025 Best Survival Experience

[ THIS GAME IS IN ALPHA ]",Survival,1 vs All,mild,0,Top Trending | Top Playing Now | Fun with Friends | Top Revisited | Top Earning | Most Popular | Trending in Survival,7,https://tr.rbxcdn.com/180DAY-0e604cb15c6aa37fc9192dec3410e7c3/512/512/Image/Png/noFilter,Forsaken Dev Team,Group,33548380,48103,5640483379,3173746,2362663,431589,9,2024-07-28T02:20:42.22Z,2026-09-05T00:17:11.683Z
9931749389,[Odin Reincarnation] Dungeon Quest Reborn,"⚔️ Return to the world of OG Dungeon Quest and experience the adventure that started it all. Venture through dangerous dungeons with friends, defeat fearsome bosses, and claim the treasures hidden deep within.

📖 Journey through classic dungeons inspired by the original experience
⚔️ Unlock powerful abilities and forge your own path to victory
💎 Discover rare weapons, armor, and legendary loot drops
✨ Strengthen your character and rise through increasingly difficult challenges
🤝 Join forces with friends or brave the dungeons on your own

Will luck be on your side, or will the next Legendary remain just out of reach?

Dungeon Quest Reborn is officially licensed by Voldex.",RPG,Action RPG,mild,0,Top Trending | Top Playing Now | Top Revisited | Top Earning | Most Popular | Trending in RPG,6,https://tr.rbxcdn.com/180DAY-65e6a2f6e68d76994cd572c5f8d8bb8a/512/512/Image/Png/noFilter,Delta Quarters OG,Group,496909722,32312,93875821,99599,73618,4425,40,2026-03-24T01:02:12.282Z,2026-09-06T03:39:38.6777269Z
10761687472,Scream And Run [UPDATE],"You’re trapped inside a school after dark, and you’re not alone. The Cat in the Hat is hunting you.

Search through abandoned classrooms and backpacks to find the hidden keys you need to unlock the exit.

Launch Game Modes!
Hide And Seek
Free Roam
Escape

Controls
Run - Shift
Crouch - C
Crawl - C
Slide - Shift + C
Flashlight - F

",Survival,Escape,moderate,0,Top Trending | Up-and-Coming | Top Playing Now | Most Popular,4,https://tr.rbxcdn.com/180DAY-ea077a79ea15a72757245c876aef81d4/512/512/Image/Png/noFilter,Scream And Run Studios,Group,889075472,19277,9934391,72366,10386,1609,50,2026-08-25T23:45:53.4681918Z,2026-09-05T18:17:38.5765599Z
10155360168,Illegal Soccer,"The world's most popular sport, finally with guns, grappling hooks, jetpacks, & more

Pros:
- Kick, tackle, beat up & blow up your opponents
- No referees

Cons:
- Slip on other players' oil spills
- Get shot by a gun as you are dribbling",Sports & Racing,Sports,mild,0,Top Trending | Top Playing Now | Fun with Friends | Most Popular | Trending in Sports & Racing,5,https://tr.rbxcdn.com/180DAY-ca2d60722cb1c6c4ce83247891048584/512/512/Image/Png/noFilter,Repotted,Group,4081626,20076,14284111,68439,18280,3040,8,2026-05-12T00:12:29.294Z,2026-09-05T12:52:22.417Z
10756011174,[👽] Search For The Needle,"a chill cozy game about finding a Needle in a giant pile of Hay... 🌾

🌟 Find the Needle in a Haystack!

🌾 Search through the Hay
🗡 Find the hidden Needle
🏆 Beat your best time

Can you find it?

Tags: Find The Needle, Hay, Farm, Story, Adventure, Needle, Clean, Search, Needle in a Haystack, Clean all the Leaves",Simulation,Incremental Simulator,minimal,0,Top Trending | Up-and-Coming | Top Playing Now | Most Popular | Trending in Simulation,5,https://tr.rbxcdn.com/180DAY-84ebd4739a99720d5ccc352920669d56/512/512/Image/Png/noFilter,Garage Games,Group,279288859,26133,10879930,39755,57362,3289,20,2026-08-23T09:25:26.774Z,2026-09-06T18:58:41.5985859Z
10571722689,🌌 Agartha 🌌 Mog or Die ,"🔥 MOG OR DIE 

tyfor300likes — 2,500 MogPoints + 2× Progress for 30 minutes
tyfor1.5klikes — 3 Lucky Spins
Update2 — 30 minutes of 2× All Progress
extracode — 3 Lucky Spins

Start as a tiny SUB5 and build yourself into the ultimate MOGGER.

🥛 Drink Milk to grow taller  
🔨 Collect Hammers to improve your Face  
🖼️ Find Picture Frames to build your Frame  
💧 Collect Water to lower your Bodyfat  

Challenge NPCs and real players in MOG BATTLES where your Face, Frame, Height, and Bodyfat are compared.

Win the battle and choose their fate:

🟢 SPARE — Let them keep their run  
🔴 MOG — Erase their progress and earn MogPoints  



",Simulation,,minimal,0,Top Trending | Fun with Friends | Top Earning | Most Popular | Trending in Simulation,5,https://tr.rbxcdn.com/180DAY-13e681cca25fa23d3b1a9b4d14441af1/512/512/Image/Png/noFilter,Build a Ore Farm,Group,5630224,7838,6188305,35751,53075,4179,12,2026-07-26T11:02:04.911Z,2026-09-02T10:52:51.764Z
1202096104,Driving Empire [DODGE UPDATE✨] ,"Welcome to Driving Empire, the #1 driving experience on Roblox! 

❗Latest Update | SEPTEMBER 04, 2026 ❗
🚙 9  NEW DODGE VEHICLES 🚙
🌆 New Car Meet Location 

🏁 Realistic open-world driving, racing simulation & RP experience
🏎️ 300+ cars and boats to choose
🪪 Licensed brands like Lamborghini, McLaren, Porsche, Audi & more!
🎨 Deep car customization, tuning & roleplay possibilities
🏅 Race & compete with your friends 
🏆 Show off your cars at community events & car meets

The Driving Empire experience is brought to you exclusively by Voldex (owners of Brookhaven RP & NFL Universe Football) . Except where expressly indicated, no feature of the Driving Empire experience, including the designs of our vehicles, indicates the endorsement, sponsorship, or license of any trademark owner.

All rights reserved. All other trademarks are property of their respective owners.",Simulation,Vehicle Sim,minimal,0,Top Trending | Top Playing Now | Top Earning | Most Popular | Trending in Simulation,5,https://tr.rbxcdn.com/180DAY-53bcc30e65b73ea367490997918740ee/512/512/Image/Png/noFilter,Driving Empire by Voldex,Group,4999963,29118,3255476981,31724476,2513352,187584,22,2019-06-23T03:39:38.623Z,2026-09-04T18:56:10.468Z
4568630521,[💥] Heroes Battlegrounds,"This update: MASTERED EXPLOSION HERO, FULL THROTTLE REWORKED
--
Fight to become the #1 Hero or Villain.

🎮 This experience works on all devices (CONSOLE, PC, MOBILE).
❤️ Please consider liking and supporting this experience to speed up our updates!
💪 Fight bosses, and unlock mastered versions of characters to become the strongest hero or villain.

a Battleground experience

Computer Keybinds
G - Ultimate
F - Block
Q - Dash
Q (while Ragdolled) - Recovery Dash
Left Click - Punch
Jump + Left Click - Downslam
B - Emote Menu",Action,Battlegrounds & Fighting,mild,0,Top Trending | Fun with Friends | Top Revisited | Top Earning | Most Popular | Trending in Action,6,https://tr.rbxcdn.com/180DAY-3c3fba3ff15d44cddfacd7f743a94fc9/512/512/Image/Png/noFilter,more awesome games yo,Group,17395026,8098,1725553996,1600971,1123703,189788,15,2023-04-11T02:16:49.137Z,2026-09-06T02:40:09.8984763Z
5569032992,🌻 Dandy's World [ALPHA],"Dandy's World is a Mascot Horror Survival Multiplayer game where you must team up with fellow Toons to complete machines and descend deeper into Gardenview Center.

✧---✧
Are you ready to 'See A Very Exciting and Unforgettable Show'? Look no further as Dandy and the Gardenview Crew are ready to give you a performance you don't want to miss!

(⚠️ DISCLAIMER: Experience may include bright/flashing lights and may affect photosensitive users. ⚠️)
(⚠️ DISCLAIMER 2: The game is still in Alpha, so expect bugs and shutdowns! Report any bugs you find to the BlushCrunch Studio Server! ⚠️)

✧---✧
🌻 - Collect Toons with unique stats and abilities!
🫧 - Complete Machines and collect Research on what lurks below...
📦 - Collect Trinkets to customize your playstyle!

✧---✧
VERSION 0.27.1
- New Profiles System Added to Journal!
- Daily Login Streak Added to Stats & Journal!
- 2 Premium Profile Bundles Available for Robux!
- 11 Profile Prints Added to Dyle's Shop for Ichor!",Survival,Escape,mild,0,Top Trending | Top Playing Now | Top Revisited | Most Popular | Trending in Survival,5,https://tr.rbxcdn.com/180DAY-36941d9b7214ea43a04f9708ffc14aec/512/512/Image/Png/noFilter,BlushCrunch Studio,Group,14576965,20749,7391928293,4602071,1673477,259117,35,2024-01-26T03:52:09.063Z,2026-09-05T22:21:16.798544Z
648454481,[🐆LEOPARD🐆] Grand Piece Online,"Set out on a journey on the vast sea in seek of wealth, fame, and power! Gain experience through quests, discover various fighting styles, and find ability-granting fruits to become stronger! Compete with other players through arena modes and battle royale!🏴‍☠️✨

Current max level: 675

Current fruits:
Common - Suke, Kilo, Spin, Heal
Rare - Bari, Mero, Horo, Gomu, Bomu
Epic - Yomi, Spring, Kira
Legendary - Mera, Pika, Hie, Magu, Goro, Gura, Zushi, Suna, Ito, Paw, Yuki, Kage, Yami, Goru, Smoke, and Biscuit
Mythical - Tori, Mochi, Ope, Venom, Buddha, Pteranodon, Dragon, Soul, and Leopard

Fruits are found through natural spawns under trees, fishing, fruit chests, dungeons, and much more! 

2x Legendary/Mythical Fruit rates,2x Boss drop rates and 1.25x EXP boost every Friday-Sunday! 🍀🔥

Premium players earn bonus XP in the battle royale battlepass, extra rewards in the AFK world, and reduce natural fruit spawn timers!💎

🎮 Controller, 💻 PC, 📱 Mobile Support",RPG,Action RPG,moderate,0,Top Trending | Top Playing Now | Top Revisited | Top Earning | Most Popular | Trending in RPG | More When You Subscribe,7,https://tr.rbxcdn.com/180DAY-ac5cae9ca606a1a3d2e9a81b3ad29247/512/512/Image/Png/noFilter,Grand Quest Games,Group,3229308,16915,1294151640,1500724,1066069,120815,1,2018-05-06T21:26:37.793Z,2026-09-05T08:41:37.715Z
6215986499,Grand Blue [Early Access],"We are in ✨EARLY ACCESS✨, expect bugs/lag as we work to improve the game.

Embark on an epic pirate adventure across the world of Grand Blue! Master powerful fighting styles, discover cursed fruits with incredible abilities, and grow stronger with every battle. Defeat challenging bosses, collect and craft rare weapons and equipment, and explore unique islands. Challenge rivals and forge your legend to become the strongest!

Info:
Cursed Fruits spawn every hour on trees and plants. There are multiple ways to obtain Cursed Fruits, so search for them all!
Cursed Fruit skill levels save for each fruit, don't worry about swapping off!
The Logbook contains a lot of information about the world, be sure to check it.

❗Exploiting will ban you, do not exploit you will be caught❗

⮟CHECK BELOW FOR CODES⮟",RPG,Action RPG,mild,0,Top Trending | Top Playing Now | Top Earning | Most Popular,4,https://tr.rbxcdn.com/180DAY-e8be56b1ee5a200d9f496088c973de3f/512/512/Image/Png/noFilter,Eternal Pose,Group,34564085,10703,4480907,216391,186042,2031,10,2024-07-04T20:23:45.247Z,2026-09-07T03:46:32.3220975Z
4750561026,Cold War [WEATHER & MINIMAP],"A large-scale 80 player shooter set in an alternative history scenario where the cold war goes hot, engage in a fun simcade combat experience, fight among destructible environments, use realistic loadouts with unique weapons and features within them.

All scenarios and events depicted are fictional and do not represent real historical events.

Exploiting permanent bans, these can be appealed in the communications server, do not lie.
Exploiter association is bannable.

",Shooter,Deathmatch Shooter,moderate,0,Top Trending | Top Earning | Most Popular | Trending in Shooter,4,https://tr.rbxcdn.com/180DAY-f7fe24bbff93571755b42167e90461ca/512/512/Image/Png/noFilter,Grip Studios,Group,32519006,4902,31121335,189184,92215,16099,80,2023-06-08T10:28:14.25Z,2026-09-06T14:21:07.2648006Z
9878210988,Overhang,"Overhang is a difficult mountain climbing game centred around risky jumps and resource management. Checkpoints are sparse and one mistake can lose you all your progress.

You have 3 metal rods at your disposal to help you traverse the unforgiving terrain. You can restock these rods whenever you come across a restock box.

Press M / Y / △ to open the menu
Press V to unlock your mouse
Update logs can be found in-game

This game is currently in beta.
Overhang released on 23 Aug 2026",Obby & Platformer,,minimal,0,Top Trending | Most Popular | Trending in Obby & Platformer,3,https://tr.rbxcdn.com/180DAY-4312f193b81bd157a45197392ed80e3e/512/512/Image/Png/noFilter,fireman_888,User,462654460,1408,1975962,22966,8790,1884,20,2026-03-14T01:43:00.465Z,2026-09-06T23:35:18.2645732Z
5039839070,(ANNIVERSARY) Outcome Memories v0.2,"Outcome Memories is a EXE Fan game inspired by The Disaster, the gameplay has you playing as either a survivor or an executioner, where one side has to win by either escaping or eliminating those who stand
'Similar to many similar stories foretold before, trapped inside this so called ""void"" for eternity, the power of its own to reset itself over and over.. The fun will be endless.'

Most of the survivors here do not originate from any ""official"" timelines you'd think they come from but their own world with their own story to tell..
Characters all rightfully belong to SEGA / The Sonic Team, we are not affiliated with them.",Survival,1 vs All,moderate,0,Top Trending | Fun with Friends | Most Popular | Trending in Survival,4,https://tr.rbxcdn.com/180DAY-2298a1210fb5edb9e6d7150ff1b8cc5b/512/512/Image/Png/noFilter,Team Red Ring,Group,33304839,9432,340197870,509274,298956,39638,8,2023-08-29T02:55:35.917Z,2026-09-06T22:08:57.5582314Z
9656201728,Dungeon Lootr [⚔UPDATE 1],"⚔️ Hack & Slash Dungeon ARPG ⚔️

Plunge into randomly generated dungeons, master over 30+ unique classes, 
and fight your way to the boss and extract with your loot intact.

- 🎲 Spin for devastatingly powerful classes
- ⚔ Enter challenging dungeons for rare loot
- 📝 Experiment with a variety of stat builds
- 🔍 Optimize your builds for the fastest clear times
- 🎁 Play Boss Rush or Challenge Dungeon modes for big challenges
- 🕺💃 Emote & Hangout with friends!

Max Player Level: 100

Premium Plus Players: Earn +5% Player EXP & +10% Class EXP",RPG,,mild,0,Top Trending | Top Playing Now | Top Earning | Most Popular | Trending in RPG,5,https://tr.rbxcdn.com/180DAY-a864928595bf6e160dcc275af96f6237/512/512/Image/Png/noFilter,ClickBytes,Group,110427303,15572,12698042,62772,37360,1560,15,2026-01-31T23:35:17.687Z,2026-09-07T04:57:42.5969057Z
10624691669,MONOCHROME👁️,"!! This character was originally created by boisvert !!

early development, part two in the works, expect bugs

You wake up in a room with the exit sealed tight, in order to escape you'll have to navigate an abandoned network of corridors to retrieve four keys and one code .. but something's watching",Puzzle,Escape Room,mild,0,Top Trending | Up-and-Coming,2,https://tr.rbxcdn.com/180DAY-4409df8b507f2af7ac971b0903872201/512/512/Image/Png/noFilter,paramodal,User,11134900104,6572,2136684,14530,2702,373,50,2026-08-03T14:39:12.2Z,2026-08-31T05:48:38.235Z
7970033072, [🎉] The Veil,"""We can't fly, we can't walk on walls, we're weak we're only good at being eaten. And weaks can only make weak decisions.""

🔱 A horde-based PvE & PvP MMORPG inspired by Mazerunner, Made in Abyss, and Terraria (Calamity Mod) 🔱

> Dive into an enormous labyrinth festering with an unknown evil
> Collect a multitude of weapons and items with varying rarities
> Engage in the slaying of massive hordes
> Deal with the danger of outlaws who don't seek order, but chaos in PvP
> Complete the story questline and end the evil that plagues this world

A game developed by Blackstar Studios ⭐

Version: Beta v1.0.0
Available on all devices 🖥️📱🎮",RPG,Action RPG,mild,0,Top Trending,1,https://tr.rbxcdn.com/180DAY-e5ab0a19f54e326b44b356a26769eac2/512/512/Image/Png/noFilter,BlackstarDW Studios,Group,36025827,5965,608101,11244,35840,580,16,2025-06-22T03:10:42.267Z,2026-09-07T03:57:10.900523Z
7569509385,Amber Alert 3.0,"🚨 ▸ WARNING: This game contains flashing lights and jumpscares! 
🖥️📱🎮 ▸ Supports PC, Mobile & Console 
---------------------------------------------
For the best experience.
📈 Turn on max graphics.
🎧 Use Headphones
------------------
Controls:

C / B - Crouch
Shift / Lt - Run
Q / E - Peaking
F - Unlock mouse
------------------
3.0 update summary:

Brand new lobby
45 unique threats to try to survive
1990 house
Portals to legacy and 2.0 behind shop
Frequent patches and updates
Shifting towards a scarier feel
Custom night gamepass (control anything)
Peaking around corners to spot inmates
Tasks
New shop
New items and upgrades
Reworked some inmate models
Inmates can now enter through windows
Inmates can now hear you
Broadcaster now stalks you
------------------
Tags (Ignore): Horror, Scary, Survival, Multiplayer, Monster, Jumpscare, Inmates",Survival,,mild,0,Top Trending | Most Popular | Trending in Survival,3,https://tr.rbxcdn.com/180DAY-09504b62c9928363539fa69260fc3812/512/512/Image/Png/noFilter,TEZ Studios - Amber Alert,Group,35615779,5350,85828400,511230,106726,14467,25,2025-04-20T02:36:06.523Z,2026-09-02T22:35:51.918Z
10674300622,[UPDATE] The Locust's Manor,"You've woken up inside a mysterious house, can you unlock the door and escape?

(All characters are original creations of Doctor Nowhere)

NEW UPDATE:
- NEW GUILT MONSTER
- NEW ANIMATIONS
- NEW FOREST MAP
- BETTER ANIMATIONS
- LEADERBOARD TITLES
- Locust/Boiled/Guilt Ai improved
- Bug Fixes
And More! 

Like & Join Group For 2 FREE Revives!

(IF ANY BUGS ARE FOUND, USE OUR GROUP)

Owner/Developer: @briz_developer
Developer/Designer: @bunnychippy100.

[Formally Named ""The Locust""]",Survival,Escape,mild,0,Top Trending | Up-and-Coming | Most Popular | Trending in Survival,4,https://tr.rbxcdn.com/180DAY-5b34d2e5d3379437e4d158f7d77ccd15/512/512/Image/Png/noFilter,FunGames26,Group,980196229,4976,16835720,55075,14356,1468,50,2026-08-10T17:15:57.503Z,2026-09-07T01:23:58.7623053Z
6170143659,[UPD] Demonology🕯️,"🕯️Use the tools at your disposal to hunt down and identify the evil spirits haunting your jobsite!

👁️ For the best experience, play with max graphic settings!
🎵 Demonology's music is custom & copyright free, feel free to use it in videos!

⚠️ Disclaimer: This game contains loud noises, flashing lights, and visual elements that may trigger trypophobia or claustrophobia.

💝 Made with love by Blaqk Magic",Survival,,moderate,0,Top Trending | Most Popular | Trending in Survival,3,https://tr.rbxcdn.com/180DAY-74cdb66f1fa563f3e22362a9891c25d1/512/512/Image/Png/noFilter,Blaqk Magic Blue,Group,32847485,6631,847092422,1209808,341902,15680,30,2024-06-25T05:21:08.317Z,2026-09-04T21:52:47.214Z
9534705677,[NEW SNIPER] Sniper Arena,"Welcome to Sniper Arena — No mercy, only pure competitive gameplay.
Skins are cosmetic only with no stat bonuses. Use your sniper to eliminate your enemies!
Join Ranked matches and defeat other players to earn great rewards!

🔫 Eliminate enemies with your sniper!
🔑 Unlock more snipers!
📦 Open crates to get more skins!
🤑 Sell your skins on the market to earn CASH!
💵 Use CASH to unlock premium skins!
📈 Experience a real player-driven market — get awesome skins even without spending!

🎮 Available on Desktop, Phones, Tablets, XBOX, & PlayStation 5!
⭐ Premium players earn +20% in-match Credits!
👥 Play with friends to earn +20% in-match Credits!

Controls:
💻PC
LMB: Shoot
RMB: Aim
V: Inspect
Ctrl / C: Crouch & Slide

🎮Controller
R2: Shoot
L2: Aim
Y: Inspect

📱Mobile
Supports auto-lock

🚫 Cheating will result in a permanent ban. There are no second chances!",Shooter,Deathmatch Shooter,mild,0,Top Trending | Top Earning | Most Popular | Trending in Shooter,4,https://tr.rbxcdn.com/180DAY-efed7bdae5f234678ae3130bbb7e2823/512/512/Image/Png/noFilter,9D GAME CLUB,Group,241962998,8733,265206871,2260348,249683,22856,20,2026-01-10T05:55:56.67Z,2026-09-07T05:08:39.4602852Z
321778215,Royale🌺High,"♡ ☁️ Welcome to your magical dream world! ☁️ ♡

📣July 16th Update!📣
🌺 NEW items have shorelined in Queen Harmony's Treasure Shop! 🧜‍♀️
🪮 3 NEW Hairstyles - our first EVER to be animated with PHYSICS! With 8 new bangs by ReddieTheTeddy!!!
🎵 NEW Dorm Item: Dream Fountain Music Box! Wish from the luxury of your own dorm! ⛲
🔨 NEW Dorm Kick System! Grab the ""Ban Hammer"" and SWING! 💥 Works in C4, C3 Dorms, and Global Rooms!
💖 NEW Makeup, Design Fabrics, Hair Colors, and 2D Clothing!
🌊 HAPPY TIDALGLOW SUMMER EVERYONE!!!!!
⛲ New Tidalglow 2026 Halo, winnable at the fountain!!!🪼
🏰 New Castle Heart Suite Room Template!
🔁 You can now trade room templates! (just the room, not the design - more info in the update log in-game!)
🫧 The Castle Heart is in POOL SUMMER MODE!!!
💅 New Makeup, outfits, hair colors, and design fabrics!
🛠️ some bug squashing and fixes!!!

💌 If you enjoy the game, please give it a like! It means a lot! 💌",Roleplay & Avatar Sim,Dress Up,mild,0,Top Trending | Top Revisited | Top Earning | Most Popular | Trending in Roleplay & Avatar Sim | More When You Subscribe,6,https://tr.rbxcdn.com/180DAY-70261ea10395ff2b3e27f1d562ade61c/512/512/Image/Png/noFilter,callmehbob,User,29622,5713,10444677640,13316141,3257876,534820,12,2017-04-10T13:16:49.493Z,2026-09-06T16:33:21.6955515Z
7613921865,Anime Expeditions [Summer Siege🎣],"Welcome to Anime Expeditions! 🧭

🌟 Heroes from across the anime universe have banded together for the expedition of a lifetime, venturing into unknown lands filled with danger at every turn! Will you answer the call and help guide them to victory? 🌟

⚔️ Summon powerful units from your favorite anime universes!
🔥 Level Up, Evolve, and unlock devastating new abilities!
🗺️ Explore multiple Expeditions and game modes packed with challenges!
👥 Team up with friends to take down waves of enemies and towering bosses!

💠 Will you lead your team through every Expedition and become the strongest defender across all worlds?",Strategy,Tower Defense,minimal,0,Top Trending | Top Playing Now | Top Revisited | Top Earning | Most Popular | Trending in Strategy,6,https://tr.rbxcdn.com/180DAY-0c876ba9dabb88fea4898b47a7cb8d52/512/512/Image/Png/noFilter,Expeditions Entertainment,Group,35929511,22384,764149222,207275,265846,11379,24,2025-04-28T17:56:58.9Z,2026-09-05T21:52:15.6075145Z
3730079862,Examination,"!! This game is a heavy WIP and just a passion project, so expect bugs and non-final content. !!
""You are going nowhere but to hell... I hope you like it there.""

Examination is a PvE horror shooter, where you're tasked to clear a highly irradiated nuclear facility that's turned into a laboratory following the ""WE-30"" outbreak, an infection that's taken the whole city of Menlo by storm. 
You're one of the later waves sent to the facility. What fate has befallen to the earlier waves is unknown. Don't become one of them.

Things to note:
7+ graphics are recommended.
Best played on a private server
The controls are laid out on the screen at the class lockers
The game is challenging and you are expected to falter in the beginning, don't give up!

Rules & Credits - https://devforum.roblox.com/t/examination-rules-credits/3809900",Shooter,PvE Shooter,moderate,0,Top Trending | Fun with Friends | Top Revisited | Most Popular | Trending in Shooter,5,https://tr.rbxcdn.com/180DAY-e668084f8e7e7980b9aa9b3923e3fc11/512/512/Image/Png/noFilter,{MENLO-INFANTRY-DIVISION},Group,34159688,5167,44247537,431898,138955,11501,20,2022-07-09T09:48:52.13Z,2026-09-06T22:23:01.664673Z
5578556129,Anime Vanguards: Holy Retribution,"Welcome To Anime Vanguards! 

✨ All the worlds and universes need your help! An event has caused multiple worlds to collide. Summon units to fight these enemies and save these worlds and embark on a thrilling journey to become the strongest! ✨

🚀 Summon units to fend off enemies! 
🤩 Level Up and Evolve units to strengthen them for more battles to come! 
🔥 Play with your friends to fend off enemies in multiple game modes!
",Strategy,Tower Defense,minimal,0,Top Trending | Top Playing Now | Top Revisited | Top Earning | Top Rated | Most Popular | Trending in Strategy,7,https://tr.rbxcdn.com/180DAY-31148a6446e3261000387cf3c62d4dff/512/512/Image/Png/noFilter,Kitawari,Group,17219742,18643,2034382657,1988196,2584133,87208,24,2024-01-28T07:09:39.507Z,2026-09-06T17:00:30.3773487Z
10336278580,[💎] Sell Ores ⛏️,"Welcome to Sell Ores!

- 🎁Use Code: RELEASE, EXPANSION

- 💎Place and Mine ores
- 🤖Upgrade your drones and expand your base
- 💰Sell your ores for money


You won't get kicked for being AFK!

Remember, your base earns offline!
Join Discord Group for Codes!",Simulation,Incremental Simulator,minimal,0,Top Trending | Top Playing Now | Top Earning | Most Popular | Trending in Simulation,5,https://tr.rbxcdn.com/180DAY-dd6190b59fdb45250097eeb86556639e/512/512/Image/Png/noFilter,The Ore Drillers,Group,918026845,15598,21989166,651885,201985,2080,6,2026-06-16T03:52:35.427Z,2026-09-07T04:22:18.3828242Z
10628907188,Stream A Cheese Pull!,"📸 Stream 🧀 Cheese Pull! ⚒️ Expand

📸 Stream cheese pulls
📈 Expand your business
🎨 Decorate your setup
⭐️ Become famous!

🤫 Use code ""FirstCodeEver"" in the Store for a free Blue Cheese Crate 📦

👍 Like the game & join our group for in-game rewards
🔔 Turn on notifications for future updates!",Simulation,Tycoon,minimal,0,Top Trending | Up-and-Coming | Most Popular | Trending in Simulation,4,https://tr.rbxcdn.com/180DAY-01900924566324542efb32e91fefe08f/512/512/Image/Png/noFilter,Cheesy Situation,Group,1013100488,9736,15254876,397803,27853,4015,6,2026-08-04T09:27:25.773Z,2026-09-06T21:19:45.8698866Z
9978329815,Mukbang Game [Testing] 🍩🥟🍵!,"Have a yummers experience at Mukbang Corner!
Where you are able to record your mukbangs and ASMR in Roblox!

Features:
- Gluttony
- Camera controllers
- ASMR
- Chair adjustments
- Collab mukbang
- Cats 😺😺
- Apartments
- Many seating areas to blog!
- And many more upcoming ideas that'll come in my mind :)


This game is the perfect place if you can't eat the food you dream of which is why Mukbang Corner is here to make your cravings 100x more worse!
(or better...)

Expect bugs in this game as this game is under Testing or Beta

Thank you very munchers :) 💛💛",,,minimal,0,Top Trending | Top Playing Now | Fun with Friends | Most Popular,4,https://tr.rbxcdn.com/180DAY-ab1968923b35b0b967aa2373d47c42b6/512/512/Image/Png/noFilter,sorynn22,User,10095844386,19370,434670370,954383,267677,20030,25,2026-04-02T17:40:56.404Z,2026-09-06T02:12:14.7549314Z
9051406594,[💎UPD] Dueling Grounds ⚔️ ,"⚔️ Fast-paced PvP fighting game where you fight with various weapons to become the strongest. Claim your place at the top!

The game is Available on PC, Mobile and Console

PC CONTROLS (You can change them in settings)

M1 / M2 - Light / Heavy Attack
F - Parry / (Hold) Block
Q or Shift - Dodge
M3 or T - Lock to Enemy
Ctrl - Mouse Lock / Unlock
Space - Jump
R - Ultimate",Action,Battlegrounds & Fighting,moderate,0,Top Trending | Top Rated | Trending in Action,3,https://tr.rbxcdn.com/180DAY-1776e3a48488916ff731d54df796dae4/512/512/Image/Png/noFilter,Dueling Grounds,Group,35562865,9875,325490923,6385192,1835202,68346,14,2025-10-28T12:34:05.71Z,2026-09-06T21:08:04.3185291Z
184199275,[🏈EVENT] NFL Universe Football,"Welcome to NFL Universe Football, the top football experience on Roblox!

🏈 Play for any of your favorite 32 NFL teams
🧢 Get your hands on exclusive NFL items
🏆 Compete in thrilling football games with friends
🎉 Celebrate big plays with solo & team touchdown celebrations
🏅 Show off your skills by increasing your OVR
👬 Connect with a passionate community of football fans

❗Latest Update❗
• 2026 NFL KICK OFF EVENT!
• BLACKOUT BLITZ • SEASON 8
• UPDATED NFL UNIFORMS & PARK IMPROVEMENTS!
• FIRST DOWN ANIMATIONS!
• Skill Based Matchmaking (Park)
• NEW NFL Team Merch
• All 32 NFL teams
• All 32 NFL stadiums

❗ Stay updated by clicking FOLLOW! On phone or tablet? Tap the 🔔!
🔔 Join our community server for updates on the game!
💰 Roblox Premium players get 25% MORE coins!
🍒 Join https://www.roblox.com/groups/2894777 for 25% MORE coins!

Formerly known as Ultimate Football

Tags: Football, NFL, Touchdown, Sports",Sports & Racing,Sports,minimal,0,Top Trending | Trending in Sports & Racing | More When You Subscribe,3,https://tr.rbxcdn.com/180DAY-03d2fab74c606f4635bde0f4209a528a/512/512/Image/Png/noFilter,NFL Universe Football by Voldex,Group,2894777,9937,971532054,1889413,557473,61030,12,2018-09-12T00:25:49.94Z,2026-09-04T20:25:46.486Z
10685282333,Ball VS Ball,"🎱 Welcome to Ball VS Ball!

👍 Like the game and join the group for free rewards!

How to Play:
⚔️ Enter the arena and fight other players
🎲 Balls appear randomly — pick the one you want
🔄 Bad roll? Reroll your ball mid-battle!
💰 Win battles to earn coins
🛒 Unlock new balls in the shop and collect them all!

🏆 Every ball is different. Can your ball be the last one standing?",Party & Casual,,minimal,0,Top Trending | Up-and-Coming | Fun with Friends | Trending in Party & Casual,4,https://tr.rbxcdn.com/180DAY-3c959d7d419b798399d43357cd9b8c00/512/512/Image/Png/noFilter,ATYS 3,Group,1034205759,6645,6535899,16392,22433,3724,25,2026-08-12T02:57:56.96Z,2026-09-07T03:01:02.0614157Z
9561553764,Murder Duels,"⚡ NEW BUNDLES - HEART KEEPER & ENERGY!

Welcome to Murder Duels! A fast paced first-person dueling game, supporting 1v1s up to 4v4s.

🏆 Step on a pad to begin a duel. First to 5 wins.
🔪 You get two weapons in every duel, a knife & revolver. 
🔥 Both weapons have a set of unique abilities to make you stronger.
🎯 Unlock new knife & revolver skins as you progress.
💸 Trade skins with other players.

⚠️ This game is currently in beta. Expect changes!
🚨 Cheaters will be permanently banned. We do not appeal bans.
",Shooter,Deathmatch Shooter,mild,0,Top Trending | Top Playing Now | Top Earning | Most Popular | Trending in Shooter,5,https://tr.rbxcdn.com/180DAY-1f774623b34ed0d7ccf77c93902f0846/512/512/Image/Png/noFilter,Breakfast,Group,43252617,10678,196095658,175205,217035,13509,50,2026-01-14T22:16:21.543Z,2026-09-07T01:10:11.1933749Z
10275970697,💥Global Anarchy [Early Access],"Global Anarchy is an arcadey modern warfare FPS!

💥 Intense FPS combat
🎯 Earn XP by eliminating players and completing objectives
📈 Unlock perks, guns, grenades, and killstreaks as you level up
🔫 Progress individual weapons with attachments, proficiencies, and skins
🔥  Can you dominate the battlefield?!

💖 If you enjoyed the game, please leave a 👍 like! It helps us out a ton! 💫
🖥️ This game is heavily under development

Disclaimer:
The use of external software that can manipulate the game, such as cheats, hacks, or other third-party software, is strictly prohibited. This includes Bloxstrap. These actions undermine the integrity of the game, give an unfair advantage, and negatively impact the experience for other players. If we detect the use of any unauthorized software, it will result in an immediate, permanent, and unappealable ban from the game.",Shooter,Deathmatch Shooter,moderate,0,Top Trending | Trending in Shooter,2,https://tr.rbxcdn.com/180DAY-cbd96635387bc80f1637d31ccba0a7e5/512/512/Image/Png/noFilter,C:\Games\,Group,3441839,529,29460644,206889,29234,5142,12,2026-06-05T16:35:04.599Z,2026-08-23T04:42:05.609Z
6275120808,[ALCHEMIST RELEASE] Jump Showdown,"""i'm getting jumped in jump showdown"" 

Clash with all your favorite (or not) characters in this battlegrounds game.

This experience works on all devices (CONSOLE, PC, MOBILE).
Please consider liking and supporting this experience so updates come out faster!

Scripter / UI Designer - @SolidSounds
Scripters - @Fw_Yuki, @trampolinebody, @erykos05, @miscoIor, @DaDarknet, @Sweebys
Main Animators - @precisionOfPlayer, @Binx_zz,  @mis9rable, @Vensoul
Main VFX Designers - @Arc_Devs, @GunSon76
Main SFX Designers - @boostedbonkers, @hyrumdevv, @turningtheclockback
+ Many more",Action,Battlegrounds & Fighting,mild,0,Top Trending | Fun with Friends | Most Popular | Trending in Action,4,https://tr.rbxcdn.com/180DAY-561b14e740d59227db7f6a1436fbdb63/512/512/Image/Png/noFilter,Jimpee’s Cabin,Group,14636287,2384,265834305,381095,242624,70612,16,2024-07-16T16:59:55.537Z,2026-09-06T22:06:06.7300962Z
7436755782,[🌱] Grow a Garden 🌶️,"🍅Welcome to Grow a Garden🍅

Are you ready to grow your very own garden? Buy seeds from the shop when they restock, plant them, wait for them to grow, and collect the profits! Flex fruits and finds on friends, and have fun!

[How To Plant]
• Equip your seed you want to plant!
• Click in your farm on the brown plots to plant!
• Wait to see it start growing!
• After its fully grown, it is time to harvest the goods!

Remember, your garden literally grows while you are offline⭐",Simulation,Tycoon,minimal,0,Top Trending | Top Playing Now | Top Earning | Most Popular | Trending in Simulation,5,https://tr.rbxcdn.com/180DAY-99a131bf1872e6a7fbd469a5d00926af/512/512/Image/Png/noFilter,The Garden Game,Group,35789249,25485,35894168921,11396803,9417407,1052849,4,2025-03-25T22:32:09.437Z,2026-09-05T22:42:36.77045Z
10761200080,Needle In A Haystack,"Find The Needle In The Haystack

Search for the Needle and solve the mystery.",Simulation,Incremental Simulator,minimal,0,Top Trending | Up-and-Coming,2,https://tr.rbxcdn.com/180DAY-ec677b7fb3cb594ec5ed17058f3bf8de/512/512/Image/Png/noFilter,DomBlox Games,Group,711013993,3323,1461985,8924,17307,1442,20,2026-08-25T15:33:57.526Z,2026-09-06T12:36:24.2956458Z
9908641400,Football Fusion 3,"🏈 Jump right into realistic football with deep mechanics and teamwork!

🎮 Private server owners get admin with full permissions

✅ RULES: No cheating, stat boosting, or trolling

LEGAL: This is a generic copyright-free experience that bares no intentional resemblance to any other league or trademark. If you want those then play the other game.",Sports & Racing,Sports,minimal,0,Top Trending | Fun with Friends | Trending in Sports & Racing,3,https://tr.rbxcdn.com/180DAY-cc8ac903f2c19b0a6e4cdca7b98e07e1/512/512/Image/Png/noFilter,XSTNS GAMES,Group,5121874,3778,62802979,51325,31604,7040,14,2026-03-20T02:31:12.358Z,2026-08-25T02:30:50.812Z
10455462279,[🟣MANIPULITY + x2]🚪Survive Verity in Area 51🔦,"💰 x2 COINS WEEKEND

🚪 Can YOU survive VERITY in Area 51? 🔦

🗺️ Explore Area 51 and the BACKROOMS! 🗺️
🔫 FIGHT VERITY with your WEAPONS! 🔫
🔎 Find ITEMS to help you SURVIVE! 🔍
🌟 Team up with FRIENDS and CLOSE ONES! 🌟

👍 LIKE and FAVORITE if you enjoyed! 🌟
❤️ Join our GROUP to stay updated! ❤️",Survival,,mild,0,Top Trending | Trending in Survival,2,https://tr.rbxcdn.com/180DAY-fe23622aba2bf4fc631fe09c3c27614d/512/512/Image/Png/noFilter,Mochi Productions!,Group,478119907,5427,44161576,1880773,15406,4703,12,2026-07-06T02:30:15.017Z,2026-09-07T01:28:46.1044426Z
7633926880,[UPDATE!] BloxStrike,"BloxStrike is a fast-paced, competitive 5v5 shooter where strategy, aim, and teamwork decide the outcome. Battle across detailed maps in intense round-based combat. Eliminate opponents, plant or defuse the objective, and outplay the enemy team.

Earn cash each round by performing well—then spend them on a wide arsenal of weapons, utility, and gear to gain the upper hand in future rounds.

Featuring an evolving weapon skin economy, unique gameplay, and regular updates, BloxStrike delivers a next-generation FPS experience—built from the ground up for Roblox.

💥 Tactical shooter gameplay inspired by the classics
🧠 Every decision counts—buy wisely, aim true, and play smart
🎨 Deep cosmetic system with rare skins, patterns, and wear

This is just the beginning. Join now and help shape the future of BloxStrike.",Shooter,Deathmatch Shooter,mild,0,Top Trending | Top Earning | Most Popular | Trending in Shooter,4,https://tr.rbxcdn.com/180DAY-0697d07ae00f491956112642d642b113/512/512/Image/Png/noFilter,BloxStrike,Group,33751825,4576,258252256,756095,584033,31894,14,2025-05-02T20:39:54.717Z,2026-09-07T02:45:13.605244Z
10529067596,⛳ Hit a Golf Ball,"Hit the golf ball and send it as far as possible! ⛳

Upgrade your power, unlock new clubs, and beat your distance record!
",Simulation,Incremental Simulator,minimal,0,Top Trending | Most Popular,2,https://tr.rbxcdn.com/180DAY-a1ecfde9c76c55ebcbfd482dcdf07953/512/512/Image/Png/noFilter,Tiny Loop,Group,374427578,3503,6700921,231536,9385,1158,10,2026-07-19T07:07:46.093Z,2026-09-05T18:02:44.1599059Z
10577588270,🦸 +1 Superhero Evolution,"🦸 Become the greatest Superhero! Train your power, defeat powerful enemies, and unlock legendary heroes as you grow stronger!

🖱️ Click to gain +1 Power!
💥 More Power = Stronger Attacks!
🦸 Unlock new Superheroes as you progress!
⚔️ Defeat enemies to unlock new worlds!
🏆 Earn Wins and climb the leaderboards!
🥚 Hatch pets for powerful boosts!
🔄 Rebirth to become even stronger!

👍 Like and ⭐ Favorite the game to support future updates!",Simulation,Incremental Simulator,mild,0,Top Trending | Top Playing Now | Top Earning | Trending in Simulation,4,https://tr.rbxcdn.com/180DAY-e3871166a594389eb0eecc3e4a03e7ad/512/512/Image/Png/noFilter,Giggity Goo Games,Group,680513873,15358,19002502,596086,86525,1830,12,2026-07-27T07:54:28.451Z,2026-09-06T16:59:14.3191347Z
10759337137,Last Stop [Beta],"Like and favorite the game, it motivates us to push better updates!

Build up your bus, scavenge abandoned buildings for loot, sell what you find, gear up with powerful weapons and fight through waves of zombies, dangerous bosses and whatever else is waiting down the road.

How far can you make it... and will you reach the Last Stop?

[Controls]
Click - grab action/shoot
Z - place Build/attach
E - Equip (or use item)
Q - Drop item
R - Reload gun
TAB - Inventory
Y - Inspect",Survival,,mild,0,Top Trending | Up-and-Coming | Top Playing Now | Trending in Survival,4,https://tr.rbxcdn.com/180DAY-1cc6ce5284452f43862d7045f9ca440b/512/512/Image/Png/noFilter,The Hidden Route,Group,1040745973,11601,4336022,40735,14204,748,25,2026-08-24T15:58:02.976Z,2026-09-06T00:28:47.5141411Z
6760085372,[♾️INFINITE VOID] Jujutsu: Zero,"⚔️ [Welcome to Jujutsu: Zero]
Roam the vast world of jujutsu, discover valuable cursed objects and hone your cursed techniques to the top. Defeat cursed spirits, sorcerers and alike as you progress.

♾️[BETA UPDATE - DOMAIN AWAKENED LIMITLESS]
- NEW DOMAIN Expansion for Awakened Limitless
  - 0.2s Infinite Void
  - Full Infinite Void
- NEW Passive: Six Eyes
  - Two variants
- NEW Raid: Strongest of Today
- Level Cap increased to 12.5k
- Progression Quests added (Lvl 3k → 4k)
- Inventory Gear Sorting + Search added
- QOL, Bug Fixes and More!

Code: INFINITEVOID for 1000 Cursed Crystals, 10000 Lumens, and 50 Clan Rolls

⭐ WEEKENDS: X2 CLANS & 30% LUCK!
👍 [LIKE CODES]
210KLIKES for 3.5k Lumens, 300 Crystals, and 35 Clan R. NEXT CODE AT 210K LIKES

🔑 [GROUP]
Join the group for FUTURE PERKS: https://www.roblox.com/communities/35150553

⚠️[FAQ] This is a BETA of the game, data will not reset. Please note that bugs are EXPECTED due to this being a beta.
❓[Devices] Available for all devices!",RPG,Action RPG,mild,0,Top Trending | Top Earning | Trending in RPG,3,https://tr.rbxcdn.com/180DAY-35269e3433db5d2e9fb794d503168d82/512/512/Image/Png/noFilter,Studio Resonance,Group,35150553,6907,116640873,197364,214537,10367,14,2024-11-04T17:58:40.07Z,2026-09-06T17:59:45.1887304Z
5026122481,Death in the Box,"Survive until the end of this thrilling blend of luck and strategy where you compete against up to 15 other players. Outplay your opponents with many different cards and events that makes each round feel new and unique!

💰 Join the group for a 15% cash bonus! 💰
Premium benefits: 25% cash bonus!

🚧THIS GAME IS STILL IN DEVELOPMENT🚧
Please report any bugs or issues in the community forums!

View voice chat only servers here:
https://www.roblox.com/games/124732217590542

This experience contains content that some players might find disturbing — check the in-game settings!",Survival,,moderate,0,Top Trending | Trending in Survival,2,https://tr.rbxcdn.com/180DAY-ee6f7daaeb2b2920ab51f3b3cda8063e/512/512/Image/Png/noFilter,ARK-ADE,Group,14080716,3375,255118822,860154,158289,16139,50,2023-08-25T14:58:04.987Z,2026-09-06T11:39:57.3437416Z
3723249491,🚜UPD | Carolina Leaners,"Carolina Leaners is a truck game where you can customize real life trucks to their fullest extent. From big lifted trucks to low race trucks, the opportunities are endless.

Next code at 12,500 Likes

Codes are released in the community every week! 

Controls:
Lights - L or B/Circle
Indicators/Hazards - Z/C/X or DPad Left/Right/Hold Down
4x4 - G or DPad Up
Shift Up/Down - E/Q or X/Y
Trans Mode - M or Tap DPad Down
TCS/ABS - T/Y or Hold DPad Left/Right
Handbrake - P or LB/L1
Horn - H
Engine On/Off - F or L3
Freecam Shift+P

Carolina Leaners is still in progress so there may be bugs, if you find any feel free to report them!",Simulation,Vehicle Sim,minimal,0,Top Trending | Top Earning | Most Popular | Trending in Simulation,4,https://tr.rbxcdn.com/180DAY-0499d51e286de039ce16f088177ee8a2/512/512/Image/Png/noFilter,Official Carolina Leaners,Group,15286501,4225,6347065,33533,14327,1733,12,2022-07-07T01:46:40.067Z,2026-09-06T14:23:28.3466391Z
9911988958,[SOUL] Spin a Fem! 🎲,"🎲 Welcome to Spin a Fem!

HOW TO PLAY:
1. 🎲 ROLL to unlock Fems!
2. 💸 Place your Fems on your plot to generate money!
3. 🐾 Unlock pets to increase your luck!
4. 🔁 Rebirth for OP Permanent Boosts!

💲 Remember, your fems earn money even while you're offline!

made with ❤️ by C&L
fits by marikanoe. ",Simulation,Tycoon,minimal,0,Top Trending | Top Earning | Most Popular | Trending in Simulation,4,https://tr.rbxcdn.com/180DAY-908d30d25d83b12bc92d8813b8c9198e/512/512/Image/Png/noFilter,Pinkheart Games,Group,1005157018,3667,21291416,130584,159010,8167,8,2026-03-20T18:26:11.76Z,2026-09-06T21:24:44.7206999Z
7115773109,Weird Gun Game,"🔫 WELCOME TO WEIRD GUN GAME! 🔫
Forge chaotic creations by fusing gun parts from different weapons and dominate the arena with the weirdest loadouts imaginable!

🛠️ BUILD-UR-GUN!!🛠️
🔧 Click on any part and scroll your mouse wheel to swap barrels, stocks, scopes, and more!
💡 Create cursed combos or meta-breaking monsters it’s your call!

🔥 MASTER THE BATTLEFIELD 🗺️
⚔️ Outgun, outbuild, and outwit your opponents with custom builds!
🎯Sharpen your aim, exploit movement tech, and take control of the fight!
💰 Earn rewards and unlock powerful items and cosmetics as you play!

💖: Credits: Freepik, Textstudio, Charlotte Pollock
🎯 Weird Guns, Gunfight, FPS, Camos, Customization, Fast, Action, Paintball, Chaos",Shooter,Deathmatch Shooter,mild,0,Top Trending | Trending in Shooter,2,https://tr.rbxcdn.com/180DAY-74ee7412ed3c17ed345d294590720f96/512/512/Image/Png/noFilter,Redscape Interactive Projects,Group,35232296,1180,276817608,1017417,630321,36518,24,2025-01-20T06:49:45.09Z,2026-08-29T15:53:57.292Z
9162763535,Encounters SMASH Battles,"This game is NOT A COPY. It is a remake by the original creator for you to encounter countless abilities and champions (again) in this exciting fighting arena!
❤️ enjoy ;) - jack and don

🏆Climb the ranks in duels
⚔️ Dive into a chaotic free-for-all
👥 Custom matches with friends
💎 Use gems to summon the coolest champions and skins - 2x gem weekends!
🎁 Unlock flashy cosmetics from crates
💥 Smash your enemies off the map and be the strongest!

special thanks to: @ImBadAt_Arts (anims), @lilo_creator (models), @VlprioN1 (vfx), @boin315 (sfx), @AulCBR (faces), @Evaekoo (faces)

special thanks to these groups: Crazay Hair (hair models), Erase Your Social (hair models), angelvamp (hair models)

Any form of cheating or glitch abuse is punishable and unappealable. DO NOT ATTEMPT. Issues can be submitted through our community server.",Action,Battlegrounds & Fighting,mild,0,Top Trending | Trending in Action,2,https://tr.rbxcdn.com/180DAY-e1b6b1e8379a9523048a7f51a07cc9a0/512/512/Image/Png/noFilter,Alpha Engine 2,Group,13237081,4213,55515425,68738,18543,5387,24,2025-11-14T00:24:04.937Z,2026-09-07T05:05:37.5154659Z
4987856151,Wanted [🏍️UPDATE],"💰 Live life as a daring bank robber or fight criminals and bring justice to Oasis City. 

Randy's Motorshop is now open!

🏍️4 new motorcycles!
🌅 New sunrise and sunset lighting!
🌵 New motorcycle shop and badlands rework!

See the patch notes in-game for a full list of changes!

Earn cash and complete missions to unlock faster cars, stronger weapons, and a bigger base. Crimes increase your wanted level and put a bounty on your head.

Will you uncover the secrets of the Oasis?",Action,Open World Action,mild,0,Top Trending | Fun with Friends | Top Earning | Trending in Action,4,https://tr.rbxcdn.com/180DAY-d5bada59580658acf98a269543543597/512/512/Image/Png/noFilter,DevvGames,Group,4856485,7049,108732411,461989,339401,10697,30,2023-08-14T22:09:22.64Z,2026-09-05T20:46:42.486442Z
9294074907,[FPS] One Tap,"Boom Headshot!

One Tap is a fast-paced FPS sniper FFA arena, no teams, just pure chaos! 

🎯 One-shot snipers
🔫 Two-Shot Secondaries (One to the head)
🔪 Melee Weapons
🏆 Streaks, trick shots, clean kills and more!

🔓 Progress & Customization

-Unlock 70+ weapon skins (more coming soon)
-Roll cases to earn rare & limited cosmetics
-Equip kill effects, name tags, and skins
-Earn rewards from levels, daily, and quests

🎮 Platform Support

PC 💻 | Mobile 📱 | Tablet | Console 🎮
(Xbox & PlayStation supported)

👍 Enjoying the game?
Leave a thumbs-up, it helps a lot!

⚠️ NOTICE:
Cheating, exploiting, or farming with alts will result in a permanent ban. No appeals.",Shooter,Deathmatch Shooter,mild,0,Top Trending | Top Playing Now | Most Popular | Trending in Shooter,4,https://tr.rbxcdn.com/180DAY-00155b28dc7219013f3365f5def385ef/512/512/Image/Png/noFilter,Stringless Banjo,Group,1047647644,14976,492914156,548411,195209,26480,8,2025-12-04T00:44:19.27Z,2026-09-06T03:44:04.5436894Z
10598641427,WEST WOOD: REMAKE [BETA],"Far away, stuck out in the Canadian wilderness of Alberta, in the isolated town of Westwood. 
You find yourself and the people around you, fending for your lives. 
Gather, Run, Outsmart, It's all you got.

Current Version: Post-Release Patch

[BETA RELEASE, EXPECT BUGS AND INCOMPLETED MECHANICS AND FEATURES]",Survival,,moderate,0,Top Trending | Up-and-Coming | Fun with Friends | Trending in Survival,4,https://tr.rbxcdn.com/180DAY-fb5003839209dc3a6c6f47f87bc55ae4/512/512/Image/Png/noFilter,West Wood Group,Group,34677679,1929,3208815,72354,12960,996,12,2026-07-30T16:13:54.453Z,2026-08-24T21:02:57.528Z
10694025593,[HARD MODE] Journey to the Watchtower,"The Watchtower is waiting.

Cross the desert, survive the deadly light, and make it farther with every attempt.

⚡ Survive the Watchtower’s attacks
🌀 Roll powerful Spirits & Sins
📈 Upgrade your stamina, speed, and Insanity gain
♻️ Rebirth to become permanently stronger
🏆 Reach the Watchtower

Every death makes the next journey easier. How far can you make it?",Simulation,Incremental Simulator,mild,0,Top Trending | Up-and-Coming | Trending in Simulation,3,https://tr.rbxcdn.com/180DAY-a893a8a0d10842a556f2fb7adb323bcd/512/512/Image/Png/noFilter,Brian's Youtube Gang,Group,13099003,1020,468948,18769,12379,975,15,2026-08-13T08:07:14.817Z,2026-09-07T01:13:02.683301Z
10643795368,Idle Mafia Game,"Start from nothing and become the most powerful mafia boss in this 2D mafia game inspired by the game Mafia Wars from 2009. There is one persistent map and the game moves 24/7. Your properties keep earning while you sleep, your crew keeps defending your turf, and rival Families keep plotting.

💰 Do jobs to earn cash and level up
🏢 Invest in properties that pay you money passively
🔫 Attack other players and steal their cash
🤝 Hire henchmen and equip them with weapons, armor, and vehicles
👥 Join a Family, go to war, and take over the map
🏆 Earn trophies and climb the leaderboards",Simulation,Incremental Simulator,minimal,0,Top Trending | Up-and-Coming | Top Earning | Most Popular | Trending in Simulation,5,https://tr.rbxcdn.com/180DAY-65d63128506d5a0796cd556e65b41d17/512/512/Image/Png/noFilter,Stacks of Cash,Group,674050067,6469,2761218,26931,12595,1649,15,2026-08-06T20:33:24.54Z,2026-09-06T19:24:35.9348351Z
9662130710,[🔥UPD] Phonk Slap 🎵,"🎵 Welcome to Phonk Slap 🎵

Slap players off the map and trigger hype edits!

🎬 Slap & Edit: Every slap triggers a phonk edit!

💜 Aura: Slap players, earn Aura, and unlock rare gloves & cosmetics.

🌀 Abilities: Each glove has a unique game-changing power.

⚠️ Hackers and bug exploiters will be banned (no appeals).

🎮 Controls: Click / R2 to slap • E / R1 for ability.

🎁 Codes: 250KVISITS ,500KVISITS and 3KLIKES 

Inspired by Slap Battles",Action,Battlegrounds & Fighting,mild,0,Top Trending | Fun with Friends | Trending in Action,3,https://tr.rbxcdn.com/180DAY-d2355a29effc0f3a83ee0dc9c8995276/512/512/Image/Png/noFilter,Falling Towards Success,Group,7081325,2314,5842843,203500,43482,3680,24,2026-02-01T20:07:08.697Z,2026-09-06T13:40:16.9473539Z
9910245722,Iron Soul: Dungeon,"Dragons and men fought side by side. Then the world broke - scattered into floating isles, swarmed by dark creatures born from an ancient seal.

⚔️ Dynamic combat - Face creatures crawling from the depths; each defeat drops rare materials.

🔥 Skill Tree - Unlock and upgrade your own path. Choose abilities that fit your playstyle - become a relentless attacker, a forge master, or a survivor built to last.

🗺️ Dungeons - Venture into lost lands: dragon tombs, ancient battlefields, and ruins swallowed by time. Clear out the lingering darkness for greater rewards.

⚒️ Crafting loop - Gather, forge, upgrade. Every new weapon changes how you fight.

The world is broken. 
Build your legend - one skill, one strike, one blade at a time.

Cheating/Exploiting will result in PERMANENT BAN. ",RPG,Action RPG,mild,0,Top Trending | Top Earning | Top Rated | Trending in RPG,4,https://tr.rbxcdn.com/180DAY-9f3937d807b20e7fa39828573229f4f0/512/512/Image/Png/noFilter,Iron Soul,Group,559846885,8209,289583568,1174935,475625,8649,16,2026-03-20T11:01:02.856Z,2026-09-04T13:03:01.74Z
10604772590,Build Base to Survive VERITY,"Welcome to Build Base to Survive VERITY.. 🛠

🔨 Build anything you want to survive VERITY
💥 Use Turrets and Guns to defend yourself!
😊 Invite friends to build together on your base!
💾 Buildings autosaves

😈 VERITY COMES OUT AT NIGHT... WILL YOU SURVIVE HIM?

👍 Like the game for more updates! Credits to ThatMob 💞",Strategy,Tower Defense,mild,0,Top Trending | Fun with Friends,2,https://tr.rbxcdn.com/180DAY-83ba88ee89908248736f8b1bfd9f5dda/512/512/Image/Png/noFilter,Danvd's Larpductions,Group,1040399903,6623,16395968,31790,18268,2646,6,2026-07-31T16:39:25.135Z,2026-09-07T02:30:32.9299915Z
10090256806,TTK Testing [HARDPOINT],"TTK was nominated for Best New Experience, Best Shooter Experience, and Best Use of Tech. Thank you all for getting us here!

Press P to go into Helmetcam!
Want better visibility through optics? Try ""Transparent Optics"" in Settings to simulate both eyes open!

PC, mobile, Xbox, PS5, we're focusing on maximum compatibility right out of the gate.

<<This game is intended for co-op PVE squad AI mechanics, storybased doorkicker scenarios/missions, and team-based PVP modes. It is currently just a FFA while we test random stuff. The algo found us too early so we apologize for obvious issues.>>

https://devforum.roblox.com/t/ttk-our-very-early-tactical-fps/4664539

Controls
Fire: M1
Aim: M2
Crouch: C
Lean left / right: Q / E
Swap weapon: Number

LEAD DEVS: PoptartNoahh, CanyonJack",Shooter,Deathmatch Shooter,moderate,0,Top Trending | Trending in Shooter,2,https://tr.rbxcdn.com/180DAY-de9f3769613792502b783af16dbf3056/512/512/Image/Png/noFilter,Sable Digital,Group,7358272,1294,39224095,532868,160048,14434,10,2026-04-27T03:09:10.77Z,2026-09-07T04:38:49.3664977Z
7265339759,REDLINER [⚡UZI],"Roblox Plus players earn +50% Yen.

A fast-paced FPS game that combines swordplay, gunplay, and parrying, with an in-depth movement system.
There is no speed limit.

Controls
[LMB] - Melee
[Q] - Gun
[F] - Parry (You can parry bullets)
[RMB] - Grapple
[SHIFT] - Dash
[CTRL] - Slide
[SPACE] - Wallrun (Against a wall)
All keybinds are changeable.

Credits : qitadel (main dev), reverity (skins), anti- (skins) dere1235 (art), lunaticyz (ffa map), asciimynetzach (2v2 map)

Music Credits: asc, SKYLINE, Inverted Variable, beansclub, Exodia, Sadance, Zhnoi, doc, s4turnine, parallel21, seawansia, violetsky
All ingame music were featured with permission from their respective owners.",Shooter,Deathmatch Shooter,mild,0,Top Trending | Trending in Shooter,2,https://tr.rbxcdn.com/180DAY-584d516c4cf3f16f37a8efa4e86e9dfe/512/512/Image/Png/noFilter,REDLINER,Group,35646671,1171,61446152,315705,124079,14069,75,2025-02-19T09:24:57.023Z,2026-09-06T23:41:20.1098104Z
1526814825,[THERMAL] War Tycoon,"👍 New Code at 1.1M Likes!

[UPDATE LOG]
- New Thermal Vision Goggles (Unlocks at Rebirth 10)
- New Armor Locker 
- Return of the M1A2 Sep Tusk Limited Operation
& Several bug fixes and other changes
https://devforum.roblox.com/t/1829666

💥 Build up your Tycoon and start a war with an arsenal of weapons and vehicles!

💾 Tycoon Progress and Gamepasses Automatically Save!

War Tycoon™ officially released on April 22nd 2021 ",Simulation,Tycoon,minimal,0,Top Trending | Fun with Friends | Top Earning | Trending in Simulation,4,https://tr.rbxcdn.com/180DAY-80b2d2429a1d290cb9d4ec6894467cb0/512/512/Image/Png/noFilter,KizmoTek Studio,Group,3115970,5165,1105430715,4368361,1098236,104768,18,2020-01-29T00:12:02.89Z,2026-09-02T20:27:27.252Z
10628006421,[🤍] Chiidoku,"Chiidoku is a logic puzzle that combines elements of Sudoku and Minesweeper.
There is one Chiikawa in each row and column.

There is one Chiikawa in each color area.
Chiikawas cannot be placed next to each other.

🧩 Up to 400 Levels
Start with simple puzzles and progress through increasingly challenging stages.
How far can you make it?

🔥 Build Your Win Streak
Clear puzzles consecutively and set a new personal best streak.

♾️ Challenge Endless Mode
Keep solving randomly generated puzzles with no level limit.
See how long you can survive as the puzzles become more challenging.

📅 New Daily Missions
Complete missions that refresh every day and earn rewards.

🪙 Collect Coins and Unlock Characters
Earn coins by playing the game and unlock a variety of characters to add to your collection.

Chiidoku is easy to pick up, but completing every puzzle will not be easy.

Challenge yourself to conquer all 400 levels and push your limits in Endless Mode!",Puzzle,,minimal,0,Top Trending | Up-and-Coming | Trending in Puzzle,3,https://tr.rbxcdn.com/180DAY-fad4fb5f4d606e59c77a3edacf74e1e8/512/512/Image/Png/noFilter,미지 스튜디오,Group,290187465,2005,1825900,52456,9135,822,50,2026-08-04T05:43:07.131Z,2026-09-06T19:45:45.3662081Z
10666192800,bug fixes,"is honor truly dead

x to bow or sheath
b to pray
e, q, f for directional cuts
r to change stance
= to take off hat
g to displace



credits:
- captainwoodlegs: melee system, map, immersion, movement system, hat models, some sword models, character models, animations
- adeptrblx: despaghettifying my code
- tannergombi: ramen, honor system, leaderboard, join system, epic code optimization
- aedanluke: nuclear devices
- jondecus: the dirty work, environmental supervisor 
- Roblox/various artists: public released sounds

easter eggs:
say ""kurosawa"" for cinematic mode

no full console or mobile support yet
mobile/console game support is currently intended for people with keyboard attachments",,,moderate,0,Top Trending | Up-and-Coming,2,https://tr.rbxcdn.com/180DAY-01fe7df44336c990750aa8deaf809335/512/512/Image/Png/noFilter,captainwoodlegs,User,40174397,1494,561338,14933,5177,1035,50,2026-08-09T17:59:21.832Z,2026-09-06T19:39:35.7469374Z
9872734936,[UPD] Junk Mechanics,"🔢 SIXTH CODE AT 30,000 LIKES 👍

🏁New game! Thanks for playing! 😎

Buy junk cars. Fix them up. Flip them for profit.

🚗 Buy a car
🔧 Repair it
💰 Sell it
🏆 Collect them all

Explore the junkyard for damaged vehicles, repair what’s broken, repaint them, and sell them for cash. Use your earnings to find rarer cars, unlock new vehicles in your collection, and work your way up to the best flips in the yard.

💻 Supports Desktop, Mobile and Console players

",Simulation,Vehicle Sim,minimal,0,Top Trending | Top Earning | Trending in Simulation,3,https://tr.rbxcdn.com/180DAY-eaeed96a91279c175b969be8474de74e/512/512/Image/Png/noFilter,Oil Leak,Group,461748520,5794,38575874,83360,33026,4672,12,2026-03-12T22:13:41.453Z,2026-09-06T22:10:12.7779923Z
10001039611,just an innocent game,,Survival,1 vs All,mild,0,Top Trending | Trending in Survival,2,https://t4.rbxcdn.com/180DAY-6f04369060213cc72bbec0d8dd5a47a4,Broke Highschool Student Games,Group,51037051,7607,37011468,943502,17184,6361,12,2026-04-06T22:55:46.228Z,2026-08-31T18:03:20.049Z
6190071862,Grave/Digger,"V.1.38
Only at death is the final chapter of our lives written.

When the surface was ravaged by war,
The Golden Empire and the Royal Nation continued their war underground.

An alternate history WW1 neo-western between two vitriolic factions with a near fully mine-able environment and a focus on slower, deliberate and considerate gun-play.

This game is enabled for Consoles but is not fully supported, some controls will not work, it is recommended to play with a mouse and keyboard.

vk/[NAME] to initiate a vote-kick (Press [L] for command bar).
/restoredata to restore Hours and Kills from the Beta Period.

Press [M] to open the in-game menu.",Shooter,Deathmatch Shooter,moderate,0,Top Trending | Top Revisited | Trending in Shooter,3,https://tr.rbxcdn.com/180DAY-c35d5e6a13e1de9f84ca20e2919bda28/512/512/Image/Png/noFilter,Archeximus,User,93693150,2111,65173048,224885,80764,11066,32,2024-06-29T12:57:40.913Z,2026-09-05T21:49:43.7946086Z
1281592938,[👑SERBIA👑] ENTRENCHED 🥀,"🥀 ENTRENCHED is loosely based on early 20th century wars, where the Entente and Central teams face off in the trenches!

💥 Choose from 9 different classes and partake in many battles ranging from turn-based attack and defense frontlines, perpetual attack versus defense conquest, and king of the hill style domination!

🛠️ Version v1.3 [👑 SERBIA]
👑 Kingdom of Serbia
🗺️ 3 new maps
⚔️ 3 new guns
👔 2 new uniforms
👔 3 new weapon skins

Playable on PC 🖥️, Mobile 📱 and Console 🎮

Search Tags: 
Great War | Military | Shooter | Warfare | Fighting | FPS | TPS",Shooter,Deathmatch Shooter,moderate,0,Top Trending | Trending in Shooter,2,https://tr.rbxcdn.com/180DAY-6e71e98b2c981ccc2254bc62b82f6c5e/512/512/Image/Png/noFilter,Edot,Group,5103306,3181,302762767,2471205,454657,38468,40,2019-08-18T01:55:23.283Z,2026-09-05T21:30:14.3393649Z
10700505394,[X2] +1 Long Arm Toy Escape!,"Grow your arms to escape the toy factory :D.

Desktop: HOLD M1, and Move Mouse to angle your arms.",Simulation,Incremental Simulator,minimal,0,Top Trending | Up-and-Coming | Trending in Simulation,3,https://tr.rbxcdn.com/180DAY-2c0fc1dc365832440f190f5166a6c619/512/512/Image/Png/noFilter,Long Armers,Group,457402993,6959,13265178,47189,70615,3429,22,2026-08-14T03:00:01.121Z,2026-09-06T19:12:10.1259739Z
3515267380,🚗☄️ Drive Cars Down A Hill! ☄️🚗,"🔥 250+ MPH. Real crash physics. Total destruction.

🏔️ Drive Cars Down a Hill is a high-speed physics sandbox where every run turns into chaos.
Suspension bends, wheels rip off, engines ignite—and momentum decides everything.

💥 Hit ramps, smash through obstacles, and push your run further every time
💰 Earn cash from distance, destruction, and style
🚗 Unlock faster, stronger, and more unpredictable cars

👍 Like + Join for rewards & updates
💻📱🎮 All devices supported

🆕 Latest Update
🚚 IPC Delivery Truck - 125 MPH - comes with grab-able Physics objects 📦
🚙 Spearhead SUV - 125 MPH - Comes with a ride-able boat you can drag behind the car 🛶 
🚛 Tanker Truck - 125 MPH - Caution! High Explosive! 💥
🚐 Albany Villager - 125 MPH - Starts slow rolls fast! 🐢 
🚚 ❄️ Slushee Truck - 125 MPH - Sell Slushees for cash!
🚗 🍕 Lance - 140 MPH - Deliver 50 Pizzas!
🚨🚓  Cannes Pursuit - 170 MPH - Classic American Police Car!
🚛🛋️ Box Truck - 140 MPH - Big Physics Props!",Simulation,Vehicle Sim,mild,0,Top Trending | Trending in Simulation,2,https://tr.rbxcdn.com/180DAY-e6e88b14123f4d419bae11d696d06260/512/512/Image/Png/noFilter,Mally's Studios,Group,9395990,1745,177911025,430423,122042,40301,25,2022-04-19T19:14:09.21Z,2026-09-05T16:10:14.399Z
10566165249,Build A Football Team! ,"[UPD] Build A Football Team!

🏈 Roll iconic NFL legends from the 1970s to 2026!
🏆 Pick your favorites & build the greatest roster of all time!
👑 Collect all the rarities to unlock special rewards!
📈 Climb the global leaderboards!

✨ CHANGES:
• More GAMEPASSES!
• 3 NEW LEADERBOARDS!
• BETTER UI!

🎁 CODES:
1KLIKES
SPIN
UPDATE


🔥 NEXT OP CODE AT 2500 LIKES!
🚀 More Mythical's & updates coming soon!

👍 Like & Favorite to support the game for more big updates!",Sports & Racing,Sports,minimal,0,Top Trending | Trending in Sports & Racing,2,https://tr.rbxcdn.com/180DAY-970d97120717d1656305f0d61efb0828/512/512/Image/Png/noFilter,NickDonalds,Group,32866723,987,978880,5692,2757,396,20,2026-07-25T17:32:42.563Z,2026-09-07T02:58:08.9327561Z
2251388500,Twisted [BETA],"**This game will NOT run well on low end devices!**

Twisted is a storm chasing game by Willzuh and Siryzm.

Throughout the rolling hills and prairies of the fictional state of Keysota, scientists and thrill seekers alike set out on the roads in chase of severe weather. Some will observe from a safe distance, while others will risk it all to get the perfect shot of a violent tornado from close range. Whether you're out there deploying data-collecting probes, intercepting in an armored vehicle, or just taking pictures, you're bound to have a run in with mother nature like no other. Just watch yourself, sometimes the hunters become the hunted. 

Connect with us through our social links (below this), where you can talk to others about the game, view change logs, announcements, and make suggestions.

Developers:
Willzuh - Builder
Siryzm - Programmer

Special thanks to our contributors for making this possible!",Simulation,,minimal,0,Top Trending | Trending in Simulation | Learn & Explore,3,https://tr.rbxcdn.com/180DAY-7c31e89afbbcb78c134757aabb827eda/512/512/Image/Png/noFilter,Twisted Official,Group,4812298,2074,186182502,542896,210874,22491,25,2020-12-30T08:18:03.21Z,2026-09-05T23:38:55.3738789Z
1851087906,Hunting Season [BETA],"Hunting Season is an open-world hunting simulator on Roblox, hunt solo or with friends as you track wildlife, master the stalk, and build your legacy as a skilled hunter.

🚨 NEW MAP: Severnaya Tayga is here! Check out the new animals, Tiger, Gray Wolf and Wild Boar!

Hunts are tense, and rewarding. Read the terrain, learn how animals move, and commit to a clean shot when the moment is right. Bring your best trophies to your lodge and keep upgrading your gear.

🦌  Real world hunting simulation: Realistic hunting that provides an immersive experience.
🗺️  Massive Open-World Maps: Explore huge regions with varied terrain.
🐾  Track, Stalk, Hunt: Learn animal patterns, read the terrain, and plan your approach.
🏡  Hunting Lodges & Trophies: Display your best trophies, show off your rarest animals, and upgrade your lodge over time to build the ultimate trophy showcase.

🖥️ Play on Desktop, Console, Mobile and Tablet!

⚠️ Note: Game is in beta, so anticipate bugs. ⚠️

Version: v0.17.1",Shooter,,moderate,0,Top Trending | Trending in Shooter,2,https://tr.rbxcdn.com/180DAY-58df171d58b694f0d34bc20c51323172/512/512/Image/Png/noFilter,Josima Studios,Group,5086436,1026,117370147,423939,123399,49375,200,2020-07-04T14:35:57.447Z,2026-09-05T19:01:20.3885405Z
1946714362,[🐢] Bloodlines,"Bloodlines is a high stakes, action-adventure game where exploration is a key element of the experience.

For any exploiter reports or restore requests, please head to our server linked below.",RPG,Action RPG,moderate,0,Top Trending | Fun with Friends | Top Revisited | Top Earning | Top Paid Access | Trending in RPG,6,https://tr.rbxcdn.com/180DAY-9a98cffae819c173c4491d7bf8faa288/512/512/Image/Png/noFilter,-Bloodlines-,Group,7450839,2172,58679561,161292,43294,9659,1,2020-08-16T16:57:06.033Z,2026-09-05T11:59:19.709Z
5091490171,[🎥REPLAY] Jailbird,"[Jailbird Remastered]

Welcome to Jailbird Remastered,

A revamped version of Jailbird Roblox FPS. Immerse yourself in the world of ruthless gang warfare. Engage in fierce, tactical combat. Customize your characters and gear up with your earnings. Dive into Jailbird Remastered today! 

New CODE at 90k likes!
80k Likes - 80KLIKESJAILBIRD

[Console Controls]
DPadUp - Ping
DPadLeft - Tactical
Tap B - Crouch
Hold B - Prone
R3 - Knife

[DEVELOPERS] 
SmileyGin - Founder / Director / Developer
[SPECIAL THANKS TO PAST CONTRIBUTORS]
Maeddrs - Game Designer / Level Designer / Manager
CookieOdi - Lead Programmer
Ossyence - Assistant Programmer",Shooter,Deathmatch Shooter,moderate,0,Top Trending | Trending in Shooter,2,https://tr.rbxcdn.com/180DAY-025a2034f52769c317b10ec60d8fb85e/512/512/Image/Png/noFilter,Jailbird Official,Group,33054943,2434,81933194,283779,102920,10902,40,2023-09-14T12:24:49.623Z,2026-09-02T03:53:20.991Z
6583326485,Ground War,"Welcome to Ground War, a 16v16 large-scale FPS featuring armored vehicles!

⭐ Eliminate enemies and level up!
💰 Level up to earn more Cash!
🔫 Spend Cash to expand your arsenal with new guns & explosives!

Tags: FPS, Shooter, Shooting, Gunfight, PVP, Tank, Helicopter, Military, Guns, Combat, Arena

Credits: https://devforum.roblox.com/t/3293701",Shooter,Deathmatch Shooter,mild,0,Top Trending | Trending in Shooter,2,https://tr.rbxcdn.com/180DAY-0b183ca78be8902a0d2a08531086504c/512/512/Image/Png/noFilter,Stealth Developers,Group,12266404,2868,128546903,190641,77841,20829,32,2024-09-21T18:22:32.163Z,2026-09-04T18:41:07.916Z
10605173611,[UPD] Bloxrooms,"Endless rooms. Levels built from misremembered games, twisted into something that was never supposed to exist. Entities that don't follow the rules you think you know.

Explore corrupted levels inspired by games you almost remember, scavenge for artifacts worth cash, and upgrade your gear to survive whatever's hunting you.

The deeper you go, the less anything makes sense. Nothing here is quite how you remember it.

🔦 Explore misremembered levels
👹 Survive entities and scout still lifes
💰 Hunt artifacts for cash
⚙️ Upgrade your gear to push further

Main Inspiration - Starterplace by T0minus

tags(ignore): backrooms, liminal, horror, uncanny, entity, creature, kane pixels, exploration, adventure, and survival",Adventure,Exploration,moderate,0,Top Trending | Up-and-Coming,2,https://tr.rbxcdn.com/180DAY-2da52d20f0f891de9185bd1b620bca64/512/512/Image/Png/noFilter,Bloxrooms Corporation,Group,714121453,1100,650762,20360,5024,526,30,2026-07-31T18:17:42.655Z,2026-09-07T04:01:11.5707895Z
2350840700,[UPDATE 9!] Project Flight | Alpha,"Project Flight combines accurate models and realistic airports & graphics with accessible flight dynamics to create an engaging flight simulator experience. 

In Project Flight, you can roleplay, become an air traffic controller, re-create a flight with your favourite airline, and more.

*NOTE* This game is in an ALPHA state, meaning there are many unfinished features, bugs, and your device may NOT be able to run this game smoothly. Please purchase at your own risk. 

Please note that our game is not affiliated with or endorsed by any airline brands or logos.",Simulation,Vehicle Sim,minimal,0,Top Trending | Top Revisited | Top Paid Access | Trending in Simulation,4,https://tr.rbxcdn.com/180DAY-2a2cfb1b495323f31a899dafba460150/512/512/Image/Png/noFilter,Project Flight,Group,5868640,641,69521113,389005,143409,12464,20,2021-02-05T14:02:16.043Z,2026-09-06T18:50:19.6608626Z
1720936166,[OG] All Star Tower Defense,"Check out the update board in the lobby or our socials for more information

⚔️Use your units to fend off waves of enemies
⚡Each Unit has Unique Cool Abilities
⬆️Upgrade your Troops During battle to unlock new attacks
⛩️Summon from the Gate and unlock New Units to use them in battles
🌀Team up with your friends to take on story mode or the infinity tower
🕒New things appear in the Summon Gate and Emote Shop every hour
Collect them all!

📝Join the Social Links to Gain Codes/Announcement/Updates
❤️Like the Game for More Codes!

🔨More updates upcoming!

All content in game, including any sponsored content, was developed, uploaded and published by the game's development team.",Strategy,Tower Defense,minimal,0,Top Trending | Top Revisited | Trending in Strategy,3,https://tr.rbxcdn.com/180DAY-1041ffa20fc03c82a0d076a8f979d9bc/512/512/Image/Png/noFilter,Top Down Games,Group,5292947,6291,7909759678,2317825,1492450,129130,38,2020-05-07T03:13:07.403Z,2026-09-04T06:44:14.98Z
1271059807,[🎉ANNIVERSARY!] Stevos Gems Eras Roleplay,"🌺Step into a unique Gem universe with over 1000+ original morphs, new fusion combos, and an ever-expanding world full of secrets to uncover!🌺

⭐ | Open World maps to Explore!
⭐ | Participate in Limited Time Events & Hunt for Badges to unlock New Characters!
⭐ | Fuse with your Friends and form more than 50+ Different Fusions!
⭐ | Play throught different Eras of the Gem History!

[⚠️] Your account must be 31+ days old to play.
[⚠️] Mid-to-high-end device recommended. Lower graphics if using older devices.

[JOIN THE GROUP FOR SPECIAL MORPHS]
⭐Group: https://www.roblox.com/My/Groups.aspx?gid=4303068

❗ This experience is a fan-made original project, built entirely with custom models, designs, and characters.
It is not affiliated with any existing television network, franchise, or IP.
All content is created by TimTsuki and contributors and is intended for artistic expression and roleplay.

Steven, Morphs, Universe, Fusion, Roleplay, Era 1, Era 3, RP, Steven Universe

✨~",Roleplay & Avatar Sim,Morph Roleplay,minimal,0,Top Trending | Top Revisited | Trending in Roleplay & Avatar Sim,3,https://tr.rbxcdn.com/180DAY-5da1a6d88b7718affd68f981f77a1f52/512/512/Image/Png/noFilter,TimTsuki,User,162884294,3072,71310353,350553,82437,8255,50,2019-08-10T22:43:49.413Z,2026-09-04T10:17:18.032Z
10666108087,Dropshipping Tycoon,"📦 Build your own dropshipping business and grow it into a massive automated company!

Find winning products, order stock, create ads, process customer orders and reinvest your profits. Expand your warehouse, build a multi-floor headquarters, hire employees and unlock a huge factory with forklifts, conveyors and B2B contracts.

💼 BUILD YOUR BUSINESS
📱 Find products, run ads and manage orders
📦 Expand your warehouse and automate deliveries
👷 Hire and upgrade specialized employees
🏭 Build a factory and complete large contracts
💎 Earn Cash and Gems from factory contracts
💤 Keep earning with Offline Earnings
⚡ Activate a 5-minute Cash Boost
🎁 Collect Daily Rewards
🎮 Play Arcade games and unlock upgrades

Start with one small product and build a dropshipping empire. How big can your company become?

👍 Like and favorite the game for future updates!",Simulation,Tycoon,minimal,0,Top Trending | Up-and-Coming | Trending in Simulation,3,https://tr.rbxcdn.com/180DAY-7db8e26803799148065aa9de46c4da89/512/512/Image/Png/noFilter,DragonT Gaming,Group,34952375,2078,580397,6264,2839,605,8,2026-08-09T17:46:43.515Z,2026-09-06T23:36:03.6571682Z
10616474341,Huss Rooms | [Locust],"😱 Can you survive the Backrooms?

Captain Clark, Verity & The Locust are hunting you down! Run, hide, fight back, and survive! 👀

🔥 FEATURES
👹 Clark, Verity & The Locust — Escape before they catch you!
💥 Fight Back — Throw props & use Tools to ragdoll the monsters!
📦 Props — Spawn, grab, throw & rotate!
🎉 Events — New chaos every few minutes!
🎁 Playtime Gifts — Unlock rewards & Tools!
👣 Walk & Earn — Earn HussPoints & buy Tools!
👥 Up to 50 Players!
😈 Morph — Become Clark or Verity!

📜 LEGAL
Base map by @A_CertifiedDingus (Creator Store), rebuilt & modified by @VexorCreator.
Captain Clark model by FnafStuff (Sketchfab, CC BY 4.0).

🏷️ Captain Clark, Verity, Locust, Huss Rooms, Backrooms, Horror, Survival, Nextbot, Evade",Survival,,mild,0,Top Trending | Trending in Survival,2,https://tr.rbxcdn.com/180DAY-f819fb38f839880550add5eedb5c0632/512/512/Image/Png/noFilter,Survive Clark Community,Group,170664730,1725,2174835,8809,2929,575,50,2026-08-02T07:19:52.347Z,2026-09-06T19:24:31.1814394Z
10690360998,Jump for Animals!,"🥚 Welcome to Jump for Animals! 🐾

How to Play:
💪 Train your legs to increase your Jump Power
⬆️ Jump higher to reach new areas
🥚 Steal eggs guarded by giant animals
🏃 Escape and bring the eggs back to your plot
🐣 Hatch eggs to discover rare animals
💰 Earn money from your animals—even while offline
🏋️ Upgrade your barbells, trails, and speed coils
✨ Discover rare sizes, Mythic eggs, and secret animals
📖 Complete your Animal Index and claim rewards  

How high can you jump, and can you collect them all?

👍 Like the game and join the group for rewards and future updates!

🎮 Supports Desktop, Console, Mobile, and Tablet players.",Simulation,Tycoon,minimal,0,Top Trending | Up-and-Coming | Top Playing Now | Trending in Simulation,4,https://tr.rbxcdn.com/180DAY-c9220df34ffca9629b8ce653bb28a346/512/512/Image/Png/noFilter,AnimalByte,Group,256494703,34640,22086204,32304,26723,1749,5,2026-08-12T18:52:38.25Z,2026-09-06T16:03:33.8056757Z
10524813259,"[ 🛹2.6 ] RE:Heads, Please! [RNG]","Welcome to RE:Heads, Please!
--------------------------------------------------------------------------------------------
🪙 Flip coins to earn money!
💲 Roll better coins!
👚 Roll cute & cool accessories!
🛹 Hop on a skateboard and explore the map!
🚇 Travel Another Station and Enjoy Sub Content!
--------------------------------------------------------------------------------------------
Coin Flip: Click / Touch / RT
Skateboard Ride: Q / LT
Skateboard Boost: R / LB
Emote: G / D-Pad Down

❗ This game is still in beta, please report any bugs in-game! ❗",Simulation,Incremental Simulator,minimal,0,Top Trending | Trending in Simulation,2,https://tr.rbxcdn.com/180DAY-c42caad6be907476d5e6357a2b4714e7/512/512/Image/Png/noFilter,RE:COS.Studio,Group,390180214,5130,4963099,32016,13611,1641,30,2026-07-18T15:54:30.456Z,2026-09-06T11:26:56.3403612Z
10761884278,Strikeborn [EARLY ACCESS],"[GAME IS IN EARLY ACCESS]
Like and favorite the game for more updates

Devices Supported:
Controller, PC, and Mobile

This game includes randomized rewards (emotes and spins). All items rate are displayed in-game.",,,mild,0,Top Trending | Up-and-Coming | Top Earning | Most Popular,4,https://tr.rbxcdn.com/180DAY-c1fdc68ed507791c9cdddc634c60c0f0/512/512/Image/Png/noFilter,SSSStudio,Group,35036413,966,1360357,33704,12333,2311,100,2026-08-26T04:01:44.254Z,2026-09-06T09:29:38.9135311Z
9551044479,Final Swarm,"Welcome to Final Swarm, the most intense RPG on Roblox! Fight against hundreds of enemies at once with only one goal... Survive waves and defeat the Final Swarm!

🧟 Fight against hundreds of enemies!
🗝️ Collect keys to upgrade and unlock new weapons!
⚔️ Make the best weapon loadout!
👑 Progress through worlds and become the best fighter!

❤️ Like and join the group for exclusive rewards!",RPG,Action RPG,mild,0,Top Trending | Trending in RPG,2,https://tr.rbxcdn.com/180DAY-1c80c032f6731d91fe9997729f921a3a/512/512/Image/Png/noFilter,Evolution Studio Games,Group,13511151,2613,40479772,210097,157971,4199,20,2026-01-12T21:23:09.627Z,2026-09-07T02:27:10.3784284Z
1852226622,Gacha Online ✨ RP,"✨NEW CLOTHING EVERY WEEK!✨
❄️ Welcome to Gacha Online✨, a cozy customization game where you can become ANYONE and anything!!
❄️ Be your favorite character, a dog or cat, or create your very own custom OC!! :D

-------
🏠 Play games, design your home together, and become any character you can imagine, no Robux required!! :D
👕 Customize and adjust ANYTHING you want!! Seriously!
✨ Roleplay as ANYONE, and make new friends! 
🐈 Become a pet, animal, or a car(!?) with our crazy customization system!
🗺️ Explore our anime inspired world together, like the school, cafe, or beach!
🎀 Design your own custom home, make custom Roleplays, or impress your friends with your style on the runway!
and lots more!!

🎉 Press play to jump into a chill world of fun, creative and silly goofy gameplay :D 🎉


Gacha Online is an independent Roblox experience with permission granted by the Gacha Club and Gacha Life series.

Genres: Roleplay, Town & City, Hangout, Fashion, Dress Up, Cozy, Playground, Building",Roleplay & Avatar Sim,Morph Roleplay,minimal,0,Top Trending | Top Playing Now | Trending in Roleplay & Avatar Sim | More When You Subscribe,4,https://tr.rbxcdn.com/180DAY-b0716f49716d1c9cc4d29c85b233c5c8/512/512/Image/Png/noFilter,SnowdustDev,User,1730435200,10956,2977249441,2723062,723928,198008,45,2020-07-05T00:52:01.23Z,2026-08-28T16:56:23.946Z
3419284255,Peroxide [Update!],"Peroxide is an anime stylized fighting game in which players fight monsters to get stronger, as well as partake in hard trials to gain new abilities.

Q to dash
E to take out your weapon
G to use a mode
N to teleport to your spirit realm/skill bind menu
V to carry NPCs, players or objects
B to grip NPCs or players
F to block
F + M2 while getting hit to pushcounter

Premium Benefits within the AFK world to gain double passive product essence.",RPG,Action RPG,moderate,0,Top Trending | Top Revisited | Trending in RPG,3,https://tr.rbxcdn.com/180DAY-68da95027a8867b7818fd828caeb05f8/512/512/Image/Png/noFilter,[Peroxide],Group,14335928,3600,413522550,855330,452617,45489,30,2022-03-14T01:14:34.013Z,2026-09-07T05:20:35.1941523Z
10241000620,[CO-OP] Airport Tycoon✈️,"✈️ Welcome to Airport Tycoon!

🛠️ [UPDATE 6]: Play with your friend! Start a new save profile, build a giant airport together, and climb the co-op leaderboard!

🌙 Your airport earns while you are offline!

💾 Auto-saving progress!
💵 Build a GIANT airport!
🧳 Have hundreds of passengers in your airport!
🛫 Unlock HUGE planes!
🏝️ Unlock exotic destinations!

🤗 Playing with friends gives everyone bonuses! (+10% per friend)
⭐ Premium/Plus benefits: +15% money / +15% luck
💸 Like the Game & Join the Group for +1,000 money!",Simulation,Tycoon,minimal,0,Top Trending | Trending in Simulation,2,https://tr.rbxcdn.com/180DAY-af499d72f19356b3a0203de362cb03f2/512/512/Image/Png/noFilter,Airport Tycoon!,Group,688446729,2226,11845614,65827,39830,2196,6,2026-05-29T16:32:38.533Z,2026-09-04T16:02:07.298Z
10662463285,Finish It! 🛠️,"👍 LIKE + JOIN THE GROUP FOR MORE UPDATES! 👍

Welcome to Finish It! 🛠️🏠
The house is almost complete, but it still needs your help! Plaster, smooth, paint, and finish every surface to transform an unfinished home into something amazing.

🎮 How to Play
🧱 Plaster Surfaces – Spray plaster onto walls, floors, and other surfaces!
🔨 Smooth Everything – Use your trowel to create a clean, polished finish.
🎨 Paint & Decorate – Add the finishing touches and bring the house to life!
💰 Earn Money – Complete tasks and earn cash for your hard work.
📈 Buy Upgrades – Improve your tools, carrying capacity, movement speed, and more!
👥 Play With Friends – Work together and finish the house faster!
🏠 Can you finish the entire house?

#Satisfying #ASMR #Building #Simulator",Simulation,Incremental Simulator,minimal,0,Top Trending | Up-and-Coming | Trending in Simulation,3,https://tr.rbxcdn.com/180DAY-f48d81567adfe047cb2eaef2f2053bff/512/512/Image/Png/noFilter,Moonrise Interactive,Group,699155908,2342,2956702,12110,5897,991,20,2026-08-09T08:11:40.246Z,2026-09-02T13:43:16.567Z
10399524075,Build A Golem! ⛏️,"⛏️Welcome to Build A Golem⛏️

How to Play:
• Roll and buy various golem parts 🎲
• Build them together in crafter 🎶
• Let them mine and earn you cash 💸 
• Claim various rewards and expand your mine⭐

Your golems work offline !⏰",Simulation,Incremental Simulator,minimal,0,Top Trending | Trending in Simulation,2,https://tr.rbxcdn.com/180DAY-91ced4d22d7fc79bcad823b0249fb21e/512/512/Image/Png/noFilter,mesmerizing (really),Group,621477904,2801,1631391,12382,13929,469,6,2026-06-26T19:11:42.069Z,2026-09-06T13:25:00.8785386Z
10415845204,[🔥NEW] Clicker Simulator! ⚡,"🖱️ Welcome to Clicker Simulator! ⚡

⚡ Click anywhere to get Clicks!
♻️ Rebirth for huge Click Multipliers!
🐾 Hatch Eggs for powerful pets!
✨ Discover hundreds of unique pets!

📅 New updates every week!

🧡 Thanks for playing!",Simulation,Incremental Simulator,minimal,0,Top Trending,1,https://tr.rbxcdn.com/180DAY-f7814370dacee6c3167835314aa620e0/512/512/Image/Png/noFilter,Cooked Click,Group,773411069,4944,3228870,346214,27111,474,10,2026-06-29T10:21:44.568Z,2026-09-06T17:43:57.0069055Z
8946565814,[UPD1 🦂] Anime Origins,"⚡ Welcome to Anime Origins ⚡

🔥 Summon powerful units to defend against endless waves of enemies!
⭐ Upgrade, evolve, and unlock new units to dominate every battle!
⚔️ Take on Story Mode, Infinite Mode, Raids, and more challenges!
🤝 Team up with friends and build the ultimate team to protect every world!

🎮 Supports Mobile, Tablet, PC, and Console
🔒 Private servers are FREE!

Disclaimer: All content is fan-made and inspired. Please contact us for any concerns.",Strategy,Tower Defense,minimal,0,Up-and-Coming | Trending in Strategy,2,https://tr.rbxcdn.com/180DAY-eb06082de23e55ca8971df9566da805f/512/512/Image/Png/noFilter,Origins Project,Group,111457579,4463,24366566,23886,30919,2006,22,2025-10-14T15:47:57.607Z,2026-09-06T20:12:01.6548314Z
10764415270,[BOILED ONE] The Locust of MM2,"Welcome to The Locust of MM2 ⭐
The Locust has taken over… and nobody is safe. 👀

You've found yourself trapped deep inside the Locust's nest
Can you outsmart the danger and find a way to escape?",Survival,1 vs All,mild,0,Up-and-Coming,1,https://tr.rbxcdn.com/180DAY-1e17b220e71ae2e6ddb7a6d84ce68b63/512/512/Image/Png/noFilter,MM2 of The,Group,657728329,3741,2332999,8900,1633,228,30,2026-08-30T01:17:15.289Z,2026-09-07T04:40:04.7439569Z
10390151142,Run a Dance Studio,,Simulation,,minimal,0,Up-and-Coming,1,https://tr.rbxcdn.com/180DAY-5b4d0d09fadec5ed7cb20aeade6c15a2/512/512/Image/Png/noFilter,Dance Interactive,Group,610725860,3341,2077574,9990,3647,643,10,2026-06-25T02:48:30.862Z,2026-09-06T14:36:45.94072Z
10546705891,Bumpy Flight 🛫,"🧪 BUMPY FLIGHT IS CURRENTLY IN BETA!
⚠️ Expect bugs, unfinished features, and plenty of updates as we keep improving the game!

⭐ CTRL TO UNLOCK YOUR MOUSE

✈️ PLANE CONTROLS
W / S — Pitch Up / Down
A / D — Turn Left / Right
SHIFT — Increase Throttle
CTRL — Decrease Throttle

✈️ Welcome to Bumpy Flight! 🌎

Grab your friends and become the crew of your very own flight! 👨‍✈️👩‍✈️ Prepare the aircraft, load luggage 🧳, refuel ⛽, take care of your passengers 🥤🍔, and get everything ready for takeoff!

Once you're in the air… things might not go exactly as planned. 👀

⚡ Deal with unexpected emergencies
🔧 Fix problems before they get worse
👥 Work together with your crew
✈️ Unlock and fly different aircraft
🎨 Collect new skins & cosmetics
📈 Complete flights and level up

Every flight can turn into complete chaos, and it's up to you and your crew to make sure everyone reaches the destination safely. 🛬

⭐ Favorite the game & 👍 leave a like if you enjoy Bumpy Flight!
",Simulation,Vehicle Sim,minimal,0,Up-and-Coming | Trending in Simulation,2,https://tr.rbxcdn.com/180DAY-3538aef0b2bd289a41460596feeb3813/512/512/Image/Png/noFilter,Bumpy Flight,Group,218747834,3438,20104071,82889,36618,4408,20,2026-07-22T12:09:29.86Z,2026-09-04T21:05:55.094Z
10732236937,[ Godzilla Terrestris ] Kaiju Alpha,"🔥 NEW UPDATE 47🔥
- Added Godzilla Terrestris
- Added New Color 10 Skin

🕹CONTROL:
1 - Skill 1
2 - Skill 2
3 - Skill 3
4 - Skill 4
5 - Skill 5
R - Roar 1
T - Roar 2

⭐ Favorite the game to never miss new updates!
👥 Join the group to get news and exclusive events!8",Action,Battlegrounds & Fighting,minimal,0,Up-and-Coming | Top Revisited | Top Earning,3,https://tr.rbxcdn.com/180DAY-27446142d75774f7d4e25cc10c476f01/512/512/Image/Png/noFilter,SULU OPPA,Group,706620526,3926,10528847,31570,18022,1391,25,2026-08-17T16:05:06.335Z,2026-09-07T05:18:38.9040934Z
10644103316,👻 Dig Haunted Items,"🌲 Welcome to Dig for Haunted Items! 🌲
Brave the dark forest, dig & clean up terrifying relics, and build the world's spookiest museum! 

⛏️ HOW TO PLAY:
🌲 DIG: Explore the scary forest to unearth forgotten, cursed artifacts.

🧼 CLEAN: Return to your base to spray away the dirt and dark magic.

🏛️ DISPLAY: Exhibit your haunted loot in your custom museum to attract paying visitors!

💰 UPGRADE: Use your profits to buy better shovels, faster sprayers, and larger museum plots.

💀 FEATURES:
Curse & Rarity: Items increase in rarity and curse level—higher risk means much higher reward!

50+ Relics: Collect everything from Common trinkets to Forbidden treasures.

👍 Leave a LIKE & FAVORITE for more spooky updates! ⭐

Tags: Digging, Horror, Museum, Collect, Cursed, Artifacts, Simulator, Tycoon, Forest.",Simulation,Tycoon,minimal,0,Up-and-Coming,1,https://tr.rbxcdn.com/180DAY-00bfe3f02f27f4009144f4e2f04ca8d0/512/512/Image/Png/noFilter,JSK Games,Group,726330026,1601,612750,14213,4427,285,6,2026-08-06T21:39:27.562Z,2026-09-03T03:48:39.785Z
9063977758,[REVERT] Debt Hunt 🐺,"💵 Debt Hunt is a game with a procedural generation, where your goal is to earn as much money as possible to pay off a debt owed to the ruthless corporation and collection agency known as ""Debt Hunt"". 

🐺 To succeed, you'll have to face constant danger, especially from a monster that begins its hunt at sunset.

⚠️ Original concept idea and game is made by NZTeam, all credits are going to them ⚠️
🛠️ Game is still in Alpha, many things are subject to change, and some things may break 🛠️",Survival,Escape,minimal,0,Up-and-Coming,1,https://tr.rbxcdn.com/180DAY-9dd12599f4d010a5872034a0e21d2109/512/512/Image/Png/noFilter,T0pH4t_Studios,Group,430369209,734,1921524,38464,3503,835,100,2025-10-30T11:22:12.62Z,2026-09-07T05:05:10.9118105Z
10632524471,Merge & Dig Simulator!,"Merge & Dig Simulator!

UPDATES EVERY SATURDAY!

⚔️ Merge Pickaxes to get power!
⛏️ Collect All the Pickaxes!
💸 Dig Blocks to Earn Cash!

ROBLOX PLUS PLAYERS GET +15% Cash

Tags: Pickaxe,  Cute, Monsters, Friends, Fun, Speed, Fast, Collect, Pets, Rainbow, Colorful, Rebirth, Stars, Friends, Simulator",Simulation,Incremental Simulator,minimal,0,Up-and-Coming,1,https://tr.rbxcdn.com/180DAY-7214402defbe1db118597af5158e1fa4/512/512/Image/Png/noFilter,xFrozen x Dudes,Group,719390069,3626,4710745,16693,12646,603,5,2026-08-04T22:51:36.587Z,2026-09-04T15:55:19.409Z
10675029591,+1 Spider Evolution ,"🕷️ Welcome to +1 Spider Evolution! 🕷️

Every single click gives you +1 Web Power! 🕸️
Train your power to unlock ultimate spider suits! 🦸‍♂️
Become the STRONGEST web swinger in the entire game! ⚡
Use your unique skills to conquer and defeat powerful bosses! ⚔️

Use the code ""WEBUPDATE"" for a 30m boost! 

Join our Roblox group and leave a like on the game to claim a massive +15,000 Power boost in-game! 👍",Simulation,Incremental Simulator,mild,0,Up-and-Coming,1,https://tr.rbxcdn.com/180DAY-0d2443e60eb9ab2ea94446673001b7b9/512/512/Image/Png/noFilter,+1 Spidey Evolution,Group,200588528,3084,7556947,555600,76930,1024,12,2026-08-10T19:18:24.988Z,2026-09-07T02:13:42.9935154Z
10583634958,Collect The Alphabet,"Can you collect all 26 letters and complete the alphabet? 🅰️➡️🆉

📦 Open letter packs — Common all the way to MYTHIC ✨
💰 Mount letters on your board to earn money every second
⬆️ Upgrade your money, luck, and pack speed
💎 Sell spare letters for diamonds & unlock secret SYMBOL packs
🗓️ WORD OF THE DAY — spell it for a PRIZE

👥 JOIN THE GROUP for a FREE REWARD 🎁

New updates & events every week! 🔥

New codes: VOLCANO, TIME",Simulation,Tycoon,minimal,0,Up-and-Coming,1,https://tr.rbxcdn.com/180DAY-18eb1689bf517701caa95e7752179d37/512/512/Image/Png/noFilter,Cosmic Collection,Group,659075385,1578,11706820,22429,7393,1819,6,2026-07-28T04:44:38.957Z,2026-09-06T06:53:34.6367396Z
10698216738,Military Army Tycoon [GAZ Tiger],"Welcome to Military Army Tycoon!

Build your military base from the ground up and command your own growing army. Unlock different soldier squads, equip powerful weapons, expand and upgrade your base, and build the perfect army composition. Send your troops into battle, capture strategic locations, fight enemy armies, and become the strongest commander on the battlefield.

💾 Progress is saved automatically - come back anytime and continue where you left off.
👍 Like the game to support future updates and improvements.
🎁 Join the group for a free in-game boost to get started faster.

Released: 15/08/2026",Simulation,Tycoon,moderate,0,Up-and-Coming,1,https://tr.rbxcdn.com/180DAY-7c481dc023162b6466dc3502f0285429/512/512/Image/Png/noFilter,Battle Action,Group,683115741,6061,5516121,30321,47024,1189,6,2026-08-13T20:28:03.197Z,2026-09-05T22:02:26.3564395Z
10754208508,🔍 Find the Needle!,"Welcome to 🪡 Find the NEEDLE in 1,000,000 Hay
Will you manage to find the needle in the haystack?

[✅] How to Play:

👨‍🌾 Collect the hay from the pile
💰 Sell your hay for money to purchase upgrades! 
🪡 Find the needle in the haystack and win!

[❤️] Like the game and join the group for more updates!",Adventure,Scavenger Hunt,minimal,0,Up-and-Coming | Most Popular | Trending in Adventure,3,https://tr.rbxcdn.com/180DAY-90be4eb0e6f492c5878dbecaa99cca82/512/512/Image/Png/noFilter,aarush's fruit game,Group,823798692,1247,5135439,16028,18288,1276,20,2026-08-22T22:26:50.603Z,2026-09-05T20:17:15.6823874Z
10152913434,[RELEASE] Mermaid Awakening,"🫧 MERMAID AWAKENING 🌊
Where the ocean holds a little bit of magic...🧜🏻‍♀️

╭─────────────── ✧ ───────────────╮

Dive into a tropical coastal world filled with secrets, adventure, and magic. Create your own life above the surface before discovering what lies beneath it. 🐚

✦ 🧜🏻‍♀️ Awaken your mermaid form
✦ 💧 Master extraordinary powers
✦ 🌴 Explore the Gold Coast
✦ 🏝️ Discover Mako Island
✦ 👗 Design your own style
✦ 💰 Work jobs & earn coins
✦ 🫧 Find hidden places & secrets

╰─────────────── ✧ ───────────────╯

🌊 THE NEXT REWARD IS ALMOST HERE! 🌊

💙 Join our Roblox group and help us reach 5000 game likes!
https://www.roblox.com/communities/35987311/Mermaid-Awakening#!/about

🎁 Once we hit 5000 LIKES, a NEW COIN CODE will be released for everyone to redeem! 🪙✨

Mermaid Awakening just released. Bugs or Glitches may appear and should be expected. 
Please Join our Community Server to stay up to date with our development progress and community!",Roleplay & Avatar Sim,Dress Up,minimal,0,Up-and-Coming,1,https://tr.rbxcdn.com/180DAY-5700288e59fa1fa6b7e211a0d081d8cf/512/512/Image/Png/noFilter,Mermaid Awakening,Group,35987311,1705,1625954,15707,6234,422,20,2026-05-11T12:10:03.361Z,2026-09-05T13:28:36.889Z
1686885941,Brookhaven 🏡RP,"A place to play with like minded people and roleplay. Own and live in amazing houses, drive cool vehicles and explore the city. Be whoever you want to be in Brookhaven RP.

Latest Update:
🍪 House Update - New baking, new doorbells, and more house interactions!
🌄 Mountain View - New Land Unlocked location on the mountain by the beach!

Thanks for playing! 

Private Server Benefits:
· Prop Saving
· Server-Wide Music
· Server-Wide Announcements
· Remove or Lock Props
· Check Prop Owners
· Set Players as Admins
· Kick / Temp Ban Players
· Set Day of the Week
· Set Time by the Hour
· Change Weather and Lighting
· Speed up Time
· Server Theme Controls
· No Wait Time for Changing House 
· Spawn Up to Three Vehicles
· Prop Limit Increased
· Freecam for PC users (Shift+P)",Roleplay & Avatar Sim,Life,minimal,0,Top Playing Now | Fun with Friends | Top Earning | Most Popular | Trending in Roleplay & Avatar Sim,5,https://tr.rbxcdn.com/180DAY-fa553ad1cf6074fdfa04c162a581fa14/512/512/Image/Png/noFilter,Brookhaven by Voldex,Group,3104358,265038,87330520570,29847509,8517923,1398700,30,2020-04-21T02:15:38.373Z,2026-09-04T18:18:27.719Z
66654135,Murder Mystery 2,"Can you solve the Mystery and survive each round?

INNOCENTS: Run and hide from the Murderer. Use your detective skills to expose the Murderer.
SHERIFF: Work with the Innocents; you are the only one with a weapon who can take down the Murderer. 
MURDERER: Eliminate EVERYONE. Don't get shot by the sheriff.

Collect and trade hundreds of knives! 

Check out my profile for quick links to my pages! 
Like, follow, and subscribe for exclusive update news, free knife codes, and more!",Survival,1 vs All,moderate,0,Top Playing Now | Fun with Friends | Top Earning | Most Popular | Trending in Survival,5,https://tr.rbxcdn.com/180DAY-3ac5af325970a745b0156a5358174169/512/512/Image/Png/noFilter,Nikilis,User,1848960,182604,30216843610,23930222,10527545,1061386,12,2014-01-18T10:07:51.557Z,2026-09-01T17:43:04.782Z
3508322461,[SKY ASSASSIN] Jujutsu Shenanigans,"""what are you doing""
""im doing some jujutsu shenanigans"" (tell that to your friends)

M1 - melee combo
1,2,3,4 - skills
Q - dash (use in stun to escape)
F - block
R - special
W+W - sprint (automatically avoids obstacles)
G - awaken

combat based off many battleground games
destruction inspired by combat mayhem",Action,Battlegrounds & Fighting,mild,0,Top Playing Now | Fun with Friends | Top Revisited | Top Earning | Most Popular | Trending in Action,6,https://tr.rbxcdn.com/180DAY-e27277bbda2ba2efdb47a1863df2da3d/512/512/Image/Png/noFilter,Tze's Shenanigans,Group,16357742,122350,7133294612,2959767,2548877,402747,20,2022-04-17T04:51:12.57Z,2026-09-06T01:44:49.0882797Z
7326934954,99 Nights in the Forest 🔦,"Build a camp with friends. 

Something is watching you.

99 Nights in the Forest",Survival,,minimal,0,Top Playing Now | Top Earning | Most Popular | Trending in Survival,4,https://tr.rbxcdn.com/180DAY-56bf01c094511178285e3dadfcf02d81/512/512/Image/Png/noFilter,Grandma's Favourite Games,Group,6042520,112048,29438340562,9447960,5346337,562649,25,2025-03-04T04:46:49.73Z,2026-09-07T01:40:41.5333054Z
6701277882,[🔥UPD] Fish It! 🐟,"🔥EXPANDED WITHERING CORE, 6 NEW PETS / PET EGG AND A NEW SECRET

🐉 FORGOTTEN HYDRAS! NEW HIGHEST RARITY FISH, LIMITED GACHA, ELEMENTAL EXPANSION
⚡NEW ISLAND, 20 NEW FISH, 3 SECRETS, LIMITED SKINS, REFRESHED WHEEL

🍀 Collect from 1,000,000+ variations 🎣 Fish with your friends
Or just sail the seas and explore⛵

🛟 HOW DO I FISH?
- Click to charge up
- Click as fast as you can!

⭐ Remember to join the group and send feedback!

Inspired by Fisch and Fishing Simulator",Simulation,Incremental Simulator,minimal,0,Top Playing Now,1,https://tr.rbxcdn.com/180DAY-067e07fde6d37a0ebe4c3b7c6a80cad2/512/512/Image/Png/noFilter,Fish Atelier,Group,35102746,111624,4721758869,1282901,1340953,277150,20,2024-10-21T00:25:27.823Z,2026-09-06T03:31:43.9341754Z
9584852943,[NEW] +1 Speed Keyboard Escape | Candy & Chocolate,"🎀 Join the SecretVerse Studio group to unlock FREE gift in-game!

🍫 Welcome to +1 Speed Keyboard Escape | Candy & Chocolate! 🍫

⚡ Every step = +1 Speed
👟 Run, jump, and escape across a world made of candy & chocolate keyboard keys
💪 Train your speed and unlock powerful multipliers
👥 Race against friends and other players
🌍 Become the FASTEST on the server
🚀 Speed is everything… but one wrong move and you’re back at the start 😱

🎧 ASMR vibes included
Smooth movement, satisfying keyboard clicks, creamy visuals, and relaxing candy sounds for a perfect mix of speed & chill ✨",Simulation,Incremental Simulator,minimal,0,Top Playing Now | Top Earning | Top Rated | Most Popular | Trending in Simulation,5,https://tr.rbxcdn.com/180DAY-2fa54a08391b8fca3192019d2da3f966/512/512/Image/Png/noFilter,SecretVerse Studio,Group,1074557114,75783,5655326339,6335799,9601520,288123,22,2026-01-18T17:49:45.993Z,2026-09-05T19:39:22.5637494Z
10148749921,[2nd FLOOR] Animal Hospital (Anomaly) 🧪,"You got hired to work the night shift at Animal Hospital, its now your job to treat the patients.


but some patients are acting weird...

🏥 🩺 🚑  🧪",Survival,,minimal,0,Top Playing Now | Top Earning | Most Popular | Trending in Survival,4,https://tr.rbxcdn.com/180DAY-06b6e0dc95a0b41b65a1bf6dd6e63a18/512/512/Image/Png/noFilter,Animal Anomaly,Group,344908697,75745,2200012145,2874393,1245729,78471,30,2026-05-10T15:38:25.274Z,2026-09-05T16:04:09.595Z
3317771874,🕹️ [ARCADE] Pet Simulator 99! 💰,"Create an army of the coolest pets! They will help you get RICH!

✨ Currently 3,000+ pets to collect! 🐾

🧡 Thanks for playing!",Simulation,Incremental Simulator,minimal,0,Top Playing Now | Top Earning | Trending in Simulation | More When You Subscribe,4,https://tr.rbxcdn.com/180DAY-bf751ad783834bfa9ccca4610a5b912d/512/512/Image/Png/noFilter,BIG Games Pets,Group,3959677,73958,2627318692,2191603,3061852,169885,10,2022-02-05T13:30:02.357Z,2026-09-06T09:51:19.5343602Z
2711375305,Catalog Avatar Creator,"Catalog Avatar Creator allows you to try on many different avatar/catalog items for free. This includes accessories, hats, limiteds, hair combos, bundles, animation packs and more! You can also browse through an ever-growing collection of over 50M+ Community Created outfits, and save any avatars you have created in-experience! 

✅ All purchases made in-game will be available in your Roblox inventory & can be used in all games. 

✨ Join our Roblox Group here: https://www.roblox.com/groups/15102943 

🏆 Winner of the ""Best Use of Fashion"" Roblox Innovation Award (2023 and 2024)",Shopping,Avatar Shopping,minimal,0,Top Playing Now | Fun with Friends | Top Revisited | Most Popular | Trending in Shopping | More When You Subscribe,6,https://tr.rbxcdn.com/180DAY-4091747afd807e31c643fac0b3ad3448/512/512/Image/Png/noFilter,Muneeb,User,61648063,60678,7834999101,5765531,2966231,198792,24,2021-07-03T18:17:43.59Z,2026-09-06T10:40:21.1307607Z
7709344486,Steal a Brainrot,"🗣️ Welcome to Steal a Brainrot!

👍 Like the game and join the group

How to Play:
👽 Buy a Brainrot
🥷 Steal Brainrots from other players
💸 Generate money
🐦‍🔥 Rebirth
✋ Buy slaps and troll gear to troll other players!

💻 Supports Desktop, Mobile and Tablet players

🙏 Credit to Chris for letting us use the Nyan Cat!
🙏 Credit to @WinnersTakesAll for the backpack system!",Simulation,Tycoon,minimal,0,Top Playing Now | Top Earning | Most Popular | Trending in Simulation,4,https://tr.rbxcdn.com/180DAY-3667d0771df111ea4c7f81a2d221713d/512/512/Image/Png/noFilter,BRAZILIAN SPYDER,Group,35815907,60113,73299632386,29281796,15393685,2662095,8,2025-05-16T00:49:12.563Z,2026-09-06T21:58:12.8807741Z
6739698191,[CURE] Violence District,"><><-GAME IS IN ALPHA, EXPECT BUGS AND CHANGES-><><
if you manage to clip any bugs, feel free to show us in #bug-reports in our server 

Violence District is a casual asymmetrical horror game where 5 survivors have to survive against a killer.
Expect the worst, there aren't too many that get to live.

><><--><><--><><--><><
-SURVIVOR-
""Forced to partake in games for its amusement.""

Cooperate with your team to do objectives for a chance to escape.
Make it out alive together..... or alone.

Pallets are a scarce and limited resource to stun the killer and escape the chase, use them wisely.

><><--><><--><><--><><
-KILLER-
""No matter who or what, as long as it gets what it wants.""

Experience the thrill of the hunt, pursue down the ones who are alive. 
Hunt them down and don't let them escape.

><><--><><--><><--><><


Join our community and help shape the game!",Survival,1 vs All,mild,0,Top Playing Now | Fun with Friends | Most Popular | Trending in Survival,4,https://tr.rbxcdn.com/180DAY-24a7fe15374c20384a33ba2f9d4dc362/512/512/Image/Png/noFilter,VIOLENCE DISTRICT,Group,8818124,47293,1406430367,1564380,720506,52647,6,2024-10-31T00:18:08.683Z,2026-09-04T23:11:43.745Z
5361032378,Sol's RNG [ Summer Event 🏖️],"🎲 Sol's RNG is the #1 luck-based RNG game on Roblox! Roll for 400+ unique auras, craft powerful gear, and drink potions to boost your luck. How rare can you go?

🔄 Click """"Roll"""" to discover 400+ unique auras of varying rarity
🛠️ Craft unique gear using your collected auras
🍀 Drink potions to increase your luck and chase rare finds
🎯 Test your fortune and compete with friends for the rarest auras
🆓 Free private servers available for the best performance!

📢 Join our community for update announcements!",Simulation,Incremental Simulator,minimal,0,Top Playing Now | Top Revisited | Top Earning | Most Popular | Trending in Simulation,5,https://tr.rbxcdn.com/180DAY-6dc29dee3b2b0091b3e1cd2eef9d504c/512/512/Image/Png/noFilter,Sol's Studio,Group,8509669,43508,2142375464,1010492,1411511,133473,20,2023-12-03T08:42:00.263Z,2026-09-05T09:27:15.051Z
3808081382,The Strongest Battlegrounds,"Train & fight others to be the strongest.

📱💻🎮 You can play on any device. (CONSOLE, PC, MOBILE)
⭐ Please consider liking and favoriting the game for more updates.

🖥️ Controls
G - ultimate mode
F - block
Q - dash
Q (while ragdolled) - ragdoll cancel/evasive
Double Tap W - run
Left Click - punch
B - emote wheel

🏆 ""Best Fighting Experience"" Innovation Awards '24

This game includes randomized rewards (emotes and spins). All items have an equal chance of being obtained. No duplicates are possible.",Action,Battlegrounds & Fighting,mild,0,Top Playing Now | Fun with Friends | Top Revisited | Top Earning | Most Popular | Trending in Action,6,https://tr.rbxcdn.com/180DAY-68c92fc62a8753793f7963e146b5197f/512/512/Image/Png/noFilter,Yielding Arts,Group,12013007,42236,19159677817,7599663,5276539,1017885,15,2022-08-02T09:26:24.09Z,2026-09-05T18:31:18.1990215Z
10539411000,🍂 Clean all the leaves!,"Your friends left for vacation and stuck you with one job: clean every last leaf in the yard before they return. Simple enough — until you realize that they have been hiding something from you all along...

Reach the end by cleaning all the leaves to uncover the truth!

How to play :
🍂 Clean all the leaves in time
🧹 Buy and upgrade tools to help you go faster
🚪 Unlock new parts of the map as you progress
🤫 Hit 100% to unlock the SECRET ENDING!

Tags : leaf, leaf it, clean leaves, cleaning, adventure, secret, coop, teams, story, simulator.",Adventure,Story,minimal,0,Top Playing Now | Top Earning | Most Popular | Trending in Adventure,4,https://tr.rbxcdn.com/180DAY-a47320c97e331462144eab6ad189c2ce/512/512/Image/Png/noFilter,Muffin Interactive,Group,459291258,38861,143671644,237507,90272,13767,12,2026-07-21T01:21:41.529Z,2026-09-06T11:38:23.1359947Z
7219654364,[🌌DUELS] Murderers VS Sheriffs,"Welcome to [DUELS] Murderers VS Sheriffs

🚨 Use code 1BVISITS for a free knife! Thanks for playing!

Duel, improve your aim and have fun

WARNING:
Exploits or cheating of any kind will result in a permanent ban

Tags: 1vs1, 2vs2, 3vs3, 4vs4

",Action,Battlegrounds & Fighting,mild,0,Top Playing Now | Fun with Friends | Top Earning | Trending in Action,4,https://tr.rbxcdn.com/180DAY-e3ec01625d4eb72943a414fbfc6a4f02/512/512/Image/Png/noFilter,MVS Duels Community,Group,35551875,37128,1708763233,15939015,242599,35143,30,2025-02-09T12:47:47.52Z,2026-09-05T21:17:51.229141Z
10004244222,[🌍] Kick a Lucky Block,"Kick a Lucky Block! 😎

🍀 Kick the lucky block & Roll a brainrot
🌊 Survive the tsunami that you've triggered!
👷 Place the collected brainrot on your plot to earn money!
💪 Buy weights and train your legs to kick further!

🤩 Thank you for playing! Like and favorite if you enjoy the game !

Do not use exploits, our anti-exploit system will detect you and ban you.",Simulation,Tycoon,minimal,0,Top Playing Now,1,https://tr.rbxcdn.com/180DAY-b2845d659b6895fd3a4b025bafaa9f11/512/512/Image/Png/noFilter,No More Flops,Group,1041977165,36561,1798666531,25631187,1280026,65792,5,2026-04-07T17:46:03.203Z,2026-09-07T03:47:10.216268Z
2668101271,Fling Things and People,A place where you can play with or fling various objects and players.,Simulation,Physics Sim,mild,0,Top Playing Now | Fun with Friends | Most Popular | Trending in Simulation,4,https://tr.rbxcdn.com/180DAY-298897e01eeb244af09a923c7c0cdbcc/512/512/Image/Png/noFilter,Horomori,User,212140315,33241,3481699854,2515399,929212,227761,25,2021-06-16T13:57:11.12Z,2025-10-29T20:26:07.34Z
10648820673,[🔥] Karinderya!,"🍽️You own a "" Karinderya! "" a Filipino Restaurant.
⭐Be the first 5 star owner!
❤️Co-op Restaurant Simulator
🤣Goofy Restaurant Game


Code: ""DECOPART1""
           ""BRGYPERMIT""
           ""100KCCU""


Expect Bugs*",Simulation,Tycoon,minimal,0,Top Playing Now,1,https://tr.rbxcdn.com/180DAY-57a916807f5f2908d68898871f00accc/512/512/Image/Png/noFilter,SILOG,Group,985559810,32031,20517723,704376,56818,1833,6,2026-08-07T14:19:13.051Z,2026-09-06T20:05:03.9905713Z
9167377564,100 Days At Sea,"Inspired by 99 Nights in The Forest created by Grandma's Favorite Games

🏴‍☠️ You are sent on a mission to the middle of the ocean.
🏴‍☠️ You must uncover the mystery of the Bermuda Triangle...
✅ Survive 100 Days and get rich!

Open-World Survival game where exploration and base building is the key to survival.

HOW TO PLAY:
🔩 Grab resources or hook them with your Harpoon.
🔨 Build your raft base with structures and defenses.
🗺️ Explore the sea and visit mysterious islands.
⚔️ Find weapons and take on fearsome foes!",Survival,,minimal,0,Top Playing Now | Top Rated | Trending in Survival,3,https://tr.rbxcdn.com/180DAY-6f65bfe781eed76b26d956f00bc95d75/512/512/Image/Png/noFilter,Stranded Devs,Group,425035678,29914,330240174,7919301,610724,17729,27,2025-11-14T18:03:21.5Z,2026-09-05T01:17:03.632Z
6931042565,[UPD] Volleyball Legends,"BECOME THE KING OF THE COURT in Volleyball Legends!!

🏐🔥🔥FAST-PACED 6v6 Volleyball
Play a pickup Volleyball game with friends OR challenge anyone in a RANKED match

🎮CONTROLS:
Bump, Spike in Midair - CLICK [PC], RT [CONSOLE]
Set, Block in Midair - Q [PC], LT [CONSOLE]
Dive - CTRL [PC], X [CONSOLE]

❓HOW TO SERVE:
Once it is your turn to serve, click on screen (RT on console). Click again to choose power.
You can jump and spike the ball (tilt to change direction of the ball).
You can also let the ball drop to bump serve the ball in.

Premium benefits: Premium players receive +10% Yen

New updates weekly Saturdays at 11:30am EST!
Follow the game so you don't miss out!

💛LIKE, FAVORITE, and JOIN the group for REWARDS!",Sports & Racing,Sports,minimal,0,Top Playing Now | Top Revisited | Top Earning | Most Popular | Trending in Sports & Racing,5,https://tr.rbxcdn.com/180DAY-ed1f3412683078b25ba13dc18524c5d2/512/512/Image/Png/noFilter,Volleyball Game Group,Group,35330702,28572,3805152932,5129383,2527104,126190,12,2024-12-17T02:31:13.453Z,2026-09-05T15:30:12.024Z
3647333358,Evade ,"🔧 We've rewritten the codebase for better stability and optimization

Action parkour game, where movement is the key to success in surviving the Nextbots.

⚠️Using exploits, fastflags, or any other forms of cheats will result in an unappealable ban ⚠️

⚠️You may experience flashing lights and loud sounds in-game
❓To play, join Evade and press the ""Play"" button. To exit, press [M] or click on the ""Menu"" button in-game

[E] - Interact
[G] - Emote
[1/3/F] - Equip item
[2] - Usables Menu
[C/Ctrl] - Crouch
[T] - Whistle
[M] - Menu
[N] - VIP Menu

Inspired by Garry's Mod",Survival,,mild,0,Top Playing Now | Most Popular | Trending in Survival | More When You Subscribe,4,https://tr.rbxcdn.com/180DAY-bf95a86e5f5e37bf61a5f33401e95deb/512/512/Image/Png/noFilter,Hexagon Development Community,Group,5693735,27995,9145814027,8208299,3204331,207994,15,2022-06-10T19:20:37.097Z,2026-09-07T02:01:33.8846155Z
7585140258,RUNAWAYS [beta],"You've been found guilty of crimes you definitely committed. Your lawyer's advice? Get out of the country before the police catch you!

💎 Rob anything in your way
💰 Pawn your loot for cash
🧨 Blow open vaults and safes
🚔 Outrun the police
🌎 Make your way to the border!

Like and favorite the game, it motivates us to push better updates!

[Controls]
Click/Touch - Punch (or tool action)
E - Equip (or drag action)
X - Drop tool
R - Reload gun
Q - Attach
F - Inventory
C - Crouch / Slide",Action,Open World Action,mild,0,Top Playing Now | Top Earning | Most Popular | Trending in Action,4,https://tr.rbxcdn.com/180DAY-aec689acad0d62331d618dc2b81fc528/512/512/Image/Png/noFilter,supercat games,Group,32943081,26952,83887543,456811,273630,11004,50,2025-04-23T00:43:43.017Z,2026-09-04T23:54:15.243Z
2619619496,BedWars [⚖️ BALANCE],"🔥🔥 Updates are every FRIDAY at 3:00pm PDT, 6:00pm EDT 🔥🔥

🎮 Dive into over 10+ thrilling modes like Bed Wars, Lucky Block, SkyWars, Infected, and more!
✨ Explore and craft your own games in Creative mode with optional scripting support! Let your imagination run wild!

👋 HOW TO PLAY Bed Wars: 
📡 Press the ""Play"" button in the Lobby to find a game 
🛌 Protect your bed. Once it's gone, you can no longer respawn! 
💎 Gather resources to purchase items and team upgrades 
🏹 Destroy enemy beds and eliminate players to win the game! 

🖥️ PC CONTROLS:
Hotkeys are customizable in settings 
[Shift]: Sprint 
[E]: Open Inventory 
[H]: Drop item 
[G]: Ping
[TAB]: Open scoreboard 
[Ctrl]: Lock camera 
[T]: Use Emote Wheel
[F1]: Toggle picture mode 

📱MOBILE CONTROLS
Button position & sizing is customizable in settings

✌️ Easy",Action,Battlegrounds & Fighting,minimal,0,Top Playing Now | Top Revisited | Top Earning | Most Popular | Trending in Action,5,https://tr.rbxcdn.com/180DAY-92dfbc55ac3653237f8a460aaf65f7e1/512/512/Image/Png/noFilter,Easy.gg,Group,5774246,26894,11668040944,4602770,2466068,531333,40,2021-05-27T15:14:38.887Z,2026-09-05T17:40:26.1406823Z
4839802560,LifeTogether 🏠 RP,"UPDATE: LifeSnap now has sounds!

Welcome to LifeTogether!
Dive into an immersive roleplay where life is literally in your hands.

👍1M likes + follow + favorite for new APP!

Tags: Dream, Life, Club, Metro, Topia, Fun, Happy, Adopt, Raise, Daycare, Family, SCP",Roleplay & Avatar Sim,Life,minimal,0,Top Playing Now | Fun with Friends | Most Popular | Trending in Roleplay & Avatar Sim | More When You Subscribe,5,https://tr.rbxcdn.com/180DAY-b06e38243905a5d677db7ea3d860a9fb/512/512/Image/Png/noFilter,Cinnamon Software,Group,16007265,26477,3917082721,15364130,928186,97995,28,2023-07-05T20:36:59.163Z,2026-09-03T22:10:12.603Z
7089588429,(EVENT x LIMITED UPDATE 🇮🇩) Drag Drive Simulator,"Drag Drive Simulator (DDS / RDID Revamp) is a Roleplay Game that has realistic features like the real world. You can drive, play, and roleplay with friends in a fun way !! 😄

❤️ NEW CODE : DRAGDRIVESIMULATORAUGUST26 +4 MORE CODES
Next Code releasing at 200000 Likes❓❓

⭐️ BETA V1.1.8 [EVENT x LIMITED UPDATE] :
- Indonesian Independence Quest Event 2026 has begun! 🎖️🇮🇩 (Event Start: 30/8/26)
- Added 5 new Limited Special Vehicles
- Added 2 new Standard Vehicles
- Added new Police Vehicle
- New Modification System: DRL Type, DRL Color, & Indicator Flash Rate 🔧
- Improved Kickstand System: Now Follows Suspension Height
- Added Independence Day Decorations around the map 🇮🇩
- New PvP Minigame: Independence Day Games! 🏆
- Added 5 new Redeem Codes
- Bug Fixes & Many More!

Don't forget to click Like (👍) and Favorites (⭐️) the game

If you have suggestions or find bugs, please report it on the social links below.

#dds #rdid #ddsupdate #rdidupdate #drag #simulator #roleplay",Simulation,Vehicle Sim,minimal,0,Top Playing Now,1,https://tr.rbxcdn.com/180DAY-ebe9609cbf0307b1acdc37bdbe59e6b2/512/512/Image/Png/noFilter,ADV Gamers Team,Group,11378976,26055,565081115,2928324,182131,8111,25,2025-01-15T08:10:40.233Z,2026-09-06T13:49:40.8259209Z
3240075297,Berry Avenue 🏠 RP,"⭐ Welcome to Berry Avenue! A place to roleplay, hang out and explore!
🍓 Choose from a wide selection of stylish houses, cool cars & roleplay items to enhance your experience!

🏫 Become a student at the High School 🧑‍🏫
🏪 Work at the grocery store 🥔
🏦 Rob the bank or become a police officer 🚨
🏥 Treat patients at the hospital 🚑
& much more!

Genres: Roleplay, Town & City",Roleplay & Avatar Sim,Life,minimal,0,Top Playing Now | Fun with Friends | Most Popular | Trending in Roleplay & Avatar Sim,4,https://tr.rbxcdn.com/180DAY-0ad132d9a875993bc0c73af94dcebddb/512/512/Image/Png/noFilter,Amberry Games,Group,13658419,24799,8688872322,3581043,1131874,184120,31,2022-01-07T23:54:58.843Z,2026-08-28T13:59:01.061Z
10144280947,[C2]🐒 +1 Speed Monkey Escape,"⚡ Welcome to +1 Speed Monkey Escape

How to Play:
🐒 Jump on walls and run as a Monkey
👟 Every step makes you faster
🏆 Overcome obstacles to get wins
💪 Unlock new upgrades
🔥 Rebirth to push your limits

If you’re having fun, don't forget to like the game! 👍",Simulation,Incremental Simulator,minimal,0,Top Playing Now | Top Rated | Most Popular | Trending in Simulation,4,https://tr.rbxcdn.com/180DAY-8919791cc332453f1a909bae6bfd135d/512/512/Image/Png/noFilter,100% ALGO SHOT,Group,1008902725,23478,534467069,10655478,1898328,39407,22,2026-05-09T19:12:04.372Z,2026-09-06T17:38:40.0683328Z
10338952197,Grow a Chicken Fighter,"🐔 Welcome to Grow a Chicken Fighter! 🥚 Hatch · ⚔️ Battle · 🧬 Fuse

CODE: WELCOME

🥚 Hatch eggs and collect rare chickens
💰 Send them to the PIT to fight for money
🏰 Climb the TOWER and beat every boss
🧬 FUSE two chickens into a mutated monster
🌟 Rebirth to earn way faster
⚡ Unleash insane anime SPECIAL ABILITIES

Your chickens keep laying eggs while you're offline ⭐

👍 Like + ⭐ Favorite!
👥 Join the group!
🔔 Follow for codes and updates!",Simulation,Tycoon,mild,0,Top Playing Now | Top Earning | Top Rated | Trending in Simulation,4,https://tr.rbxcdn.com/180DAY-2890889442faf880ba30961a291b8143/512/512/Image/Png/noFilter,Grow a Chicken Fighter,Group,180466034,22500,95831564,6860169,346144,7393,8,2026-06-16T14:59:20.172Z,2026-09-05T15:10:21.292Z
6765805766,BlockSpin 🔪 ,"👍👍 Thumbs up the game for more updates! 

Use code W7C28D for $500 free cash if you're a new player!

Spin the block. Grind your way through jobs to unbox random reward cases, and level up your character to become the top dog in the city. 

Every choice you make will push you closer to becoming the most powerful gangster around. With intense battles, unforgettable finishers, and a world that reacts to your every move, you’ll need more than just muscle to reign supreme.

The question is: will you rise to the top or be left behind?

Warning:
- You drop everything in your inventory on death, place items into the safe in your house to keep them secure.

Based in a Florida county.
",Action,Open World Action,moderate,0,Top Playing Now | Fun with Friends | More When You Subscribe,3,https://tr.rbxcdn.com/180DAY-2a4c48dce5b0e82b0fbfc61acc0c053f/512/512/Image/Png/noFilter,Cinnamon Go!,Group,33720745,21268,1212026572,975644,269887,73958,28,2024-11-06T14:19:35.68Z,2026-09-05T14:10:28.8Z
703124385,Tower of Hell,"Can you be the first to the top in this randomly generated obby with absolutely no checkpoints at all?



Owners of VIP-Servers can use the settings menu to skip rounds, set the tower size and lock the shop.",Obby & Platformer,Tower Obby,minimal,0,Top Playing Now | Most Popular | Trending in Obby & Platformer,3,https://tr.rbxcdn.com/180DAY-9704151d9c8a70e7ebe0ced8cb2b95c1/512/512/Image/Png/noFilter,YXceptional Studios,Group,4217910,21441,28751004424,11951098,4332352,1556280,20,2018-06-18T21:17:06.1Z,2026-08-18T23:52:22.031Z
372226183,Flee the Facility,"RUN, HIDE, ESCAPE! Run from the beast, unlock the exits, and flee the facility!
This game runs well on phones, tablets, PC, Xbox, and PlayStation.

📋GAME RULES📋
https://devforum.roblox.com/t/flee-the-facility-game-rules/3941301

⭐CREDITS⭐
https://devforum.roblox.com/t/flee-the-facility-credits/2026108

📄 Latest Update [08/12/26]
End of Summer 2026 Event
-Removed Summer Event decor and items from the shop.
More info here:
https://devforum.roblox.com/t/flee-the-facility-change-log-081226/4806998

[08/07/26]
- Extended Summer event end date to 08/12/2026.

[07/22/26]
- Summer 2026 event. Ends 08/07/2026.
- New limited time Summer 2026 collection item bundles.
- Decorated Summer Lobby and Trading Post with a new soundtrack.
- Many other changes.
More info here:
https://devforum.roblox.com/t/flee-the-facility-change-log-072226/4752084",Survival,1 vs All,mild,0,Top Playing Now | Fun with Friends | Most Popular | Trending in Survival,4,https://tr.rbxcdn.com/180DAY-020624ac5ead7f6c4a1d9fdd41277767/512/512/Image/Png/noFilter,A.W. Apps,Group,3182154,20482,5979197029,9680192,2779826,238618,5,2017-07-01T07:01:19.197Z,2026-08-22T21:04:30.619Z
601130232,Bee Swarm Simulator,"Grow your own swarm of bees, collect pollen, and make honey in Bee Swarm Simulator! Meet friendly bears, complete their quests and get rewards! As your hive grows larger and larger, you can explore further up the mountain. Use your bees to defeat dangerous bugs and monsters. Look for treasures hidden around the map. Discover new types of bees, all with their own traits and personalities!

Bee Swarm Simulator Club:
https://www.roblox.com/groups/3982592",Simulation,Incremental Simulator,minimal,0,Top Playing Now | Top Earning | Most Popular | Trending in Simulation,4,https://tr.rbxcdn.com/180DAY-47a5cb3cce196ed1f9ddbc097c415ad1/512/512/Image/Png/noFilter,Onett,User,1912490,19793,4551666228,6523538,3019399,139615,6,2018-03-21T15:59:58.777Z,2026-08-22T20:13:32.886Z
10440833423,[UPD] Greedy Growers 🌱,"Plant seeds and watch your trees grow to the moon! But be careful, lightning can strike at any moment! Don’t get too greedy…

🌊 Buy a seed from the river
🌱 Plant it in your plot
🌳 Watch your tree grow
⚡ Harvest before lightning strikes! 


🎮 Available on PC, Mobile, Tablet, and Console

👍 Enjoying the game?
Leave a thumbs up and favorite to support future updates!",Simulation,Tycoon,minimal,0,Top Playing Now | Top Earning | Top Rated | Trending in Simulation,4,https://tr.rbxcdn.com/180DAY-5cf06bf3a4b241bbeba1e701fca5d106/512/512/Image/Png/noFilter,Banjo Lady Games,Group,830072163,19860,77958145,275773,555867,12452,4,2026-07-03T19:34:07.285Z,2026-09-05T04:49:57.619Z
10261267004,[UPD] Storage Hunters: Open World,"💰 Welcome to Storage Hunters Open World 💰

Storage Hunters is an open-world auction adventure where every locker could treasure! Bid on auctions, grab your loot, load up your vehicle, and bring everything back to your shop to sell for profit.

Discover rare items, mutations, safes, trophies, quests, vehicles, wearables, and new areas as you grow from noob into the ultimate storage tycoon! 🏆✨

[How To Play]
• Join an auction and bid on storage lockers
• Win items and load them into your vehicle
• Drive back to your shop and sell your finds
• Upgrade your shop, unlock new areas, and complete quests
• Hunt for rare mutations like Gold, Diamond, Void, and Rainbow 🌈

Can you turn mystery containers into a fortune? 💸",Simulation,Tycoon,minimal,0,Top Playing Now | Top Earning | Most Popular | Trending in Simulation,4,https://tr.rbxcdn.com/180DAY-8e07578731973362ba8db2efc2b1b079/512/512/Image/Png/noFilter,Absolute Zero!,Group,9640154,19553,102033226,322850,108514,6209,8,2026-06-02T13:23:51.178Z,2026-09-06T21:53:24.3249333Z
1831550657,✨ Creatures of Sonaria 🍃 Survive Kaiju Animals,"🦖 Start as a young, weak creature and become stronger and explore this immersive survival experience for food and water! Will you survive?

🌟 Favorite the game and join Sonar Studios' for in-game rewards!
🎮 Press K in-game to view the controls! 

Added This Week!
Gorvulith💎Monthly Mission!
Acona🍃Obtained from Boss Fight!

🦑 Play as a variety of creatures in Sonaria's Universe
☄️ Use exciting combat abilities
👥 Hang out and socialize with friends
⚔️ Group with others and battle as a team
🏹 Hunt in a vast world
♻️ Save, trade, and store your grown creatures
✨ Reach a full adult, and become an elder to get stronger!

Tags: Survival, Fantasy, Creature, Fighting, Kaiju, Titan, Monster, Monsters, Animals, PVP, Abilities",Roleplay & Avatar Sim,Animal Sim,minimal,0,Top Playing Now | Fun with Friends | Top Revisited | Top Earning | Most Popular | Trending in Roleplay & Avatar Sim,6,https://tr.rbxcdn.com/180DAY-a9d72513e888a62193f0c08f8ef5b643/512/512/Image/Png/noFilter,Sonar Studios,Group,2919215,18670,2205301811,11123473,1403094,114890,75,2020-06-25T17:33:51.58Z,2026-09-05T00:13:07.106Z
5995470825,[🔥NEW MYTHIC] Hypershot,"✨Welcome to Hypershot!✨
Jump into our intense and fast paced first person gunfight shooter where skill, style, and chaos rule supreme! 

🏆Dominate in intense classic gamemodes such as Team Deathmatch, Capture the Flag, Free for All, and Gun Game (Arsenal).
💥Team up with friends to challenge rivals to 1v1 or 2v2 duels
👑Climb the ranks to reach the leaderboard!
🌀Master your abilities to outmaneuver and outplay your enemies!
🔥Earn coins and gems to unlock new weapons, skins, abilities, and so much more!
🎮Available on PC, phones, tablets, and console

❤️Made with love by Frosted Studios

⚠️CHEATING OF ANY FORM WILL RESULT IN A BAN ON ALL ACCOUNTS⚠️

*Disclaimer: You will not receive cases in bundles if you live in a country that do not allow the purchase of cases",Shooter,Deathmatch Shooter,mild,0,Top Playing Now | Top Earning | Most Popular | Trending in Shooter | More When You Subscribe,5,https://tr.rbxcdn.com/180DAY-bc489982beca9961de428e7f4b73fb01/512/512/Image/Png/noFilter,Frosted Studio,Group,3385385,18379,1256027059,20311928,1802535,103286,17,2024-05-17T04:08:24.07Z,2026-09-06T07:27:26.6700687Z
10502841145,[SPIRITS] Anime Astral Simulator,"🎉 Welcome to Anime Astral, become the best fighter trainer! 

🎁 Use Code ""Release"" for some FREE Boosts! 

🚀 Explore and be the first to discover a secret fighter! 
💪 Collect and train the strongest fighters! 
🗺️ Explore the Worlds 
🏆 Reach top of leaderboard with your friends! 
🌀 Complete gamemodes to receive some rewards! 


📱Supports Desktop, Mobile and and all other platforms 
⭐ Made with ❤️ by Astral Team",Simulation,Incremental Simulator,minimal,0,Top Playing Now | Top Revisited,2,https://tr.rbxcdn.com/180DAY-c78d1a8aa910fef1d5f19ecbedffb4c3/512/512/Image/Png/noFilter,StarX Inc,Group,33910482,17512,76457236,107371,32739,1080,10,2026-07-14T15:26:28.559Z,2026-09-05T20:41:56.3963456Z
7554119808,🛍️ My Avatar!,"👍  New FREE point shop item at 91% Likes. Please Like the game! 

My Avatar! lets you browse the entire Roblox catalog and build avatars for free, plus explore a wide range of community-made outfits.

✨ Earn Points whenever you make purchases in-game.
🛍️ Spend Points in our Point Store to claim 100+ Free accessories.
✅ All purchases made in-game will be be added to your Roblox inventory & can be used in all games. 

🤝 Sign up to Roblox Plus within My Avatar and earn 1,299 Points!

More updates coming soon!",Shopping,Avatar Shopping,minimal,0,Top Playing Now | Trending in Shopping,2,https://tr.rbxcdn.com/180DAY-6456e2461fc537a77f35c225493137b9/512/512/Image/Png/noFilter,THINK DIFFERENT.,Group,35878697,15488,391445248,5058055,139112,13979,28,2025-04-17T15:46:01.82Z,2026-09-06T22:45:25.6506563Z
10200395747,Grow a Garden 2,"🌱Welcome to Grow a Garden 2🌱

How to Play:
• Buy seeds from the shop when they restock🛒
• Plant them in your farm and watch them grow🌻
• Harvest your crops and sell for sheckles🪙 
• Make a guild to compete for exclusive weekly rewards!🛡️
• But be careful... because at night STEALING STARTS!🌙

Remember, your garden literally grows while you're offline!⏰",Simulation,Tycoon,minimal,0,Top Playing Now,1,https://tr.rbxcdn.com/180DAY-076fa0b396f5eac77ef9bb004dac1842/512/512/Image/Png/noFilter,Strawberreh Squad,Group,432538536,15277,1666236588,661879,718189,97781,8,2026-05-21T19:45:07.879Z,2026-09-07T02:07:21.4602695Z
10460801145,TROLL Hug Tower,"Climb the tower, catch other players, carry them around, and throw them into the lava!

Will you reach the top… or get trolled first? 😈😈

⭐ Favorite the game for updates!

icons by @M1ROR1AN
animations by @us_2v
thumbnails by @MicrosoftConsole",Obby & Platformer,Tower Obby,mild,0,Top Playing Now | Trending in Obby & Platformer,2,https://tr.rbxcdn.com/180DAY-0a6fdff3c4ca863ab11c3e01a7a8afae/512/512/Image/Png/noFilter,Trash Container,Group,762453382,14982,140362479,163824,60077,9438,20,2026-07-07T01:58:01.342Z,2026-08-31T18:48:07.804Z
4777817887,Blade Ball,"⚡  In this game of focus, timing, and strategy, your skill is tested as a deflectable homing ball hunts players with increasing speed. But there's more than what meets the eye.

🔥  Gain new abilities and upgrade them to compliment your playstyle. Rise through the ranks by mastering your skill, and stand out with a variety of iconic weapon skins and finisher effects.

🏆 Shoot for the leaderboard or play casually! The choice is yours.
 
CONTROLS:
BLOCK - F/R1/Tap Screen/Tap UI Button/Left Click
ABILITY - Q/ButtonX/Tap UI Button/Right Click
SHIFTLOCK - Shift/Button-Y/Tap UI Button
EMOTE - R/L1/Tap UI Button

tags: minigame, battle game, pvp, multiplayer, abilities, dodgeball, sports, mobile, console, xbox, pc",Action,Battlegrounds & Fighting,mild,0,Top Playing Now | Top Earning | Most Popular | Trending in Action | More When You Subscribe,5,https://tr.rbxcdn.com/180DAY-b7317d44fd85c141d154cede4aacf4b0/512/512/Image/Png/noFilter,Wiggity.,Group,12836673,14881,6398467873,12883367,8410304,584400,16,2023-06-17T00:05:26.103Z,2026-09-06T13:54:20.5759927Z
10475794799,[UPD] Dig & Clean 🧼,"Welcome to Dig & Clean!

How to Play:
⛏️ Dig up dirty junk and buried treasure!
💦 Spray it clean and find out what it is!
💎 Hunt for the rarest items in the game!
🏛️ Show off your best finds in your own museum!
🚀 Buy better shovels and spray bottles!

📱 Play on Mobile, Tablet, PC and Console!

Grab a shovel. Let's see what you get!",Simulation,Tycoon,minimal,0,Top Playing Now | Trending in Simulation,2,https://tr.rbxcdn.com/180DAY-3a9156b5c6a750154b4aed71b66f137f/512/512/Image/Png/noFilter,Squeaky Clean!,Group,679586291,14750,95411366,1429235,198008,7342,6,2026-07-09T23:01:31.839Z,2026-09-06T13:46:20.1638117Z
88070565,[🚗] Welcome to Bloxburg ,"👋 Welcome to the town of Bloxburg, where you can be anything you want to be!

🏡 Build and decorate, or buy the house or creation of your dreams!
👕 Customize your character with outfits and roles!
🎭 Roleplay with friends using interactive items and emotes! 
💼 Choose a job and earn money + rewards as you work!
🚗 Select one of many vehicles and drive around town!
🏆 Level up your skills, such as cooking, and unlock exciting content!

Thanks for playing! Make sure to follow us ⭐ and give the game a thumbs up! 👍 

Genres: Roleplay, Building, Life Simulation, Hangout, Town & City, Driving",Roleplay & Avatar Sim,Life,minimal,0,Top Playing Now | Top Earning | Most Popular | Trending in Roleplay & Avatar Sim | More When You Subscribe,5,https://tr.rbxcdn.com/180DAY-975ef139ad526667e977addf45793a71/512/512/Image/Png/noFilter,Bloxburg Development,Group,8505490,14633,10088017408,13981944,5626378,733737,12,2014-11-04T03:31:28.28Z,2026-09-03T14:21:31.947Z
7018190066,Dead Rails,"In 1899, a mysterious virus swept the American continent. Dubbed the ‘Zombie Plague’, a cure was discovered in Mexico. Gather your friends and board your trains to fight through the zombie-infested desert.",Adventure,Exploration,moderate,0,Top Playing Now | Trending in Adventure,2,https://tr.rbxcdn.com/180DAY-73310f33b2ecd73ed0e37b9b24407bf4/512/512/Image/Png/noFilter,RCM Games,Group,11867394,14238,6551552638,6093559,3336380,267094,16,2025-01-01T18:35:30.213Z,2026-09-06T19:18:23.3511245Z
7008097940,[🥇] Ink Game,"🆕 NEW: MEDAL EVENT

🦑 Survive deadly challenges inspired by Squid Game.
🏆 Be the last one standing or rebel and escape with all your friends.
🎭 [3 ENDINGS] [REBEL, FINAL FIGHT & SKY SQUID GAMES]

💻📱🎮 Works on all devices: PC, Console, Mobile.

  PC Keybinds: 
Left Ctrl / Left Alt — Shift Lock
Q — Dash (if unlocked)

⚠️ CHEATERS WILL BE PERMANENTLY BANNED WITH NO HESITATION, DO NOT CHEAT OR YOU WILL BE BANNED. ⚠️

Made by some HBG devs.",Party & Casual,,mild,0,Top Playing Now | Top Earning | Most Popular | Trending in Party & Casual,4,https://tr.rbxcdn.com/180DAY-f5369f48ee8a637014f59fdab271b746/512/512/Image/Png/noFilter,games i think,Group,12398672,13869,3302710653,22159343,1233455,322748,100,2024-12-31T03:07:28.08Z,2026-09-06T20:54:24.6473397Z
10399136326,Anime Ability Arena,"Welcome to Anime Ability Arena.

Jump into fast-paced battles, use anime-inspired powers, and defeat players to earn Yen. Use your Yen to unlock new characters, test different movesets, and find the ability that matches your fighting style.

🔥 Game Features
18 playable characters
Unique ability movesets
Fast arena combat
Earn Yen by fighting
More characters and updates coming soon

🎮 Supported Devices
PC, Mobile, Tablet, Xbox, and PlayStation

⭐ Like and favorite the game for more updates!

⚠️ Rules
No exploiting, cheating, alt farming, or bug abusing. Breaking the rules can lead to a permanent ban.",Action,Battlegrounds & Fighting,mild,0,Top Playing Now | Trending in Action,2,https://tr.rbxcdn.com/180DAY-b74e435429979fcf11c44bbfd9ca00fb/512/512/Image/Png/noFilter,no dj khaled we the best,Group,1049827595,13630,53868469,99816,63112,7605,18,2026-06-26T17:32:45.237Z,2026-09-07T00:39:48.8142395Z
10199301628,[UPD☢️] Merge a Nuke!,"Merge nukes. Stack your arsenal. RAID everyone. 💥

🔧 Merge bombs into BIGGER nukes
💰 Your nukes earn CASH every second - even whilst you're OFFLINE!
🚀 Launch nukes at enemy bases and STEAL their cash
🛡️ LOCK your base before someone nukes YOU back!

USE CODE: BOOM

🏆 Can you build the deadliest nuke collection?

🎮 Playable on Desktop, Mobile, Tablet & Console!

🔥 NEW UPDATES EVERY FRIDAY
🔔 Join the group for codes & updates!",Simulation,Tycoon,minimal,0,Top Playing Now,1,https://tr.rbxcdn.com/180DAY-d600bb4a6fe120d442355f14587ffdfe/512/512/Image/Png/noFilter,Nuke The Game,Group,446405201,13491,398423370,1933205,742375,39983,8,2026-05-21T13:45:07.797Z,2026-09-07T03:42:16.0427455Z
4658598196,Attack on Titan Revolution,"NEW CODE at 1,400,000 LIKES! All current codes are in the community server!

🔥 Join the battle of freedom and lead humanity in the REVOLUTION against the titans! 🔥

🗡️ Customize your ODM play style with Upgrades, Perks, Artifacts, Families, Cosmetics and more! 🗡️

⚡ Take on Shifters in the Raids Gamemode and steal the ABILITY to SHIFT for yourselves... ⚡

✔️ Join the ROBLOX Group for +5.0% XP and +5.0% Gold in-game! ✔️

📅 Check the socials to be updated for future updates! 📅

📱 Available on all platforms! 📱

🎮 All controls can be found in the game settings! 🎮",RPG,Action RPG,mild,0,Top Playing Now | Top Earning | Trending in RPG,3,https://tr.rbxcdn.com/180DAY-b5b0d5438b8f70eca4dc9311ac541afc/512/512/Image/Png/noFilter,AoTR [PI],Group,17347863,12841,1122561931,1463668,1397812,58395,20,2023-05-07T20:08:19.05Z,2026-09-05T21:42:43.5784353Z
9855761734,San Diego Roleplay,"🌴 Welcome to San Diego, California 🚔

🛠️ Live development - biweekly updates, your voice shapes the game

Roleplay game - respect the rules & respect other players or face moderation

How to Play:
🚙 Spawn your vehicle
🛂 Approach the city checkpoint
👮 Get approved or inspected by checkpoint authorities
💼 Sign up as an agent and run the line yourself
🚨 Or pack something you shouldn't and hope they don't look too close...

🎖️ Every team plays different - unique vehicles, uniforms, loadouts, and gear

If you use exploits/cheats to auto farm or cheat in any other way we WILL find you and you WILL be banned. You have been warned!",Roleplay & Avatar Sim,Life,mild,0,Top Playing Now | Top Earning | Trending in Roleplay & Avatar Sim,3,https://tr.rbxcdn.com/180DAY-f2eb7fd8f96bf391222763b19d63e4c9/512/512/Image/Png/noFilter,San Diego Border Community,Group,177149320,12802,178220173,257198,129747,21823,50,2026-03-08T18:59:20.013Z,2026-09-07T00:04:10.7136669Z
4949420752,Realistic Street Soccer,"If you read this, you should join immediately.
Welcome to Realistic Street Soccer! 

💬 Join the community server through Social Links to keep up with every update!

CONTROLS (PC):
Hold Left Click - Shoot & Pass
E - Tackle
Q - Dribble
Shift - Sprint
CTRL - Mouse lock
Spacebar - Header

📱 The game has been made very simple for mobile users!
🌟 PRIVATE SERVERS ARE FREE AND OWNERS HAVE ACCESS TO FULL ADMIN PANEL!

INFO:
🧍‍♂️ Realistic characters & animations.
🧤 Balanced AI Goalkeepers.
🕒 Fast-paced gameplay in a Futsal size field.
⭐ Progress is saved!

🔨 Developed by V_ersalty
⚠️ Exploiting on alt accounts will result in an automatic ban on all your accounts.",Sports & Racing,Sports,minimal,0,Top Playing Now | Trending in Sports & Racing,2,https://tr.rbxcdn.com/180DAY-da0313825baab9d7810793c030c5bd21/512/512/Image/Png/noFilter,The Builder's Legion,Group,2801805,12689,1597136653,752735,474131,85822,8,2023-08-04T18:34:38.06Z,2026-09-06T16:17:15.4381844Z
2936053166,[🦑] Squid Game X,"🌟NEW CODE🌟
""$1.2M""
Next big code at 1.4M likes! 👍

SEASON 3 !!!
🚨UPDATE🚨
-NEW GAMEMODE SKY SQUID
-NEW GAMEMODE HIDE AND SEEK / KEYS AND KNIVES
-NEW GAMEMODE JUMP ROPE

We are a small development group please support us by 👍 the game!

Join our group to get the FAN tag in game!

Current Game Modes:
Red Light, Green Light
Honeycomb
Pentathlon
Hide & Seek (Keys & Knives) (NEW)
Jump Rope (NEW)
Sky Squid (NEW)
Mingle
Night Brawl
Rebellion
Tug of War 
Marbles
Rock, Paper, Scissors Minus One
Glass Bridge
Final Dinner (NEW)
Squid Game


Join the group for bonus daily rewards and codes:
https://www.roblox.com/groups/12255003/redifi#!/about

Squid Game X survival game is inspired by the show ""Squid Game"", simulate your squid game experience!

🔨Update log: https://devforum.roblox.com/t/1489186
Credits: https://devforum.roblox.com/t/1489486

Tags: Survival, Squid game survival game, squid game, Squid Game, survive,Mingle,Pentathlon, ink, ink game, shrimp, shrimp game

V11.0.0",Party & Casual,Minigame,mild,0,Top Playing Now | Trending in Party & Casual,2,https://tr.rbxcdn.com/180DAY-334d65d70384d4b12926408dfd1fc3ad/512/512/Image/Png/noFilter,redifi,Group,12255003,12703,2196971978,1789206,1466163,98442,80,2021-09-24T23:38:34.723Z,2026-08-30T06:35:03.021Z
9780429221,Cheating During Testing [BETA],"😰 You forgot to study.  
Now cheating is your only option.

🚨 Every answer is a risk. Every second counts.

The clock is ticking…  
Finish your test before time runs out—but whatever you do…

Don’t let the teacher see you cheating.

📄 Complete tests and earn Credits.  
⭐ Higher grades earn even bigger rewards.  
🛒 Buy cheating gadgets, and equipment to improve your chances.  
👀 Beware of Snitches—they’ll sell you out for Credits.  
🍎 Manage your Anxiety throughout the exam.  
🤝 Team up with friends… if you can trust them.

🏆 Outsmart the classroom.  
💰 Build the ultimate loadout.  
📚 Become the ultimate cheater.

How long can you keep fooling the teacher?

⚠️ Disclaimer: Cheating during tests, rule-breaking, and avoiding teachers are fictional gameplay mechanics and are NOT meant to encourage or promote these behaviors in real life.",Survival,,mild,0,Top Playing Now | Fun with Friends | Most Popular | Trending in Survival,4,https://tr.rbxcdn.com/180DAY-8beda541252b1150ae5dbe9cb60d80e0/512/512/Image/Png/noFilter,ebenxzy,User,10197139721,12377,51775007,865492,38926,8629,24,2026-02-22T16:56:44.17Z,2026-09-06T15:55:32.2836711Z
10410945205,+1 Cut Grass Adventure,"🌿 Welcome to +1 Cut Grass Adventure!

1. Train your Strength 💪
2. Cut the Grass 🌱
3. Collect Loot & Sell it! 💵
4. Buy new Cutters and Upgrades ⬆️
5. Rebirth and CUT THE ENTIRE FIELD! 🔄

💤 You earn Strength & Cash while you're OFFLINE!",Simulation,Incremental Simulator,minimal,0,Top Playing Now | Trending in Simulation,2,https://tr.rbxcdn.com/180DAY-a9ef09e676293266d2b241f734e61d75/512/512/Image/Png/noFilter,Grassini,Group,113072261,12277,57456558,101232,91828,2845,15,2026-06-28T13:55:53.933Z,2026-09-06T22:06:22.896493Z
1268927906,💪Muscle Legends ,"💪 Unleash your strength and become the strongest ROBLOXian of all time! Train your body, unlock new Gyms, fight other Players, collect epic Pets, gain new Moves, compete in Arenas and much more in Muscle Legends!

SECRET IN-GAME CODES: megalift50, speedy50, spacegems50, ultimate250

✨ Premium Benefits: x2 Strength from Training, +2 Daily Fortune Spins, x2 Chest Rewards, +1 Pet Slot

🎁 Join Scriptbloxian Studios to unlock the group chest & +1 Daily Spins! https://www.roblox.com/groups/874427664/Muscle-Legends-Studio",Simulation,Incremental Simulator,mild,0,Top Playing Now | Top Earning,2,https://tr.rbxcdn.com/180DAY-d1f7769cd10f4cedf7b04cbf27a3fbe8/512/512/Image/Png/noFilter,Muscle Legends Studio,Group,874427664,11564,2292027613,2594109,1156085,154491,20,2019-08-09T14:52:25.583Z,2026-09-05T22:54:40.5475964Z
10561352230,[W2]+1 Drain Water Per Click,"💧 Welcome to **+1 Drain Water Per Click!**

🚰 Every click gives you +1 WATER!
🌊 Drain the Pool and collect all the Water!
🐟 Empty the Pool to discover rare and legendary Fish!
🏊 Drain bigger Pools and unlock new Areas!
🗺️ Explore new Lakes with amazing surprises!
⚡ Unlock powerful upgrades and drain faster!
👑 Collect Wins and become the ULTIMATE Water Master!

🐾 Collect Pets for huge Water boosts!
🐠 Find legendary Fish and build your collection!
🚀 Unlock OP upgrades and dominate the Lakes!
📱 Supports ALL Devices!

👍 Like & Favorite if you enjoy the game!

",Simulation,Incremental Simulator,minimal,0,Top Playing Now | Top Rated | Trending in Simulation,3,https://tr.rbxcdn.com/180DAY-377965d6c1c4e97064ea98139dbd5a3e/512/512/Image/Png/noFilter,Wrestling Elephant Studio,Group,183340924,11654,34413695,1413909,343538,3298,6,2026-07-25T01:22:46.95Z,2026-09-07T01:45:39.7993922Z
10649255304,Pull An Egg,"Pull An Egg! 
💪 Lift heavy dumbells to get Stronger and to grow Bigger 💪

💡 How to Play:
- Lift heavy weights to get Strong!  💪
- Pull Eggs back to your Farm! 🏃‍♂️
- Don't get caught by the Animals! 👮
- Hatch your Eggs to start earning Money! 🥚
- Upgrade your Dumbells to pull Bigger and Heavier EGGs! ⚡

Your Brainrots earn cash OFFLINE! 💤

Like the game and join the group for FREE cash and a Animal! 👍",Simulation,Tycoon,minimal,0,Top Playing Now,1,https://tr.rbxcdn.com/180DAY-99dcb9b54fa3823e80107c638c1d688e/512/512/Image/Png/noFilter,Future Cooks,Group,487434901,11501,6486308,443610,3260,456,5,2026-08-07T15:33:15.042Z,2026-09-06T22:23:00.697231Z
6325068386,[NEL BAROU] Blue Lock: Rivals,"IMPORTANT: This fan-made unofficial game is created by huge Blue Lock fans as a tribute to celebrate the anime and share our passion with the community.

⚽Enter the high-stakes world of Blue Lock: Rivals, inspired by the groundbreaking anime Blue Lock! Compete in electrifying 5v5 soccer matches, where ego and skill shine. 

🔥Choose a character class with unique abilities inspired by the show and dominate the pitch with your skills. Awaken your inner ego, unleashing unstoppable power and precision to claim your place as the ultimate striker.

Team up with friends or face off against fierce rivals—will you rise to the top and prove you're the best in Blue Lock?",Sports & Racing,Sports,minimal,0,Top Playing Now | Top Rated | Trending in Sports & Racing,3,https://tr.rbxcdn.com/180DAY-01ab4f17da50f4f12da4fa0b92cc0818/512/512/Image/Png/noFilter,Blue Lock Rivals Unofficial Fans,Group,34671275,11290,4933668871,6232340,10179788,354713,10,2024-07-26T19:16:18.383Z,2026-09-06T22:33:03.6655211Z
8539298853,Scary Shawarma Kiosk: the ANOMALY [horror],"✨ **Congratulations - you’ve been hired!** ✨
Welcome to your first night shift at 🌯 ""Shawarma 24""

🔥 The job is simple: Keep the grill hot, serve every order

 Oh, and one more thing...
Try to stick to the **rules** if you want to make it through the night.
You’ll find them taped to the counter.
Some of them might sound strange - but trust me,
they’re there for your own safety.

✨Join our discord be aware of future updates✨

Credit:
Developer - Gren
Voice — Bigzell
Icons by - Veytrah

Moderators / Admins:
Graizorko
MrFfrie
cybrcurse
BiLLYGeGe2

Testers:
rahrjr8rhjhrg
AverageTallTvance
lonelykenny1
panstuk_2
oceanbuzz
Hoveryx
Adrian_Kannonzaka
Creator_TROME
Bloorgool

Special Thanks:
nameisname111111
---

💀💬 **WANT TO ADD YOUR CHARACTER?** 💬💀
👉 **MESSAGE US ON DISCORD!** 👈
(Yes - you can become part of the game…)
Unfortunately, Roblox did not allow the insertion of real faces🥲",Survival,,moderate,0,Top Playing Now,1,https://tr.rbxcdn.com/180DAY-2fc0830a209194be781df4211a84f824/512/512/Image/Png/noFilter,kharbor_ykt,User,1321140345,11037,1283364348,1788364,378156,42534,30,2025-08-25T00:39:08.193Z,2026-08-16T18:11:46.538Z
10298144467,Roll Anime to Fight!,"🔥 Roll an anime to fight!

⚡ Roll for powerful anime fighters!
💥 Build the strongest team possible!
📈 Merge animes to level them up!
👹 Survive endless enemy waves!
🏆 Reach higher checkpoints and earn huge rewards!
✨ Collect rare animes and mutations!

Can you reach the final wave?

Tags: Anime, Simulator, Defense, Gacha, Merge, Idle, Battle",Simulation,Tycoon,minimal,0,Top Playing Now | Top Earning | Trending in Simulation,3,https://tr.rbxcdn.com/180DAY-fc4a2d347205755be88d95eccc87f5fb/512/512/Image/Png/noFilter,Another Slop,Group,657759819,11183,31228962,37450,85586,2560,6,2026-06-10T00:33:10.805Z,2026-09-07T03:19:37.1330957Z
10496981141,Steal A Lucky Egg,"🥚 Welcome to Steal A Luck Egg!

How to Play:
🥚 Steal eggs from biomes
🐣 Hatch eggs to collect rare Brainrots
💰 Earn money from your Brainrots
⬆️ Upgrade your treadmill and base
🏃 Train on the treadmill to gain Speed
🥷 Steal eggs from other players
🔄 Rebirth for permanent multipliers
✨ Discover rarer eggs, sizes, and mutations!

👍 Like & join the group for codes!
🎮 Desktop, Console, Mobile & Tablet",Simulation,Incremental Simulator,minimal,0,Top Playing Now,1,https://tr.rbxcdn.com/180DAY-6c3e674f0e168a4400ba8c36123d380d/512/512/Image/Png/noFilter,+1 Speed Inc.,Group,16448839,10968,7103050,169150,8315,603,5,2026-07-13T13:17:40.185Z,2026-09-04T09:34:07.293Z
10144587520,[UPD💫] Anime Card Farm,"💤 PACKS OPEN AND MONEY GENERATES WHILE YOU ARE OFFLINE 🤑

👋 Welcome to Anime Card Factory!

How to Play:
📦 Open card packs and reveal Anime Cards!
✨ Upgrade your cards to earn even more money!
💰 Buy more EPIC packs & flex your cards!
🧬 Find rare MUTATED cards with insane boosts

🔥 Have the BEST Cards and climb the leaderboard!

👍 Like the game and join the group for updates!",Simulation,Tycoon,minimal,0,Top Playing Now,1,https://tr.rbxcdn.com/180DAY-40439240c1bb973b44f837a0ddeffca5/512/512/Image/Png/noFilter,Anime Card Factory,Group,973045631,10980,68218771,1788779,90223,2225,8,2026-05-09T20:45:04.606Z,2026-09-05T15:21:56.636Z
5283219861,Lethal Ape (???),"Welcome to Lethal Ape, a horror game where you become an ape and have to survive in a lab full of terrifying monsters! Can you escape from them without getting caught? Go on an adventure in Lethal Ape and have fun with your friends!

Credits:

Xeva: the official creator of the Lethal Ape VR
Me: creator of the Roblox version with my own maps, stories, gamemodes and monsters.",Survival,Escape,mild,0,Top Playing Now,1,https://tr.rbxcdn.com/180DAY-fe15000cc88bdcd053ff4d5176fab4fb/512/512/Image/Png/noFilter,gub_dev,User,3003920136,10694,317333391,246525,67698,9492,20,2023-11-10T21:10:31.67Z,2026-09-06T15:58:33.5702141Z
10173311467,[🗺️NEW MAP] Ghost Driver [ALPHA],"Are you ready to risk it all?
Welcome to the ultimate underground traffic cutting experience. Hop in, redline your engine, and swerve through heavy highway traffic at insane speeds. No hesitation. No rules. Just pure adrenaline.

🎮 CONTROLS:

W, A, S, D or Arrow Keys to Drive

V to Change Camera / First Person

Shift to Handbrake / Drift

L for Headlights

👍 Make sure to LIKE and FAVORITE the game for more updates and new cars!",Simulation,Vehicle Sim,minimal,0,Top Playing Now | Top Earning | Top Rated | Most Popular | Trending in Simulation,5,https://tr.rbxcdn.com/180DAY-91d4fe200c714ffe996958b6de51cb6e/512/512/Image/Png/noFilter,Tilted Vehicles,Group,90273342,10511,55248012,713417,423355,8211,15,2026-05-16T00:04:12.168Z,2026-09-06T14:47:20.9589054Z
5650396773,a dusty trip [🐺WOLF]," Press R to start engine

🚗 Welcome to ""Dusty Trip,"" where adventures never cease! Embark on an epic journey through vast desert landscapes, where the road stretches endlessly before you.

🏜️ Immerse yourself in the desert scenery, with the hum of your engine as your only companion as you traverse the boundless expanses. Take the wheel of powerful vehicles, each designed to withstand the challenges of desert terrain.",Adventure,,minimal,0,Top Playing Now | Trending in Adventure,2,https://tr.rbxcdn.com/180DAY-74d36ec234d7d4383307e10155b9fc37/512/512/Image/Png/noFilter,Jandel's Road Trip,Group,33097934,10338,2532336141,2271810,2022929,222556,25,2024-02-16T13:36:10.163Z,2026-09-06T00:15:38.2302014Z
4730278139,[SURGEON 💉] untitled boxing game 🥊,"🥊 EVERY 100 LIKES = 5 SPINS FOR EVERYONE IN THE GAME! 🥊 

Fight people for money lol 👊💰 
- You can use code, AND in-game to get  
- No matter what style you have, ALL of them are viable 💪
- Rarer fighting styles are just cooler ✨ 
- Just a boxing/PVP fighting game lol 

CODES
surgeon
thedoctorwillseeyousoon
3years
ubgliveson <- you all reached the event goal so 2x lucky spins
whitecash
dualemotes 
freeemoteforall
+ secret codes in community links 

 CONTROLS 
Space: Dash 
F: Block 
M1: Light Punch 
M2: Heavy Punch 
Feint: M2 + M1 

XBOX CONTROLS 
A: Dash 
B: Block 
X: Light Punch 
Y: Heavy Punch 
RB: Ultimate 
LB: Equip 
Feint: Heavy + Light Attack 

just trying to make a fun fighting game based around boxing. solo dev project by me, please enjoy the game :) Tags: fighting, boxing, pvp, anime, combat, punching, ubg, untitled",Action,Battlegrounds & Fighting,mild,0,Top Playing Now | Trending in Action,2,https://tr.rbxcdn.com/180DAY-61af068ac2fab3b287ef9a005bf7cdd5/512/512/Image/Png/noFilter,drowningsome,Group,32418371,10340,1421275481,1342879,1376015,203910,22,2023-06-02T00:43:44.32Z,2026-08-29T19:02:48.03Z
10131390815,[🌎W6] Throw a Coin,"Throw a Coin 🪙. Get Lucky. Get Rich.

🪙 Toss coins into the magic fountain
🍀 The luckier you are, the better the loot
💰 Sell your loot for cash
⬆️ Upgrade luck & coins to hit the impossible drops

❓ Did you know... the rarest item is 1 in 20 quadrillion? 👀

USE CODE: WORLD6

👍 LIKE & FAVORITE to support, it helps the game grow!",Simulation,Incremental Simulator,minimal,0,Top Playing Now,1,https://tr.rbxcdn.com/180DAY-3de20916d6f3bb7e3c1b1514edb1d011/512/512/Image/Png/noFilter,The BEST group yet!,Group,380415714,10312,82094559,133202,180929,4327,8,2026-05-06T19:09:27.949Z,2026-09-06T16:09:27.4527919Z
210851291,Build A Boat For Treasure,"Build your ship and set sail for your adventure!

Liked the game? Don't forget to leave a Thumbs Up(👍) and Favorite(🌟) . Thank you!

Don't forget to check out our group!
https://www.roblox.com/My/Groups.aspx?gid=2782840

Group Perks:
✨Member✨
--- 25% more gold!
💫Mega Member💫
--- 300% more health!
--- 25% more gold!
🌟Royal Member🌟
--- +4 Barrels Of TNT!
--- 300% more health!
--- 25% more gold!",Simulation,Sandbox,minimal,0,Top Playing Now | Fun with Friends | Most Popular | Trending in Simulation | Learn & Explore,5,https://tr.rbxcdn.com/180DAY-a16e27d3d8380da38b43960549590ca2/512/512/Image/Png/noFilter,Chillz Studios,Group,2782840,10234,5178080681,8496659,3640747,258198,7,2016-11-02T15:36:44.187Z,2026-09-02T17:55:16.096Z
10057403337,Deagle Arena,"Hop into a fast-paced Deagle-only shooter, master movement, and climb the ranks.

⚔️ FFA Deathmatch
📈 Competitive Ranking
⭐ Level up and earn rewards
🔥 Unlock and collect rare skins
🏆 Climb the leaderboards

🖥️ PC Controls:
Shoot — M1
Aim — M2
Slide — C / Ctrl

🎮 Controller:
Shoot — R2
Aim — L2
Slide — B / ○

📱 Mobile Controls: on-screen buttons
Hold the Shoot button to aim, release to shoot

👍 Leave a like for more Updates!
🐛 Found a bug? Report it in the group or Community Server for rewards!",Shooter,Deathmatch Shooter,mild,0,Top Playing Now | Trending in Shooter,2,https://tr.rbxcdn.com/180DAY-712214d54cce00be9596dd07cbac4ca5/512/512/Image/Png/noFilter,Deagle Arena,Group,892039974,9949,170753643,6961708,59768,8529,8,2026-04-19T14:40:37.58Z,2026-09-06T19:08:39.7202048Z
3359505957,Collect All Pets!,"Use this code: FirstCodeEver

Collect All Pets! is a pet simulator game! Hatch eggs, and fuse them into higher rarity pets! Collect Legendary and Mythical pets!

🐥 Hatch eggs to get new pets!
🐺 Fuse pets into higher rarity pets!
🦄 Collect over 200 unique pets!
🌲 Unlock areas with new upgrades!
📜 Complete quests and unlock badges!",Simulation,Incremental Simulator,vng-rating-override,12,Fun with Friends | Top Revisited,2,https://tr.rbxcdn.com/180DAY-a7277fa886df53ea513646c35ba588d3/512/512/Image/Png/noFilter,TwoZoos,User,3127033410,3135,209121579,326954,126051,9864,12,2022-02-20T17:07:04.26Z,2026-09-06T15:22:34.537407Z
5315312115,[RP] Pine Ridge,"Pine Ridge is a cozy small town that's nestled in some frigid forgotten part of the U.S. A single stretch of road connects everyone together, and the gloomy weather greets all types of characters; visitors and residents alike. 
 
This is a freeform roleplay.
Inspired by Toast22A's ""Clear Skies Over Milwaukee"" & Stranger Things.

⭐Join the group for in-game benefits, such as the Backpack and Rides library!⭐

We have a lot of systems to use within our game and it can be a bit overwhelming; we recommend players to experiment with them at their own pace. 
⌛ If you're lagging. Go to our settings menu (Top left) and disable Diffuse and Specular in the Graphics tab, RPNames, and even SurfaceAppearances. 
❌ While this game has access to VR and Console enabled, it doesn't have any support in regards to gameplay features. 

';chatlogs true'
",Roleplay & Avatar Sim,Life,minimal,0,Fun with Friends | Top Revisited,2,https://tr.rbxcdn.com/180DAY-1e09b3137ce4dcfc949348e20e44f59e/512/512/Image/Png/noFilter,Trite Roleplay,Group,13322715,578,10352665,92061,14641,2185,70,2023-11-19T19:22:22.06Z,2026-09-05T21:40:10.6965005Z
5291633415,[RP] Mythage,"Long ago in the far land of Eryndor, tales were often shaped by myths and legends. Become royalty who seeks to serve or control, or choose to adventure with your small band of misfits to battle great foes. 
Here, your story has yet to be written.

👍 2000 Likes reached!
MILDARUHL progress will start soon . . .

— ❗ This game has just released! ❗ 
     ⚬  Some parts of the game is unfinished. 
     ⚬  Expect bugs and more content to be added over time. (Tools, Locations, Collectibles, etc)
— ⚠️ This is a freeform roleplay; there's no established factions, characters, or even lore that you have to abide by.
— 🏠 Most interiors are teleport only. Use 'Zonevision' to see where players are gathered. 
— ⏳ Mythage has a very large map with over 50 locations and five dimensions. Expect some degree of lag.
— 🎲 Inspired by Skyrim, Lord of the Rings, Baldur's Gate 3 and Dungeons & Dragons.

⭐Join the group for in-game benefits, such as the Backpack and Rides library!⭐",Roleplay & Avatar Sim,Morph Roleplay,minimal,0,Fun with Friends | Top Revisited,2,https://tr.rbxcdn.com/180DAY-ad208e09795915fbcfdfd893244e730d/512/512/Image/Png/noFilter,Trite Roleplay,Group,13322715,361,2427917,29490,7552,830,90,2023-11-12T19:42:07.24Z,2026-09-05T21:37:37.3406504Z
123956318,Kaizen [RP],"Welcome to Kaizen! This is an interactive slice-of-life roleplay game centered around a public school set in a current day fictional town of Kaizen located in Japan.

Attend Kaizen Highschool and enjoy playing as a Student, Teacher, School Staff, or as a Townsperson. Explore the town of Kaizen while you're at it; there is tons of sight-seeing and exploring to do! Be sure to make lots of friends along the way!

This game is still a work in progress. Many updates are planned.

Previous Names: Kaizen's Origami, Anime High School

╳▬▬▬▬▬▬▬▬▬▬▬▬▬▬▬▬▬▬▬▬▬▬▬▬╳ 
Group Link:

Fate Forge
(Where the community is located!)
https://www.roblox.com/My/Groups.aspx?gid=2566967

╳▬▬▬▬▬▬▬▬▬▬▬▬▬▬▬▬▬▬▬▬▬▬▬▬╳",Roleplay & Avatar Sim,Life,minimal,0,Fun with Friends | Top Revisited,2,https://tr.rbxcdn.com/180DAY-1f92e696344087ea236541daa84d200f/512/512/Image/Png/noFilter,Fate Forge,Group,2566967,866,32857064,343243,78290,17714,70,2015-12-21T08:44:03.553Z,2026-08-30T06:00:52.597Z
6026405541,🍎 10 Player Flee,"Run from the two beasts, hack the computers and escape!

Now with 8 survivors, 2 beasts!

📄 Latest Update [09/07/26]
🍎 Back to School Update is here!
📦 Series 9: School Crate with 6 new sets
🛍️ School Supplies Pack featuring Crayon, Pen & Ruler Sets
📔 New School Lobby
📱 Major mobile UI & control overhaul
⚡ Ability balancing for Poisoner, Breacher, Leaper, Puller & Thrower
🗺️ Multiple map updates, optimizations & bug fixes
🔎 New advanced inventory filtering

This experience is an expanded, fan-made version. All assets within this experience are originally made.

Credits: 
Epixios - Scripting, UI, Animations
HippocratesII - 3D Modelling, Building
shufiji - 3D Modelling, Building, Graphics
Five5Hertz - Lobby Music

and special thanks to all contributors and testers!",Survival,1 vs All,mild,0,Fun with Friends,1,https://tr.rbxcdn.com/180DAY-5108d6b99b937d94317c720030763074/512/512/Image/Png/noFilter,the workshopᅠ,Group,34352766,1872,54933228,130656,39755,5839,10,2024-05-24T20:31:30.283Z,2026-09-07T03:51:30.757675Z
1000233041,3008 [2.74],"Thumbnail by: PlagueDoctor_Dash
---
Welcome to 3008, the unusually large furniture store. Wander through the vast horror land of home hardware located within 3008-1. Build a base, survive from employees.",Survival,1 vs All,minimal,0,Fun with Friends | Trending in Survival,2,https://tr.rbxcdn.com/180DAY-d64adc40cb8a0c4369839f5002a5e4af/512/512/Image/Png/noFilter,uglyburger0,User,22718068,8548,3295573105,5774791,1997885,180097,16,2019-01-20T15:38:59.747Z,2026-05-16T23:17:21.923Z
10471583973,2 PLAYER Evolution Tycoon 🛸,"tired of playing tycoons alone? grab a friend and build together in 2 Player Evolution Tycoon! 💵

start in the Caveman Era 🦴 , upgrade your base, unlock powerful gear, and evolve all the way into a futuristic space world!!!! 🚀

🤝 team up with a friend
🏗️ build and evolve your base
⚔️ unlock new weapons and upgrades
🌎 discover new eras

like the game too for more bases! 😁👍
AND THE GAME SAVES PROGRESS! 💾😊",Simulation,Tycoon,mild,0,Fun with Friends,1,https://tr.rbxcdn.com/180DAY-511a4effe147d5ddb1b7e2f796612fbb/512/512/Image/Png/noFilter,Blackbox Tycoons,Group,33933873,3500,25405820,83564,35700,3236,12,2026-07-09T04:13:51.785Z,2026-08-31T18:44:55.652Z
6726637224,Street Life Remastered 🔥,"Welcome to Street Life Remastered – the BEST Hood Game on Roblox!

Step into an open world where you control your destiny. Will you rise to power or get lost in the streets?

– Rob banks and houses 💰
– Cause chaos and explode cars 💥
– Join the police force and fight crime 🚨
– Join a faction and take over turfs for prizes 🤼
– Hunt for weapons and cash 🔫
– Start a music career at the studio 🎙️
– Train at the gym 💪
– Purchase your own apartment 🏠
– Flex exotic cars 🏎️ 
– Trade crypto on your phone 📈
– Share your journey on the game’s social media 📱

You get ADMIN in Private Servers you own!

Fully compatible on all devices, Street Life Remastered offers an immersive experience like no other. Join now!",Action,Open World Action,moderate,0,Fun with Friends | More When You Subscribe,2,https://tr.rbxcdn.com/180DAY-f1fd4327699d06c0ef236afe5062217f/512/512/Image/Png/noFilter,flipsy's games,Group,16660065,2830,167144810,1636383,163783,24532,35,2024-10-27T13:23:29.773Z,2026-09-06T17:20:25.4956722Z
3634139746,Hood Customs,"Welcome to Hood Customs!

Fight the best of the best!
Achieve a staggering colleciton of various of cosmetics, including Gun Skins, Knives, Name Tags, Bullet Tracers, Gun Charms

Expereince different game modes like 1v1s, 2v2s, Free For All and Anarchy!

Exploiting and or Stats Booting can lead to a Ban and Data Wipe!",Action,Battlegrounds & Fighting,moderate,0,Fun with Friends | Top Revisited,2,https://tr.rbxcdn.com/180DAY-a22d07bd1d2381c494374011e2c983e8/512/512/Image/Png/noFilter,Hood Customs Entertainment,Group,15018995,493,163189801,98253,50442,19899,32,2022-06-05T11:02:03.687Z,2026-09-06T17:36:35.7199846Z
6521100398,Dreamville 🏡 RP,"Hang out with friends, meet new people, create your own fun, and explore a city full of possibilities.

Own your dream home, drive cool vehicles, and dive into a world where you can play however you want—whether you’re keeping the peace, stirring up trouble, building a family, or just relaxing. Dress up your avatar, make connections, and let your imagination roam free in Dreamville!

Content Update! 🏠
🏡 Lodge Mansion
🏠 Modern Contemporary House
🚗 Convertible Sports Car

Kids Update! 👧
👶 Customizable Babies and Kids
🌈 New Interactive Daycare
😂 Improved Emotes
📏 Player Age Options
🧸 New Kid Props and Gears

👍 Remember to like/upvote the game! A free house and vehicle will be added at 250,000 likes! ⬆️
[👍 175k Likes] Contemporary House + Sports Car
[👍 125k Likes] Stonecrest House + Train Mount
[👍 110k Likes] Construction House + Work Truck",Roleplay & Avatar Sim,Life,minimal,0,Fun with Friends | Trending in Roleplay & Avatar Sim,2,https://tr.rbxcdn.com/180DAY-f9c5477679f6ebd8d7bccccdc62c4c1a/512/512/Image/Png/noFilter,Dreamfusion Games,Group,33009391,9442,312220504,530340,248305,12983,25,2024-09-07T02:38:20.257Z,2026-08-17T23:01:51.414Z
7414497778,[MTC] Multicrew Tank Combat,"Assemble your crew, choose your tank, work together on roles like commander, gunner, driver, or loader. and dominate the battlefield!

Copyright
© 2025-2026 Top Giun. All rights reserved.",Action,Battlegrounds & Fighting,mild,0,Fun with Friends | Trending in Action,2,https://tr.rbxcdn.com/180DAY-2372c9091bd99dc4b572c0068d48efb6/512/512/Image/Png/noFilter,Top Giun,Group,32966202,1207,74359187,191332,68620,13174,48,2025-03-22T03:21:47.883Z,2026-09-05T19:02:59.7701543Z
10364552556,[🛡️CLANS] Pack RNG,"🎲 Open Packs! 🍀 Get lucky! 🔓 Unlock new worlds!
🌟You earn offline earnings whilst being offline!

✨ Collect rare items!
📦 Open awesome packs!
⛏️ Mine valuable ores!
🌍 Unlock new worlds!
👥 Play with friends for more luck!

👍 Like the game and join the group for +1 Luck!

🔔 Follow for updates and special events!",Simulation,Incremental Simulator,minimal,0,Fun with Friends,1,https://tr.rbxcdn.com/180DAY-aaa6afc7c5c9688581213284406395b0/512/512/Image/Png/noFilter,Treat Games,Group,14444762,1793,3823542,141696,22130,925,12,2026-06-20T18:57:59.576Z,2026-09-06T19:30:49.4551717Z
6385532960,[GANGS REWORK] Ryujin,"Ryujin is based on various martial art comics.

Whether you climb up to the top or give up on your path relies on your determination.

If you wish to see change logs, view upcoming updates, or interact with the community, join the game's server in the Social Links below.

To view the keybinds open up the settings. You can change keybinds as you like to fit your needs.
Mobile players can move the button's layout in settings as well.

To Get Access to the game,  buy the generation gamepass and join the server and make a ticket.

Developers:
TwisterDaark - Lead Developer / Scripter
arshad145 - Scripter
gabriel312123 - Builder
ItzReinx - UI Artist
Keksuya, Keshalith, Nitro_IV - VFX Artist
TheSillyGoose_34 - SFXs Artist
WeirdBirbo - Balancing, Trello, Game Director",Action,Battlegrounds & Fighting,moderate,0,Fun with Friends | Top Revisited | Top Earning,3,https://tr.rbxcdn.com/180DAY-b5aaad18f74cd1c44a288c3bb30d8ef4/512/512/Image/Png/noFilter,Martial Ascension,Group,34758135,5875,22682915,92915,45332,2783,32,2024-08-07T22:38:44.247Z,2026-09-06T20:13:05.2015369Z
6858584271,[UPD🔥] Philly Streetz 2,"🔥 WELCOME TO PHILLY STREETZ 2 🔥
A next-gen city roleplay experience straight from the 215.

🏗️ MADE BY:
JalenBoston & On1yDJ

🎮 CONSOLE SUPPORTED

🌆 FEATURES:
• Custom Tools & Attachments
• Custom Cribs & Interiors
• Safe Storage for Your Items
• Cars You Can Flex
• Lootable Spots & Street Hustles
• Card Swipe Minigames
• Snacks & Unique Items
• Work Jobs, Build Your Name, and Run It Up
• Constant Updates with New Content

⚠️ RULES:
🚫 No Random Killing
🚫 No Glitching
🚫 No Exploiting
✅ Play Fair and Have Fun

🎮 CONTROLS:
• Left Click / R2 – Use Tool
• Shift / L2 – Sprint
• M / D-Pad Up - Emote
• T / D-Pad Up – Hangout Cars
• C / D-Pad Down – Crouch
• F / B – Chamber Tools
• T / Left Stick – Wheelie
• Phones - Tons of accessible settings

Tags:
Philly Streetz 2, PS2, Philly Streetz, Philly, Philadelphia, City Roleplay, Street Roleplay, Open World, Money, Grind, Roleplay, City, Urban, Cars, Driving, Fighting, Police, Jobs, Houses, Customization, Attachments",Action,Open World Action,moderate,0,Fun with Friends,1,https://tr.rbxcdn.com/180DAY-af129ec86c2dcfb852385c3bf5cdf956/512/512/Image/Png/noFilter,Strictly Revenue,Group,34395401,1911,43885594,62563,34706,4848,1,2024-11-30T09:32:43.557Z,2026-09-06T19:13:01.7404829Z
7108384194,[👽NOW] Knife VS Gun DUELS,"🗡️ Welcome to Knife VS Gun DUELS! 💥

👍 Like the game and join the group

How to Play:
⚔️ Step on a pad to start a duel
🗡️ Fight players using knives or guns
💰 Win duels to earn coins
🎁 Use coins to unlock & trade cool items
🔥 Keep winning to build streaks and climb the leaderboard

Have fun and good luck dueling! 🎉",Action,Battlegrounds & Fighting,mild,0,Fun with Friends | Trending in Action,2,https://tr.rbxcdn.com/180DAY-f4eba8af4f0af179c1b531a743d9b0e1/512/512/Image/Png/noFilter,Knife Gun Duels,Group,34428082,10049,351450202,673476,120401,20281,40,2025-01-19T00:06:02.747Z,2026-09-04T05:47:29.785Z
1008451066,Da Hood,"A difficult game, read below for tips. 
Account has to be at least 10 days to play. 

You can weave 100% if you time at the right time when blocking. To gain muscle buy weights at fitness. 
Eat lettuce to reduce muscle.

Cop: To join cops go to the police station, if you execute anyone without cuffs you'll be automatically kicked off. Use cuffs instead. 
Criminals: Ransack banks and several others small time shops in order to gain wanted or cash. 

Gun saves - however, can be lost by death, or logging when KO, or 0 ammo. 

Cash drop takes 30%",Action,Open World Action,moderate,0,Fun with Friends | Trending in Action,2,https://tr.rbxcdn.com/180DAY-ae6cda2dcf44b42ebf33fd1f24578e42/512/512/Image/Png/noFilter,Da Hood Entertainment,Group,4698921,2326,2945136737,3005067,1295495,541756,45,2019-01-27T01:03:21.343Z,2026-09-03T06:41:23.579Z
9112256336,[UPD❗] Vice City 2,"Welcome to VICE CITY 2

Fly into the city and explore every neighborhood as you build your own criminal empire.

- Rob houses for valuable loot.
- Sell replica items and make huge profits.
- Purchase your own house and grow your wealth.
- Choose the life of crime and rise to the top of the underworld.

Brought to you by:
Creative Designer - 50Greedy
Scripter - MillieOrMillionz

YOU CANNOT MAKE MONEY IN PRIVATE SERVERS!!

Fully compatible on all devices!!",Action,,moderate,0,Fun with Friends,1,https://tr.rbxcdn.com/180DAY-229ae8d3ad290c4cdc2aaa5cde823729/512/512/Image/Png/noFilter,Vice City Miami,Group,34216674,1292,7755761,16609,7458,1365,35,2025-11-06T10:13:12.607Z,2026-09-06T20:27:40.3885224Z
5678284602,🏰 Block Tales [DEMO 5],"Multiplayer Turn Based RPG inspired by Paper Mario 64 and Earthbound 
Playable on PC, mobile/tablet and console 

Each chapter will be released as an update",RPG,Turn-based RPG,minimal,0,Fun with Friends,1,https://tr.rbxcdn.com/180DAY-9acc0163130f1a55d9e552bbb34a8939/512/512/Image/Png/noFilter,Spaceman Moonbase,Group,33912612,764,152002266,880362,474733,24620,16,2024-02-23T03:46:51.513Z,2026-08-20T00:38:35.018Z
9885372266,[UPD] Unseen Liminality,"❗BETA. Expect some bugs, and unpolished areas.
🚧 New content biweekly

An exploration game inspired by Beyond Liminal. Explore and venture what is remembered in the endless hallways of this liminal setting and discover what lies behind the walls and possibly what lurks in the shadows.

The more times it remembers something, the less it does.

Play on max graphics for the best experience

Controls
Q - settings
C - Crouch
Left Shift - Sprint
V - Zoom
CTRL - Mouse lock

Inspired by:
Popular Liminal Images
Beyond Liminal
Backrooms by Kane Pixels
Oldest View by Kane Pixels

tags(ignore): backrooms, liminal, horror, uncanny, poolrooms, hotel, entity, creature, kane pixels, level 0, exploration, adventure, and survival
",Adventure,Exploration,minimal,0,Fun with Friends | Trending in Adventure,2,https://tr.rbxcdn.com/180DAY-ce2937bd7c43e7a6faf5305f50d2584e/512/512/Image/Png/noFilter,The Unseen Zone,Group,927599664,4821,75945851,2432163,131680,9287,15,2026-03-15T03:45:50.283Z,2026-09-06T20:01:33.1160768Z
6945584306,[🌱QOL] Azure Latch,"This unofficial, fan-made game was created by devoted Blue Lock fans to celebrate the anime and share it with a wider community, spreading our passion and appreciation for the series!

M1 - shot
1,2,3,4,5 - skills
Q - tackle, dashing left and right, and diving as the Goalkeeper
R - Whistle
E - Dribble (With Ball)

Blue Lock, Soccer, Football, Sports",Sports & Racing,Sports,minimal,0,Fun with Friends | Top Revisited | Top Earning | Top Rated | Most Popular | Trending in Sports & Racing,6,https://tr.rbxcdn.com/180DAY-3e7c2ba3cc142aaaf7cfda2cdb644555/512/512/Image/Png/noFilter,[B:S] Azure Latch Team,Group,35316274,9559,560550025,635406,1597139,52458,10,2024-12-20T13:35:18.56Z,2026-09-07T03:48:30.1182459Z
7178032757,[🏭] Rebirth Champions: Ultimate,"🎁 Use code ""release"" for Free Boost in-game! 

💖 Welcome to Rebirth Champions: Ultimate! 
⚡ Click to get Clicks!
♻️ Rebirth to get Clicks Multiplier! 
🐾 Hatch Eggs to unlock new Pets! 
🌌 Complete quests to unlock new worlds! 
👑 Climb the leaderboards & become the best! 

🖱️ TAP Anywhere to Click! 
📅 Update every week! 
🤩 Join the group for a FREE AUTO HATCH & GROUP CHESTS! https://www.roblox.com/groups/5522949/Powerful-Studio/ 

✨ Enjoying the game? Leave a thumbs up! 
💎 Don't forget to favorite! 
🔔 Follow the game to be the first notified when updates drop! 

A game by Powerful Studio 🐢",Simulation,Incremental Simulator,minimal,0,Fun with Friends | Top Revisited,2,https://tr.rbxcdn.com/180DAY-a1545799207ecd45d03d6aa6003eefa8/512/512/Image/Png/noFilter,Powerful Studio,Group,5522949,5453,238900378,150839,231381,5854,10,2025-02-01T08:45:07.927Z,2026-09-04T18:56:13.031Z
1718755273,town,"Fps base building sandbox set in Nowhere Ville, USA.

For building tools, join:
https://www.roblox.com/groups/5502618/Hapless-Studios#!/about",Shooter,Deathmatch Shooter,moderate,0,Fun with Friends,1,https://tr.rbxcdn.com/180DAY-778eb2c16f0897c57bb585184486d9e8/512/512/Image/Png/noFilter,DecodeUnicode,User,26600799,469,85367205,319172,135502,44807,30,2020-05-06T03:04:39.003Z,2026-08-27T19:32:41.86Z
2548183080,Pilgrammed: Early Sunset / Ex Machina,"⚠️ PHOTO-SENSITIVITY / EPILEPSY WARNING! This game contains many instances of flashing lights and screen shake. BE CAREFUL!

Pilgrammed is an open-world RPG game. You can craft guns and armor.

Clothing by Blotnik
Phexonia Studios 2026",RPG,Open World & Survival RPG,mild,0,Fun with Friends,1,https://tr.rbxcdn.com/180DAY-04bae2ce5dcd6e78674a4e68eecf26bd/512/512/Image/Png/noFilter,Phexonia Studios,Group,3573124,651,78583159,289222,148972,12939,10,2021-04-27T15:59:29.16Z,2026-09-06T22:38:54.8991493Z
3990106548,Baddies 💅,"Mop Baddies, Hang Out, Get Money  

UPDATES every weekend!!  

Controls: 
• E = STOMP: Stomp on down players to whoop them.
• F = PULL HAIR: Charge your blue bar by hitting others and press F to get people bald 
• G = CARRY PEOPLE: Step on a downed player and press G to carry them. 
• Shift = RUN • Fists Tool: Equip your fists to hit people. 

Hitting someone while stepping on someone will mop them. 

IMPORTANT: If you log with 30 HP or less you lose your weapons.  

Game Features: 
• Character Customization: Click the avatar icon in the top-right corner of the screen to customize your Avatar. 
• Get Money: Smash ATMs around the map to collect cash. 
• Pick Up Fight Items: Find various items scattered across the map to use in fights.
",Action,Battlegrounds & Fighting,mild,0,Fun with Friends | Top Revisited | Top Earning | Trending in Action,4,https://tr.rbxcdn.com/180DAY-6a04188f7fd159bc4e047233a2d6538c/512/512/Image/Png/noFilter,Meow Meow Games!,Group,12832037,9204,1844359149,6378801,472695,95108,22,2022-10-03T23:09:42.303Z,2026-09-06T20:24:00.3941548Z
4348829796,Murderers VS Sheriffs DUELS,"Play Murderers vs Sheriffs DUELS for intense solo (1v1s) and team-based (2v2, 3v3, 4v4) duels!

Unlock and master unique abilities to gain an edge over your opponent!
Collect and trade a variety of stylish revolver and knife skins!

❤️ Show your support by LIKING and FAVORITING!

Update Log:
https://devforum.roblox.com/t/--/2513064

WARNING:
Farming gems or stats is strictly prohibited and will result in a permanent ban.",Action,Battlegrounds & Fighting,mild,0,Fun with Friends | Trending in Action,2,https://tr.rbxcdn.com/180DAY-2cac25a28b32e71c8c3c94368e6d6b9c/512/512/Image/Png/noFilter,RED21 Games,Group,32445464,7894,2672513854,11330902,564153,104322,40,2023-02-02T14:25:27.077Z,2026-08-30T02:57:13.573Z
6749060816,[UPD] Asylum Life 🔊,"🔪 You’ve been locked up in this facility masquerading as an Asylum for mysterious reasons! You can either choose to be an Orderly to protect the staff or a Patient to cause some mischief 😈
Beware though—the Orderlies will arrest you if you cause too much chaos!

As a patient, you can mop up spills or talk to Mitch to get Credits 💵

❗ Update | September 4th, 2026 ❗
🔹Pure Eclipse Skin Pack!
🔹 Onyx Changes!
🔹 FD Escape Route!
🔹 & more!

🌍 Available on all platforms 💻🎮📱🖥️
👍 Make sure to LIKE and FAVORITE the game for more updates!
🔊 (VC) Voice Chat is strongly recommended for the best experience.

❗ In-game Rules!
https://devforum.roblox.com/t/3938133

🤪 Join the crazies by joining the group below to stay updated!
https://www.roblox.com/groups/5819563",Roleplay & Avatar Sim,,mild,0,Fun with Friends | Top Revisited | Top Earning | Trending in Roleplay & Avatar Sim,4,https://tr.rbxcdn.com/180DAY-5f36f2f391fa0903bc7f1ad1368d8aac/512/512/Image/Png/noFilter,Asylum Life Community,Group,5819563,5719,275268521,1831265,293467,58439,40,2024-11-02T07:31:07.557Z,2026-09-06T06:30:48.7006602Z
1053132402,Obby Creator,"🔨 Make an obby, showcase or cart ride!
👬 Build alone or with friends!
👍 Earn Likes to climb the leaderboards!
🎮 Play millions of user-created obbies!

Update Logs: https://devforum.roblox.com/t/-/372543
Credits: https://devforum.roblox.com/t/-/318701

Made by mario118118. Thanks for playing!

👍 If you enjoy Obby Creator, don't forget to Like the game. It really helps! 👍",Simulation,Sandbox,minimal,0,Fun with Friends,1,https://tr.rbxcdn.com/180DAY-1f7af68f3114cf5027b50a94ca2c20eb/512/512/Image/Png/noFilter,Whirlpool Studio,Group,2756366,1178,569720480,974214,297169,71247,20,2019-03-02T12:06:10.6Z,2026-02-05T19:31:40.376Z
10153098880,[SEASON 1] Heroes RNG 🏹,"🏹 Welcome to Heroes RNG! 🏹

🎲 Roll & collect unique Heroes!
🌀 Fuse & Enchant them to make them more powerful!
🐺 Battle various monsters in all the different biomes!
🐉 Fight epic BOSSES and collect their artifacts!



🍀 Like & join group for +10% Gold & +1 Luck!
💚 Thanks for playing! Follow for updates 💚",Simulation,Incremental Simulator,minimal,0,Fun with Friends,1,https://tr.rbxcdn.com/180DAY-f3126306c26e3513aed3048444538553/512/512/Image/Png/noFilter,Heroplay Studios,Group,15904375,4001,29841952,221677,49010,1882,16,2026-05-11T13:01:04.511Z,2026-09-06T20:25:19.7476128Z
1278035280,Warrior Cats: Ultimate Edition,"Create your own Warrior Cats and roleplay in this official game based on ""Warriors"", The New York Times best-selling series of fantasy books.

Warrior Cats: Ultimate Edition brings the ""Warriors"" series off the written page and into the Roblox world!

🎨Create your own Warrior Cats, and your own story. 
🐾Choose the path of a Warrior, a Medicine Cat, or perhaps even a Clan Leader! 
🗺️Explore the Forest Territory and the Clans who inhabit it... 
💬Develop friendships, alliances, and identify your foes! 
🌟Construct your own story in this immersive environment, and control your own destiny. 

Controls: Q/E to change speeds. 
V to drop held item. 
Shift+P to toggle cinematic camera Animation hotkeys found ingame! 

Asset Attributions: https://devforum.roblox.com/t/warriorcatsrp-asset-attributions",Roleplay & Avatar Sim,Animal Sim,minimal,0,Fun with Friends | Top Earning | Trending in Roleplay & Avatar Sim,3,https://tr.rbxcdn.com/180DAY-b3921192826680cf526c8518d0f10a61/512/512/Image/Png/noFilter,WarriorCatsRP,Group,2650756,3972,768600220,1485591,494416,36845,60,2019-08-15T21:39:42.407Z,2026-09-07T05:10:34.275128Z
6061766680,fight in a school,"""fight in a school"" is a ffa fighting game with the setting being a school. You can walk around and talk with friends or cause trouble and beef with other players and fight it out.

Like and favorite the game for more in game content!
Make sure to rejoin after buying a gamepass in game!

Game supports: CONSOLE, PC, MOBILE

Controls:
(PC): Left Click to attack
Hold space + WASD to weave in said direction

(CONSOLE) R2 to attack
Hold L2 + move analog stick in said direction

(MOBILE) Fist button to attack
Hold Weave button + move in said direction

More controls in game!

v1.4.6 BETA - [UPDATED] (8/13/2026)

Tags: High School, Fighting, School Fighting, Battlegrounds, RP, Battlegrounds, Battle, PVP, 1V1",Action,Battlegrounds & Fighting,mild,0,Fun with Friends | Top Earning,2,https://tr.rbxcdn.com/180DAY-c7c52f6f374c2cad30fd8b8aa3d08dfc/512/512/Image/Png/noFilter,Fight In A Game,Group,14403119,3074,558191699,594904,311170,79763,30,2024-06-01T19:46:18.193Z,2026-08-31T15:09:41.342Z
4676287985,Decaying Winter,"Stranded on EDEN-227, a hostile planet where the day brings with it a lethal storm. Survive against hostile scavengers, militarized raiders, and seemingly supernatural enemies in this wave-based roguelike co-op survival. Can you survive until your evacuation?

This game can be used with a controller, but a keyboard and mouse is recommended.

Press J while in-game to open the votekick menu.

Griefing your teammates in public servers may result in a temporary ban.
Exploiting will result in a permanent ban.

Sound credits:
Shootingcat
Escape from Tarkov
Retail Royale
The Division 
The Culling 
Cry of Fear
Entropy : Zero Uprising",Shooter,PvE Shooter,moderate,0,Fun with Friends,1,https://tr.rbxcdn.com/180DAY-c0420c9fddbf61c85a3a37854f148026/512/512/Image/Png/noFilter,the coconut crew!,Group,32386093,740,76666706,313451,120448,11053,5,2023-05-14T05:42:25.133Z,2026-08-28T21:03:21.651Z
7629331599,[UPD] Prospecting! 💎,"Grab your pan and head to the river in Prospecting! — a relaxing gold-panning adventure! Search for gold, gems, and hidden treasures as you explore rivers, caves, and old mining sites. Upgrade your gear, discover secrets, and see if you can strike it rich!

⛏️ Pan for gold
💎 Discover rare gems
🤑 Use sluices to grind offline
🗺️ Explore new areas
🏆 Become the ultimate prospector!

Enjoy the game? Remember to like (👍) and favourite (🌟)!",Simulation,,minimal,0,Fun with Friends,1,https://tr.rbxcdn.com/180DAY-b658113a3a9fbd0d0adca59856cb6c6c/512/512/Image/Png/noFilter,Prospecting!,Group,35888785,3425,259534724,457133,328768,12178,20,2025-05-02T00:57:31.01Z,2026-09-06T17:41:29.5085023Z
110181652,Epic Minigames ✨,"Welcome to Epic Minigames, the game where you can enjoy a collection of 140 unique and exciting minigames! 🕹️

Level up and earn coins by winning rounds, and spend your coins on gear, pets, effects, and other fun stuff for your character. 🌟

As well as the main minigame mode, there's also Epic Party 🎲, a board game where you can compete against a group of friends or strangers to see who can gather the most crystals! 💎",Party & Casual,Minigame,mild,0,Fun with Friends | Trending in Party & Casual | More When You Subscribe,3,https://tr.rbxcdn.com/180DAY-a7cb7bb15c8f29fcfcf39d83800a60df/512/512/Image/Png/noFilter,Typical Games,Group,2649054,2654,2350082324,8555198,2265811,235686,12,2015-07-29T08:46:24.84Z,2026-09-05T18:36:00.6325038Z
1494262959,Criminality,"Criminality is a free roam fighting game featuring punishing and unpredictable gameplay with advanced combat mechanics and extensive weaponry. You are in SECTOR-07, the most hostile and uncontrollable sector exiled from civilized society. Arm yourselves, and prepare for the unexpected. 

Premium users get 30% allowance bonus! 
Join the group for 10% extra income!

New code @ 400k likes 

 Use !cmds in the chat to view commands in your private server",Action,Open World Action,moderate,0,Fun with Friends,1,https://tr.rbxcdn.com/180DAY-513e7206bc325f0444ce6f0c059a0ec7/512/512/Image/Png/noFilter,CRIMCORP,Group,4165692,1667,361492193,821441,368752,120948,30,2020-01-10T22:20:30.993Z,2026-08-31T12:10:10.373Z
7208219743,The Walking Dead Online,"WELCOME TO TWD ONLINE

TWD Online is an open-world survival game set in the post-apocalyptic world of The Walking Dead.

Scavenge abandoned towns, search for supplies, fight walkers, and survive against both the infected and other players in a persistent online world where every decision matters.

Build your character, collect weapons, vehicles, clothing and equipment, form factions with other survivors, and carve out your place in a world that no longer belongs to the living.

The apocalypse is only just beginning.


TWD Online is currently in Beta. Expect bugs, balancing changes and unfinished features as development continues.",Action,Open World Action,moderate,0,Fun with Friends,1,https://tr.rbxcdn.com/180DAY-85aebad3a521a1fe677571043452896f/512/512/Image/Png/noFilter,TWD Online,Group,34088407,1996,8952311,103274,16703,4374,50,2025-02-07T15:11:14.99Z,2026-09-05T23:49:28.451446Z
358276974,Apocalypse Rising 2,"Test your skills as you brave the unfolding zombie apocalypse! Survive alone or with friends in this open-world tactical shooter!

📢 AR2 now supports Xbox and PS5! 
PS4 is not currently supported, sorry for the inconvenience!

🔫 Find over 100 different guns and melee weapons to fend off the Infected and hostile players!
🌎 Explore the towns and countryside of a diverse archipelago on foot, or find and repair a variety of cars and boats to drive!
🎒 Gather equipment and supplies, including food, ammo, utilities, weapon attachments, and vehicles parts!
🎩 Unlock over 1,000 cosmetics by exploring the archipelago, discovering secret locations, hidden rooms, and random events like helicopter crash sites!
🧟‍♂️ Hunt down unique Infected to unlock Rare cosmetics, and use melee weapons to quietly stealth-attack them for increased loot chances!
📰 Join our community chat server for news and more.",Action,Open World Action,moderate,0,Fun with Friends,1,https://tr.rbxcdn.com/180DAY-85a9900216c274f656f58e3f43cb14f6/512/512/Image/Png/noFilter,Dualpoint Interactive,Group,1066925,1235,181235820,975336,256935,41507,30,2017-06-11T16:28:34.007Z,2026-09-03T13:35:25.547Z
107172930,Horrific Housing,"Just for a bit of fun.

Can you survive a laundry list of exciting randomly chosen disasters? All you have is a small floating plot of land with a house - are you able to out live your opponents?

pls thumb up 👍 and favourite ⭐",Survival,,mild,0,Fun with Friends | Trending in Survival,2,https://tr.rbxcdn.com/180DAY-7810eaface7432ec2321c53e46fd21ae/512/512/Image/Png/noFilter,CookieScript's games,Group,17171528,1264,718308924,1976587,740933,206767,12,2015-06-27T15:30:12.92Z,2026-08-26T15:53:04.126Z
6451948378,[🐠]Tokyo Claw Machine,"🎉 Welcome to Roblox's Tokyo Claw Machine! 🎮

Experience the excitement of a Japanese game center with Tokyo Claw Machine! 
We have added mini-missions. Complete them to get new furniture!🪑

🧸 Collect adorable plushies featuring official Japanese characters! 
💰 Try out various machines and earn in-game points by winning as many plushies as possible!
🏠 Enjoy your own My Room, where you can show off your plushies and visit your friends' rooms.

Enjoy the life of a real game center! 
We appreciate all our players. 
If you have any feedback or bug reports, please let us know through our group or social media.

Thank you for playing!!

👾 Attention!! 👾 
Please do not cheat in this experience.
Players caught cheating will have their accounts banned. Let's all enjoy and play fair!
If the Developer determines that any prize created within the game is not appropriate for the platform regulations
or violates intellectual property rights, the account may be banned.",Simulation,,minimal,0,Fun with Friends,1,https://tr.rbxcdn.com/180DAY-3d4028f70e5a1e1e9d42096f3b34b325/512/512/Image/Png/noFilter,Omochi_Studio's Game center,Group,34742848,1611,133262099,948973,65025,14838,16,2024-08-22T08:10:25.567Z,2026-09-07T02:07:55.2643451Z
1087859240,[☀️] Rogue Lineage,">> This game is incredibly difficult with little to no hand holding. Enter at your own risk. << 

Nominee for ""Sleeper Hit"" in the 7th Annual Bloxy Awards. 

Rogue Lineage is a fantasy game with roguelike elements. The game revolves around a permadeath mechanic, where each of your characters will have but a few lives before they die forever. You'll pass down some pieces of yourself to your heir, who'll become your next character. Players will progress by learning new abilities and trying to best their previous characters. Forge houses with your friends to take control of cities, or stick it out alone. Tackle injuries, diseases, and trauma as you struggle to survive in this testament to pain. 

Developed by: Ragoozer, Arch_Mage, Grimmkind, Melon_Sensei, aptorian, Rookie_Ethnic, Sherosama Contributions from: Nilvaat (Weapon Modelling), Blotnik (Clothing), x_o (Music), superstephon (Weapon Modelling) 

Huge Inspiration from Noloafing 
A game by Monad Studios.",RPG,Action RPG,moderate,0,Fun with Friends | Top Revisited | Top Paid Access | Trending in RPG,4,https://tr.rbxcdn.com/180DAY-e4f7aff307d47645c43eafae4a45d7c5/512/512/Image/Png/noFilter,Rogue Lineage,Group,4556484,739,384203277,343754,118436,23270,10,2019-03-29T21:15:32.453Z,2026-08-07T20:26:12.507Z
1709917610,Regretevator [ ELEVATOR SIMULATOR ],"Room infinity, now going up! Regretevator is a random style elevator puzzle game where you can hang out, look for secrets, and have fun. 

hit 'G' for the emote and stickers menu

🎮 New Update WEEKLY!

⭐ Coins multiplier on weekends! (Friday - Sunday) [Coin purchases are also affected by the Coin multiplier!] 

👽 Follow for updates and leave a like to help support the development of the game for free! 

🎵 Song for the Maze floor is ""Kubbi // Spiritdancer"" 

🐸 Join the group for updates! 
https://www.roblox.com/groups/5399587/The-Axolotl-Sun#!/about",Party & Casual,Minigame,minimal,0,Fun with Friends | Trending in Party & Casual,2,https://tr.rbxcdn.com/180DAY-183e8b253ad37832af99cf5b0c9e4694/512/512/Image/Png/noFilter,The Axolotl Sun,Group,5399587,2206,260419799,1063923,402581,44818,10,2020-05-02T02:57:08.217Z,2026-09-07T02:05:48.40899Z
6619936488,San Aurie,"San Aurie is an open-world roleplay simulator that mixes emergency services, criminal, and civilian life.

👮 Catch criminals and respond to emergencies.
🏁 Race players, play mini golf, or hit the arcade.
💎 Rob houses, steal cars, or stage heists.
🏠 Drive cars and bikes, customize homes, sail boats, and raise pets.
🔥 Tackle fires, rescue people, tow cars, or deliver goods and food.

Directed by EmesOfficial",Roleplay & Avatar Sim,Life,moderate,0,Fun with Friends,1,https://tr.rbxcdn.com/180DAY-6ecbd6080269181acff632109af92840/512/512/Image/Png/noFilter,Southstar Studios,Group,32725340,2349,36222860,112371,36197,5688,50,2024-09-30T15:33:44.853Z,2026-08-17T02:18:50.009Z
5829613337,[🔮] 2omething evil will happen,"You just can't shake the feeling that something evil will happen.

something evil will happen is a disaster-survival game heavily inspired by classic games in the same genre. 

🌩️ DISASTERS - Each round, a randomly chosen disaster will accompany opposing players in trying to take you down!
💣 GEAR - Earn Dosh to purchase Gear! Sabotage your opponents, keep yourself alive, or save others from their demise!
☀️ GLORY -  Use your skills to fight and survive, building Heat throughout the round. The more Heat you have, the more Glory you earn!",Survival,,mild,0,Fun with Friends | Trending in Survival,2,https://tr.rbxcdn.com/180DAY-7a98a24c59e163642ea393b5989cabf6/512/512/Image/Png/noFilter,larvae studios,Group,10627495,2516,361067201,880590,355187,28265,20,2024-04-03T03:00:22.81Z,2026-08-15T16:38:11.412Z
5974510967,[V0.2 PRE-ALPHA] Darkest Hours,"[This is PRE PRE PRE PRE PRE ALPHA, expect BUGS and UNBALANCED features!]
You are a prisoner. You are sentenced to the endless trials.
Do your objectives, survive the entities, and make it to the exit.

controls are in settings

⚠️ Slight epilepsy warning ⚠️",Survival,Escape,mild,0,Fun with Friends | Top Revisited,2,https://tr.rbxcdn.com/180DAY-f37e08ec52578f2c4e087eaf8af6718c/512/512/Image/Png/noFilter,Oculus Inc,Group,4218603,678,15660349,152343,61990,3678,20,2024-05-11T12:27:20.4Z,2026-09-06T17:58:02.5062401Z
10500791980, spin a catboy [PETS] 🐱🧍,"No I'm not weird.

2x mutation chance for the weekend!

23 New pets and 7 eggs have just been added to the game!

🐈      🐱 

Spin a Catboy... its in the name but here's the generic description..

HOW TO PLAY:

📦 Open Packs 
🐾 Collect Catboys 
🏠 Upgrade Your Base 
⚡ Upgrade Your Catboys 
🌳 Skill Tree 
🌙 Collect Offline Earnings!

  ∧_∧  
 ( =^w^= )  
 / つ 🎮 ｏ 

Good luck thank you all :)



Secrets are 1/100 from Eclipse packs, 1/150 from packs that cost 50B, and 1/100,000 in all the other packs. Super secret is about 1/10 of that :3 .Good luck :)
CODES: ILOVECATS, RELEASE

there are also like 3 catgirls :3

SCROLL DOWN TO BE ABLE TO SUBMIT YOUR OWN CHARACTERS FOR THE GAME :)",Simulation,Incremental Simulator,minimal,0,Fun with Friends,1,https://tr.rbxcdn.com/180DAY-7942c62b4e30890ab4399f52207b92f7/512/512/Image/Png/noFilter,Mugpugs,Group,3100327,1249,914953,24306,6420,534,6,2026-07-14T06:24:00.405Z,2026-09-07T02:45:35.6518776Z
892043755,[🏆EGG] Bubble Gum Simulator,"Welcome to Bubble Gum Simulator!

🔥 Blow Bubble Gum to increase its size and jump into the clouds! Collect currency to buy upgrades and increase how big your bubbles can get!
🥚 Hatch eggs and get pets to accompany 
🍀 2x Luck and 2x Hatch Speed are enabled every Friday -> Sunday. Starting & Ending at 12AM PST!

🎊 To Celebrate BGS's return, we're holding a special 1 Week Celebration! 🎊

🥚 New Celebration Egg! Only here for 1 Week like the old days!
💎 Features New Versions of older iconic secrets such as Pot O Gold, Trophy, & Easter Basket!
🔥 The only egg with a Tier 4 Legendary!
🎁 New Heaven Gum Shop! 2 Gums, 2 Flavors, & 2 Faces!
🏆 Celebration Challenges! Complete to unlock rewards! Can be reset and completed again!
⚔️ Limited Time Sword Hat Crate + Dominus Astra Secret Hat!
⚙️ Bug Fixes & more!
👽 The Alien Event leaves next week!

A game by Rumble Studios.",Simulation,Incremental Simulator,minimal,0,Fun with Friends | Top Revisited,2,https://tr.rbxcdn.com/180DAY-5e7c15686cfc2064c5b76b76be68d612/512/512/Image/Png/noFilter,Rumble Studios,Group,3333298,4954,1249481283,3319856,1054776,136774,10,2018-10-23T13:18:21.007Z,2026-09-04T17:47:47.135Z
4983034985,Conquer The World WW2 [🛡️],"Lead your nation to world domination in this strategy war game! 🏆

[⚡] Similar to Hearts of Iron (Hoi4), but faster and more fun ‼

[⚔️] Historical Warfare: Lead your country through WW1, WW2, and WW3
[🏭] Industrial Power: Build a massive economy to fuel your war machine
[🦅] Empire Expansion: Use brilliant tactics to capture territories and expand borders
[😈] World Domination: Crush rivals and establish yourself as the ultimate superpower

Features
[🗡️] Military Strategy: Deep troop micromanagement and tactical combat
[🌍] Massive World: Over 200+ conquerable countries across a global map
[💣] Scenarios: Switch between eras including WW1, WW2, and WW3
[🏭] Nation Building: Complex economy management and industrial growth
[☢️] Nuclear Arsenal: Develop and deploy devastating weapons of mass destruction

Updates
[🛡️] Interceptors Update !

Upcoming Updates
[🏳️] Formable Nations ",Strategy,,minimal,0,Fun with Friends | Trending in Strategy,2,https://tr.rbxcdn.com/180DAY-2a47aa0d515687a3327888028bb96216/512/512/Image/Png/noFilter,Marian_Dev,User,3676979282,2745,265256614,812826,110874,26424,14,2023-08-13T15:37:24.597Z,2026-09-05T17:16:20.862Z
1312971993,🏆 Saber Simulator,"Welcome to Saber Simulator!

HOW TO PLAY:
⚡ Train your character by swinging your sword and gathering strength. 
💪🏻 Use strength to fight other players. 
💰 Sell your strength for coins and upgrade your character in the shop. 
📈 Try to get to the top of the leaderboards!

Change Log 🛠️
🍀 Lucky Weekend
🥚 New Egg & Pets
👥 New Class (Zenith)
⚔️ New Sabers (Duality)
🎁 New code ""CHALLENGE"" 
To see more detailed information, go to the #change-logs channel in our community!

Join the group HD Games. for an in-game reward:
💰 20% Extra Coins
⚡ Chat Tag
👑 Name Tag 

Made by HD Games",Simulation,Incremental Simulator,mild,0,Fun with Friends,1,https://tr.rbxcdn.com/180DAY-c4df9cc74d2fe13f6b358238508aaf6d/512/512/Image/Png/noFilter,HD Games.,Group,5028964,1944,642484052,2020943,570079,90751,20,2019-09-07T00:35:42.387Z,2026-09-04T17:02:45.244Z
4582358979,Arm Wrestle Simulator,"Welcome To Arm Wrestle Simulator ⭐️ UPDATE EVERY SATURDAY!

📈 3+ YEARS of content + updates  
🔢 INSANE scaling (trillions → e100+)
🌍 28 WORLDS to unlock  

🏋️ Train. 💪 Fight. ♻️ Rebirth. Repeat.  
🐶 Stack multipliers, upgrade pets, and push as far as you can.

🐱 2500+ Pets & Arms to collect - and max out.

⚡ Built for long-term grinders. Not a short game.

⭐ PREMIUM: +20% Speed & +10% Luck  
❤️ Lagging? Use a FREE VIP server  

🔔 Join the community for codes, updates & bug reports",Simulation,Incremental Simulator,minimal,0,Fun with Friends | More When You Subscribe,2,https://tr.rbxcdn.com/180DAY-3d728c7a7f711bfd6fed291e926b4b3f/512/512/Image/Png/noFilter,Kubo Games,Group,32004490,2105,1317136603,1023365,1242253,67214,9,2023-04-14T18:25:43.973Z,2026-09-05T15:02:11.025Z
3168615253,[UPDATE] Ability Wars,"Welcome to Ability Wars! In this game, you can fight other players using powerful and interesting abilities.
You can unlock abilities through Punches, gained by fighting other players, or Badges, gained by accomplishing tasks.
Later on, empower your abilities through Mastery and become the true Ability Warrior!

NEW CONTENT: Spectral Mastery, Shift Mastery, Double Jump Mastery
102 abilities currently in the game, alongside 21 masteries.

[Icons by Reversicle]
[Thumbnails by Reversicle, AlexMatts, & NubScrub]
[Music by Toby Fox, Scott Lloyd Shelly, & DM Dokuro]",Action,Battlegrounds & Fighting,mild,0,Fun with Friends,1,https://tr.rbxcdn.com/180DAY-dd6dda656f52950a238d52f7513012e8/512/512/Image/Png/noFilter,Ability Wars,Group,13233520,1001,543009402,735806,446469,113356,18,2021-12-15T20:10:23.01Z,2026-09-03T18:44:21.036Z
7856039629,🏆 Murder Mystery DUELS,"🛸 The Futuristic Event is here... use code ""THEFUTURE""

Welcome to Murder Mystery DUELS! The home of intense 1v1 or team duels..
🏆 Step on a pad or queue up to begin a duel
🌀 Unlock abilities, master your skills, and collect epic knives & guns!

🚨 Cheaters will be permanently banned with no appeal

💖 Heavily inspired by MVSD & MM2

✏️ Credits:
Maps: @Zyleak, @Thexz",Action,Battlegrounds & Fighting,mild,0,Fun with Friends | Trending in Action,2,https://tr.rbxcdn.com/180DAY-daa8e62b08622699986ab19a09fb2808/512/512/Image/Png/noFilter,b1uu,Group,36075047,5080,46487160,1522353,30916,3859,30,2025-06-06T20:23:05.867Z,2026-09-07T02:25:13.7737833Z
47545,🍕Work at a Pizza Place,"🤝Work as a team to fulfill food orders.
🏠Use your work earnings to upgrade your house and buy furniture.

Don't forget to 👍 and ⭐! It really helps!",Roleplay & Avatar Sim,Life,minimal,0,Fun with Friends | Trending in Roleplay & Avatar Sim,2,https://tr.rbxcdn.com/180DAY-ae06e2703a3f516a9946173e656912c0/512/512/Image/Png/noFilter,Dued1,User,82471,4330,5568675052,13528022,3445911,263341,12,2008-03-28T18:12:42.6Z,2026-08-26T20:04:37.435Z
10195997258,[🌊] Pull a Lucky Fish,"🐟 Cast your rod & reel in a rare fish!
🦈 Escape the shark trying to steal your fish!
🏝️ Place your caught fish on your island to earn money!
💪 Buy better rods and train your fishing skills to cast further!

🤩 Thank you for playing! Like and favorite if you enjoy the game!

🚧 The game is new, so please report any bugs on the group forum!",Simulation,Tycoon,minimal,0,Fun with Friends,1,https://tr.rbxcdn.com/180DAY-97d9789e942cd282c7c2db8f7c8183a6/512/512/Image/Png/noFilter,Openwater Games,Group,645675002,5727,39254597,102971,65619,3253,5,2026-05-20T18:54:53.252Z,2026-09-05T20:45:13.7658874Z
65241,Natural Disaster Survival,"Quickly, run around in circles! Your life depends on it!",Survival,,minimal,0,Fun with Friends | Most Popular | Trending in Survival,3,https://tr.rbxcdn.com/180DAY-ac1c764a99cfae201fd4fe916170a218/512/512/Image/Png/noFilter,Stickmasterluke,User,80254,8469,4436485668,11807060,4385291,445334,30,2008-03-28T21:33:42.623Z,2026-09-03T04:36:10.354Z
807930589,The Wild West,"🎁 FREE CODE: ""300M"" Redeem in-game for an exclusive gun! 

🤠 Welcome to The Wild West! Become a seasoned explorer, hit gold in the Mountains, or take for yourself and steal as an Outlaw. Stalk rare prey as a hunter, or live the law and hunt Outlaws for a reward. The experience is yours to make in the iconic Roblox Western RPG. Will you become the next legendary Cowboy?

⭐👍 Hit Like and Favorite if you want to show your support!

🔔🔔🔔 Remember to click Notify to get first access to new updates!

💬 Check our Social Links and join the community for sneak peeks!

⚠️ P.S.A: Please don't cheat! You WILL be caught and permanently banned from the game without appeal. It ain't worth it partner!

To ensure fairness, private servers have reduced loot and payout.",Action,Open World Action,mild,0,Fun with Friends,1,https://tr.rbxcdn.com/180DAY-b10f208afff39595a5fb88df239cdcfc/512/512/Image/Png/noFilter,Starboard Studios,Group,3755133,803,341546435,1628722,624496,89079,30,2018-09-05T05:00:28.69Z,2026-09-06T17:10:22.1856675Z
245662005,Jailbreak,"A Roblox classic. Organize a robbery or catch criminals! Go together or solo! And find the fastest cars to rule the server. 

Update Aug 14
+ New: Mobile UI size and position settings.
+ Keybinds for Desktop and Console.
+ Season 33, our final planned season.
+ 2 new vehicles: Velociraptor and The Boulder.
+ New common safe prizes.
+ 8 Billion Visits Wing.

🖥 Programmed by Badcc and Epic_Tank.
🎨 Built by asimo3089 & the community.
",Action,Open World Action,mild,0,Fun with Friends | Most Popular | Trending in Action | More When You Subscribe,4,https://tr.rbxcdn.com/180DAY-468c4a0429ba9a5d0eb990a79a86b003/512/512/Image/Png/noFilter,Badimo,Group,3059674,6973,8028741416,18645418,5795262,810876,30,2017-01-06T16:39:11.173Z,2026-08-28T18:10:39.76Z
4941503535,unConventional,"In a world where everybody has supernatural abilities, rise to the peak as the strongest of your school's hierarchy! Gain fantastical powers, and conquer other players to reach the summit of unConventional!


❗To enter codes, type ""/code [name]""❗


⭐Credits⭐
Owner: cel
Scripters: cel, Logophilic, Storm_Cloud, Willisawesome12
Builder: Sorran1
VFX: cel, Storm_Cloud, Willisawesome12
General Contributions: CruelSun, Ai_Mikii",Action,Battlegrounds & Fighting,moderate,0,Top Revisited,1,https://tr.rbxcdn.com/180DAY-2910be7855d7af22e00e22f1ceea1522/512/512/Image/Png/noFilter,shocker games,Group,10297566,54,39579099,30741,13860,5599,20,2023-08-02T17:33:22.69Z,2026-08-19T17:10:42.362Z
7274244096,[NEW UPDATE!] Toilet World Roleplay 2,"⭐ Welcome to Toilet World Roleplay 2! ⭐

This game is based on the ST Series, you can either become a cameraman, speakerman, a toilet or ANY side you want to play as.
Right now, the state of the game is REWORKS and NEW additions, expect also more frequent updates!

CREDITS to these awesome people: cs, leo, avi, nooby, wilson, willow, skibGOAT, ICE CAM, scout, bonnie, ozzie, brickz, alogin, matthew, ma1, withr, chair, matula, tinkish, nlittleguy

MORPHS >>
Astro Juggernaut 2.0 Upgrade!
New base abilities, new equipment, new music and more!

OTHER >>
New shift lock
More optimisation
Many bug fixes

-- Whats next?
Astro Update Part 3!

Like the game to support future updates and join right now!

Enjoy the game!",Roleplay & Avatar Sim,Morph Roleplay,minimal,0,Top Revisited | Trending in Roleplay & Avatar Sim,2,https://tr.rbxcdn.com/180DAY-14392924b5703867732f31e19bd77b9c/512/512/Image/Png/noFilter,Toilet World Roleplay Community,Group,34849688,3940,142622211,926969,87868,7991,30,2025-02-21T12:06:57.907Z,2026-09-06T22:17:24.0643575Z
6682487255,[ 🪄🎩] Anime Card Clash,"Anime Card Clash ⛩️

[UPDATE 9.1 POWER DUNGEON]

Grind your way through the immersive Story maps, play Infinite Towers and Nightmare Modes, or PVP for the top ranking on leaderboards. Secret Boss Raids and Battle Towers are waiting for you!

[How to Play]
🎲 • ROLL button to start rolling cards! (tip: use auto roll and quick roll)
🌀 • DECK button to build your deck! 
🌐 • TELEPORT to start the story mode! 
🍀 • UPGRADES to upgrade your Luck, Cooldown, Boss Chance, and more!
🔥 • BATTLE bosses, crush the Battle Tower, or PVP to gain rankings!

PC, Mobile, Console supported. Premium players receive Luck and Cooldown bonuses!",Simulation,Incremental Simulator,minimal,0,Top Revisited | Top Earning | Top Rated,3,https://tr.rbxcdn.com/180DAY-95c352ee696cae49d8f71d0449e21284/512/512/Image/Png/noFilter,RNG Lab,Group,34903714,6724,506568678,229801,424990,10766,24,2024-10-16T12:48:08.193Z,2026-09-05T16:35:08.981Z
4260784961,Napoleonic Wars,"🌿 The Napoleonic Wars is a game community which depicts the battles of the era 1804-1815. 🌿 

In the year 1804 Napoleon, one of the greatest Generals of all time, is proclaimed Emperor of the French and begins a campaign of conquest in Europe which changes the continent forever. 

Take part in cutting edge battles of well over 3,000 players. Join us for battles the likes of which you have never seen! ",Action,,moderate,0,Top Revisited,1,https://tr.rbxcdn.com/180DAY-5895ea23897e543fa077de248e62d46c/512/512/Image/Png/noFilter,NapoIeonic Wars,Group,12425385,17,23584709,76409,27556,4985,200,2023-01-06T11:29:07.447Z,2026-09-06T19:49:28.6946656Z
10411998017,[Full Release🔥] Project Bikelife,"🏍️ Welcome to Project Bikelife 🏍️

Project Bikelife is a bike life game focused on **realistic physics, wheelies, combos, swerves, and clean bike control. Whether you’re trying to learn balance or hit crazy combos, this game is all about skill.

This game has a learning curve, so don’t expect to master it instantly. You’ll need to learn throttle control, brake control, speed control, and balance to really good.

▬▬▬▬▬▬▬▬▬▬▬▬▬▬▬▬▬▬▬▬▬▬▬▬

Features

🏍️ Realistic bike physics
🔥 Skill-based wheelies & combos
🚗 Dealership
💸 Make money riding or doing jobs
🔄 Bike trading
👤 Character creation + clothing imports
⭐ Limited bikes
🗺️ Big map with more coming

▬▬▬▬▬▬▬▬▬▬▬▬▬▬▬▬▬▬▬▬▬▬▬▬

❗ NOTICE ❗
This game is still in early development",Simulation,Vehicle Sim,minimal,0,Top Revisited,1,https://tr.rbxcdn.com/180DAY-d1d6db0bdc5b6f79eca2b65785b8514c/512/512/Image/Png/noFilter,Project Bikelife,Group,454248238,835,3093827,4758,19239,3578,1,2026-06-28T17:31:19.947Z,2026-09-05T13:31:31.942Z
578392296,ABA,"rate👍if you like aba
ANIME BATTLE ARENA

Controls:
Shift: Sprint
Q: Dodge
F: Block
Basic Attack: Mouse1
Space+Mouse1: Aerial Attack
Combine Basic Attacks and Aerial Attacks to discover new combos.
Use 1,2,3,4 for your character special moves.
Transformation: G

Credits:
@SnakeWorl @Melon_Sensei @Chicken_Man
@K1LLUAA @Aeytwo @draculaoji @MarkoSumisu @Grimmkind
@kogrin @matblack7 @aubatrize @buqet @ghxstying @d_avidd ",Action,Battlegrounds & Fighting,mild,0,Top Revisited | Top Earning | Most Popular | Trending in Action,4,https://tr.rbxcdn.com/180DAY-c2b77ee661ff761161dfa889fbb02cb5/512/512/Image/Png/noFilter,Dogs Studios: South,Group,3735330,5891,1316845307,1002376,507884,121022,16,2018-02-25T17:09:21.81Z,2026-09-02T03:27:45.633Z
7950997475,[Naoya] Blue Lock: Skibidi,"This is a goofy blue lock game i made

Controls:
E - Slide
Q - Dribble
Jump - Rainbow Flick
G - Use Awakening",Sports & Racing,Sports,mild,0,Top Revisited,1,https://tr.rbxcdn.com/180DAY-1cda681ed4808eca4e4547a69b5865d7/512/512/Image/Png/noFilter,Tema's Games,Group,93823900,1141,21333900,20736,18991,2998,10,2025-06-19T18:42:36.253Z,2026-09-06T19:12:20.8871138Z
9948575164,[👽] Merge Shop,"Merge food, serve customers, and build your shop!

Characters & music by ValkinLikesChez.

This game is still in development. Remember to leave a like if you enjoyed!",Puzzle,Match & Merge,minimal,0,Top Revisited | Trending in Puzzle,2,https://tr.rbxcdn.com/180DAY-7a42a958192e2224114ae265dd0ad6cf/512/512/Image/Png/noFilter,mPhase,Group,10587104,2244,47053670,232958,130748,5405,6,2026-03-27T17:34:21.368Z,2026-09-05T15:53:26.45Z
7350402084,🔨RO-Scale Sandbox🔨,"[Originally created January 25, 2020]

Welcome to RO-Scale Sandbox! A game where you can build your very own miniature railroad and operate your own trains! There are a variety of trains to operate from around the world, from the obscure, to the world's most famous trains! You can even collaborate with others and build a huge railway with your friends!

There is so much you can do in RSS (RO-Scale Sandbox), where the only limit to gameplay is your own imagination, so get creative and have fun with what you create! We hope you enjoy playing and we can’t wait to see you in game!

Important Tips:
- Don’t give permissions to people you don’t trust!
- Always remember to save!
- Turn off build collisions! (it will help when building)
- Someone says they are a staff member/developer? Real staff have the ability to show their tag in-game",Simulation,Sandbox,minimal,0,Top Revisited,1,https://tr.rbxcdn.com/180DAY-5311864579a52e99a68e9fcbaed89e3d/512/512/Image/Png/noFilter,Rock Fort Lines,Group,4278363,388,13318668,22127,8157,1291,20,2025-03-09T00:08:42.713Z,2026-08-11T01:49:29.4Z
140733710,FNAF RP - TPRR [ 🐻SCRAPS🤡 ] ,"Dive into the extensive world of Five Nights at Freddy’s : The Pizzeria Roleplay Remastered! Play as your favorite characters from EVERY corner of Fnaf, and meet a few new faces along the way! Explore different eras of the franchise, from Fredbear’s all the way to the PizzaPlex, and uncover the horrors hidden behind these checkered walls. 

🎮Each map has unique quests, achievements, and secrets to discover! Play minigames, complete quests and survive the night to collect coins and tickets to unlock new characters, map skins, and more! 

🏗️Express yourself with our custom character creator, and build your very own pizzerias in our map editor! 

🎉Make friends and memories with hundreds of characters and endless roleplay possibilities! 

⚙️ Semi-frequent updates with new characters, customization options, QOL features and bug fixes! 

📋 This is a fangame based on Scott Cawthon’s Five Nights at Freddy’s series. Check in-game for additional credits.",Roleplay & Avatar Sim,Morph Roleplay,moderate,0,Top Revisited,1,https://tr.rbxcdn.com/180DAY-46628438b59a01e077f7dfa324511ce6/512/512/Image/Png/noFilter,The Pizzeria Roleplay: Remastered,Group,2773187,677,410873116,1215955,273863,38816,12,2016-02-26T10:08:38.04Z,2026-08-28T04:08:29.539Z
3913007563,The Battle Bricks,"[UPDATE - CHAPTER 5]: Undead Cation, a brand new challenging chapter along with overhauls and quality of life changes for the majority of the game.

The Battle Bricks is a single-player tower defense styled game where you send units to defeat enemy bases to progress through stages! Although, the enemies will send units to attack back! Discover the seemingly countless amount of units along the way with varying purposes and upgrade them enough to see their alternative forms! Each stage and chapter will make you face new enemies, bases, bosses, or even how stages are handled to challenge your skills and strategies. A linear game that you can pick up from any time!

And... there's something to uncover if you ever want to have a feeling that's difficult to describe ...?

[NOTE]: Incomplete, still on-going! The game-play is inspired from The Battle Cats, although has its own spin on it.",Strategy,Tower Defense,mild,0,Top Revisited | Trending in Strategy,2,https://tr.rbxcdn.com/180DAY-137fc342c73959983615b9ee33c4406b/512/512/Image/Png/noFilter,Tumore,Group,9835935,2453,137234056,308049,179755,32916,1,2022-09-06T01:06:28.32Z,2026-09-04T19:15:23.838Z
10013052337,[CODE] Titans ultra boss rush,"Some kind of defense game where you fight waves of enemies while defending a base.
Made by your boy Executive

Join our community server for sneaks, giveaways and more!! under the game links.",Action,Battlegrounds & Fighting,mild,0,Top Revisited,1,https://tr.rbxcdn.com/180DAY-ba4a4d4af894d55e29e19d3f823a1c81/512/512/Image/Png/noFilter,TheOneExecutive Studios,Group,77395541,3437,6703609,12060,5235,936,8,2026-04-09T23:45:22.485Z,2026-09-07T01:30:24.0833674Z
9219838330,[SHIN REWORK] Project Mirror Labyrinth,"Use code 'Welcome' for some FREE Reflections!
Remember to leave a LIKE and join the Group for more updates and codes!

NO CONTROLLER SUPPORT

To start a dungeon, press [TAB] and then Play, or interact with the NO ENTRY gate

Maintenance begins roughly around 2:00 P.M. every Tuesday!

WARNING: THIS GAME CONTAINS BRIGHT/FLASHING LIGHTS

Project Mirror Labyrinth takes gameplay elements from multiple games, mostly Slay the Spire, Library of Ruina, and Limbus Company. PML is a roguelite deck builder taking heavy inspiration from the Project Moon universe. It takes place shortly after the events of Angela's Bad End in Library of Ruina, but contains no major spoilers, and you don't have to play LoR to understand this game.",RPG,Turn-based RPG,moderate,0,Top Revisited,1,https://tr.rbxcdn.com/180DAY-80d069fdf1f304f5ddd6890d6a23b874/512/512/Image/Png/noFilter,Project Mirror Labyrinth,Group,127473071,380,12751444,38272,107727,2949,15,2025-11-22T06:54:04.083Z,2026-09-02T23:00:12.096Z
9362896961,Anime Card Collection,"Welcome To Anime Card Collection!

🃏 Collect. Earn. Flex.
🎁 Open card packs
📖 Store them in your binder
💸 Generate money from your cards
✨ Buy better packs and build your collection

👍 Like the game and join the group!
💻 Available on Desktop, Mobile, Tablet, & Console!

Tags: Anime Card, Card Collections, Collector",Simulation,Incremental Simulator,minimal,0,Top Revisited | Top Rated,2,https://tr.rbxcdn.com/180DAY-1ebfeb8087d823f74127253a600a39fb/512/512/Image/Png/noFilter,Crew Simulators,Group,34208109,4329,152804810,219968,596392,9147,6,2025-12-15T16:57:59.35Z,2026-09-05T18:04:39.1371603Z
5488708927,The Eternal Abyss,">>> The Eternal Abyss is a very difficult game with little-to-no handholding. Losing progress and raging is a part of the game which should be expected. <<<

This game houses towers that intend to push the limits of difficulty and human capability. Do not expect to have an easy time with the content provided in these areas.

There are also numerous branching areas from The Eternal Abyss with different styles of towers such as Pit of Misery, Timeless Manor & Starry Night, with more to come.

Originally a reiteration of Pit of Misery from Eternal Towers of Hell (EToH).

The goal is to have 50 towers in each area of the game.",Obby & Platformer,,minimal,0,Top Revisited,1,https://tr.rbxcdn.com/180DAY-a5843bad9b7b14b8c91bf336cb61b0a9/512/512/Image/Png/noFilter,bLockerman666,User,291098593,193,7034614,20421,5599,949,25,2024-01-04T22:15:21.77Z,2026-09-06T18:05:41.0373991Z
3289847355,Tower Creator,"Sandbox / Roblox Studio-esque game made for creating colossal platformer towers from a game called EToH, or whatever you want to your hearts content.

Inspired by Obby Creator and Eternal Towers of Hell (EToH)
Game Icon by Greenthron

If you are a music artist and you see your music being used without permission, please contact us!",Simulation,Sandbox,minimal,0,Top Revisited,1,https://tr.rbxcdn.com/180DAY-325115a91176896a0fada6116f155327/512/512/Image/Png/noFilter,Boring Tower Studio,Group,9757567,315,30803851,42355,15680,3664,16,2022-01-26T12:44:27.747Z,2026-09-05T22:11:00.553062Z
1235188606,[EVENT ☀️] Dragon Adventures 🐉,"Embark on the adventure of a lifetime in Dragon Adventures, the ultimate pet dragon taming RPG! Explore breathtaking worlds filled with majestic dragons and hidden treasures. Will you rise to become a legendary dragon master?

☀️ Solstice Event begins!
🐲 TWO new dragons: Leonelios & Celesteis!
🐟 Fishing Frenzy comes to an end

🗺️Explore unique worlds and unlock their secrets
🐲Discover over 200 unique dragon species!
🥚Discover, collect and HATCH eggs
🥚Raise your dragons from birth
🏠Design your own dragon lair
🐉Grow MASSIVE dragon species
💨Soar high and run fast with your dragons
🔥Defeat your enemies
🏆2020 Bloxy Award Winner for Favorite Map


Tags: Adventure, Animal, Animals, Pet, Pets, Open World, Fantasy, Exploration, RPG",RPG,,mild,0,Top Revisited | Top Earning | Trending in RPG,3,https://tr.rbxcdn.com/180DAY-fc75436afc394bbbc3f5de6dd0943ce5/512/512/Image/Png/noFilter,Sonar Studios,Group,2919215,7981,1711389749,14399823,1110266,78261,20,2019-07-15T16:19:10.623Z,2026-09-05T21:21:11.1817757Z
1176784616,[🏷️] Tower Defense Simulator,"💜 Thank you for 2 MILLION likes! Use code 2MILLION for a free Mercenary Pursuit skin!

Place units to defend against hordes of zombies! Team up with friends and face against even stronger bosses to unlock new units!

👥💵 Join the Paradoxum Games group for +$100 starting cash!

👍 Thumbs up and favorite for more quality updates! 🌟

Version 2.9.0
🌊 Final Wave of Summer Skins
🏷️ Labor Day Sales, up to 30% off

Version 2.8.0
🧊 FROST CHAMPION BOSS
❄️ Frost Mode Rework",Strategy,Tower Defense,minimal,0,Top Revisited | Top Earning | Most Popular | Trending in Strategy | More When You Subscribe,5,https://tr.rbxcdn.com/180DAY-1f216c3535a9fb3706e36f99d727bc14/512/512/Image/Png/noFilter,Paradoxum Games,Group,4914494,8386,4959467373,3492574,2065488,128219,50,2019-06-05T04:21:45.977Z,2026-09-04T16:42:36.785Z
3747388906,[🚁HELI] Fallen Survival🏹,"Your base and items are saved on your last played server when you leave. 
Servers will reset bases and data - scheduled every Friday at 3 PM EST.
 
🏝️ Spawn on the beach with a boulder!
🪓 Harvest resources and craft new tools!
🏡 Build your base and defend from other players raiding!
⚙️ Discover new crafting recipes!
🗺️ Traverse the map with various vehicles and discover new monuments and loot!
⚔️ Fight military NPCs, bosses, and other players!
💣 Raid another player base and take their loot!

PvPvE hardcore base building Survival Game.
PRIVATE = FORCE WIPE

This experience is protected by International Intellectual Property laws. 
Chunk Studios has rights to use all assets in this Experience. 
Any concerns or inquiries can be messaged to the Group Owner (Founder) on Roblox. ",Action,Open World Action,moderate,0,Top Revisited | Top Paid Access,2,https://tr.rbxcdn.com/180DAY-2984b33424e8d038b089eb4fc34db693/512/512/Image/Png/noFilter,Chunk Studios,Group,1154360,938,47082813,279072,46052,8045,100,2022-07-15T00:04:04.093Z,2026-09-04T18:59:19.123Z
1039663363,Checho's Deltarune RP,"[❗ This game may contain flashing lights and moving images ❗] 
[🛠 We are working on new content! For more info, join our chat server! 🛠] 
[📷 A graphics level of 6-10 is recommended 📷]

Welcome to Checho's Deltarune Roleplay! Roleplay as a vast assortment of characters from DELTARUNE in a fun, expansive world!
Checho's started development in 2018 and has, over time, been worked on by two dozen different Developers and countless contributors. We hope you enjoy!

[DISCLAIMER] 
DELTARUNE was made by Toby Fox and the DELTARUNE team. This is a fan project, and we're not affiliated with anyone who made DELTARUNE.

[MISC] 
New accounts unfortunately have to wait 30 days to join the game. This doesn't apply in VIP servers!
A FaQ can be found in-game in the form of the MANUAL!
Find a bug? Send a modcall with the reason ""Bug Report""",Roleplay & Avatar Sim,Morph Roleplay,minimal,0,Top Revisited,1,https://tr.rbxcdn.com/180DAY-fd94c42e40fa3857154feee4481b0e5e/512/512/Image/Png/noFilter,Checho's Deltarune RP,Group,4553650,363,15656871,74135,25597,1707,150,2019-02-19T05:35:07.217Z,2026-09-05T12:30:04.625Z
6504986360,[⭐SEASON] Bubble Gum Simulator INFINITY,"Welcome to Bubble Gum Simulator INFINITY! 🫧

🏆 Mini Update! Super Season + Stratus Egg Void Pets! Guilds next week!

⭐ Updates every Friday at 2PM EST!

☁️ Blow Bubble Gum to increase its size and jump into the clouds. Discover islands and secrets in the sky!

🥚 Hatch rare pets and build a powerful pet team!

A game by Rumble Studios.",Simulation,Incremental Simulator,minimal,0,Top Revisited,1,https://tr.rbxcdn.com/180DAY-aa198f6aba3b301dddbb214c570716db/512/512/Image/Png/noFilter,Rumble Studios,Group,3333298,2506,605045198,291542,493544,16319,12,2024-09-02T20:33:13.033Z,2026-09-07T02:31:54.774414Z
1316421563,Volleyball 4.2,"Controls: https://devforum.roblox.com/t/829726/2
Changelogs: https://devforum.roblox.com/t/829696
Credits/Info: https://devforum.roblox.com/t/829726

Affiliates: 
Tennis: https://www.roblox.com/games/4815159491
Clothes: https://www.roblox.com/groups/6357621

Special thanks to Kalastraza and tommy2002, without whom this project would have been impossible.
This is a sentence including the word Haikyuu so the game shows up in searches.",Sports & Racing,Sports,minimal,0,Top Revisited,1,https://tr.rbxcdn.com/180DAY-01a40c52b8d00bfecb0d925b5c5a1d23/512/512/Image/Png/noFilter,unlimited bolg works,Group,5156611,298,331975769,463722,172851,18001,24,2019-09-08T23:48:25.407Z,2026-09-03T23:41:22.984Z
2527789729,[COLOSSAL!🦕]Prior Extinction - Dinosaur Survival!,"Prior Extinction is a dinosaur survival game. You will be taking charge of your very own realistic dinosaur surviving & fighting other dinosaurs for domination of a prehistoric land, housing animals of various time ages prior to becoming extinct.

Prior Extinction is still in public ALPHA stage. This means that the game is nowhere near completion, & will receive many more updates in the future.
Tags: Survival, Dinosaur, Prehistoric, Mesozoic, Realistic, Hardcore, Roleplay",Roleplay & Avatar Sim,Animal Sim,moderate,0,Top Revisited | Top Earning | Trending in Roleplay & Avatar Sim,3,https://tr.rbxcdn.com/180DAY-62a9449ec581784427ada98920a8c1c3/512/512/Image/Png/noFilter,Jacys Studios ROBLOX,Group,5288558,1872,110585407,352386,94735,25873,30,2021-04-18T17:31:53.1Z,2026-09-05T07:16:23.152Z
4096039463,Attack on Titan: Freedom War,"This is a permadeath multiplayer campaign where soldiers and warriors fight for the control of the founding titan. Dying quickly is a common thing here, only the strong and lucky ones survive.

The campaign is not a exact recreation of the aot storyline, but a similar one. It's divided in multiple arcs that contain multiple stages. 

It’s recommended to test shifters/pvp in practice before playing the campaign.

Inspired by the anime/manga Attack on Titan.",Action,,moderate,0,Top Revisited,1,https://tr.rbxcdn.com/180DAY-a52ceb1b7c879adb082e2a483790e375/512/512/Image/Png/noFilter,DankAlert8686,User,21901996,153,29555823,68005,25719,7485,1,2022-11-12T00:15:13.927Z,2026-08-26T16:20:53.83Z
10491385664,Da Uphill (MOBILE MACRO),Controls: (X - macro) (RC - ads) (LC - shoot) (E - stomp) (CTRL - crouch) (SHIFT - sprint),Action,Open World Action,mild,0,Top Revisited,1,https://tr.rbxcdn.com/180DAY-2bc68be22fb00e9c9117ecf7dad8fe38/512/512/Image/Png/noFilter,Vоid Fаlls Entertаinment,Group,1095815668,306,2362418,785,640,153,35,2026-07-12T13:29:42.442Z,2026-09-06T20:26:08.1642898Z
10452420697,[EA] Combined Arms,"Combined Arms is a military flight sandbox with full cockpits, realistic aerodynamics, and carrier operations.
Dogfight other players in team deathmatch or free-roam sandbox mode.

The current aircraft available are:
- F-22A Raptor
- F-15C Eagle
- Eurofighter Typhoon
- Su-57 Felon
- Su-35 Flanker
- F/A-18C Hornet
- F-14D Super Tomcat
- J-10C Firebird
- F-16CM Fighting Falcon
- Yak-44E Hawkeyeski
- F-15 Eagle STOL (Unlockable)
- AV-8B+ Harrier II
- DC-10F Death Contraption

The game is not in a complete state and is in early access.
We plan to add radar functionality, infantry, ground vehicles, helicopters, naval vessels, nuclear weapons, and much more.",Simulation,Vehicle Sim,minimal,0,Top Revisited | Top Paid Access,2,https://tr.rbxcdn.com/180DAY-dfcb11d18ad105919bbbaf8bd09bcb89/512/512/Image/Png/noFilter,Combined Arms,Group,16016805,77,632748,29630,4407,201,12,2026-07-05T14:21:05.528Z,2026-08-22T22:03:58.731Z
8524572339,bridger: WESTERN (CMOON),"Mankind in their expansion west have settled within Ridge. B Valley, a grueling and untouched wilderness rumored to hold an ancient curse. Beasts hunt and forces beyond mortal reach skulk these grounds, their chaos trapped and anchored by those who came long before them.

Your place within the valley is yet to be decided,  whatever path you choose to walk down danger remains a constant.

-Basic Controls-
Q - Quick dash 
W+W - Sprint 
R - Reload (With Weapon)
M1 - Fire (With weapon)
M2 - Aim in (With weapon) 
G - Melee (With weapon)
X - Ocular Prowess 
C - Fists 
F - Block (With fists out)
M - Statistics Menu 
H - Summon/Unsummon horse
N - Ride horse/Dismount

MAKE SURE TO HAVE A CLIPPING SOFTWARE SUCH AS MEDAL, SHADOWPLAY ETC IF YOU WOULD LIKE TO BE UNBANNED FROM ANTICHEAT.
(This game is in Early Alpha, meaning that everything is work in progress, and subject to change.)

Some clothing in game is made by Blotnik",Action,Open World Action,moderate,0,Top Revisited | Top Earning | Trending in Action,3,https://tr.rbxcdn.com/180DAY-3c5b128dcdafb4e6eeefbe015a99152c/512/512/Image/Png/noFilter,BRIDGER INC.,Group,35966884,2970,92065347,135958,79679,21617,25,2025-08-23T17:46:40.803Z,2026-09-03T12:34:08.399Z
2380077519,[UPDATE⛰️] Slap Battles👏,"A game about slapping people into oblivion using different gloves with unique abilities. This game is very chaotic, so don't be surprised if you spot someone complaining about some glove that I'm pretty sure originated from hell itself. You earn slaps when slapping people, which are used to unlock new gloves. Gloves have abilities, some are passive, others are activated by pressing ""E"" (mobile players have a button). Shift lock is recommended. ANY FORM OF EXPLOITING/HACKING WILL RESULT IN A PERMANENT BAN - don't risk it 😡😡😡😡😡😡 Credit to DM DOKU, Desolo Zantas and Tim Haywood for creating several songs used.",Action,Battlegrounds & Fighting,mild,0,Top Revisited | Most Popular | Trending in Action | More When You Subscribe,4,https://tr.rbxcdn.com/180DAY-4bd829b92516adbdec9bc346ba295b7e/512/512/Image/Png/noFilter,Slap Battles,Group,9950771,7205,3625269557,4622721,1950194,316138,16,2021-02-16T16:37:41.25Z,2026-09-04T16:15:48.826Z
6375110339,[ Mafia ] ST : Blockade Battlefront,"[ /e vote ] to restart broken server
ST : Blockade Battlefront is a Roblox wave tower defense and survival shooter game, where players must strategically deploy units and powerful Titans to defend their base against escalating waves of enemies

!!If you found bug please report in dis immediately if you found one so we can fix them as fast as we could!! 

Moves Keybind are Q E R T Y F G H Z X C V B double spacebar, some move may contain special condition like keystack and aerial variant",Action,Battlegrounds & Fighting,moderate,0,Top Revisited,1,https://tr.rbxcdn.com/180DAY-36c8e3e741b5c0b7b7782ddd58369ebd/512/512/Image/Png/noFilter,Loading Studi,Group,6022628,1124,148522862,101406,68876,5973,1,2024-08-05T17:07:01.483Z,2026-09-02T09:56:40.091Z
9442472087,WARDEN 🐲 Sonaria Horror Escape,"How many Trials can you survive while the Corrupted hunts you? Something bad happened to Sonaria, so you must go into the unknown and find out! 

Start as Mylo, team up and explore strange places full of monsters, puzzles, bosses, and hidden secrets.

Based on the Creatures of Sonaria universe

Up to 8 player co-op to maximize your chances of getting as far as you can! Leaderboards reset monthly.

🗺️ Explore new places & go deeper every run
🏃 Run, hide & finish tasks while monsters hunt you
👹 Escape scary bosses
🧩 Solve puzzles & find secrets
🧬 Discover and unlock new Delvers!
🃏 Collect cards & plushies to grow stronger
🤝 Win with friends and get rewards!

🌟 Favorite the game and join Sonar Studios for exclusive in-game rewards!

Tags: Thriller, Monster, Kaiju, Animals, Fantasy Horror, PvE, Multiplayer, Mystery, Exploration, Puzzle",Survival,Escape,mild,0,Top Revisited,1,https://tr.rbxcdn.com/180DAY-7c7c9731dc5f663f1ae14523b3800fd2/512/512/Image/Png/noFilter,Sonar Studios,Group,2919215,747,9366931,258677,28984,2212,32,2025-12-27T03:53:59.19Z,2026-09-06T07:53:59.8604115Z
4342047058,Guts & Blackpowder,"Guts & Blackpowder is a game taking place during the Napoleonic Wars with the undead zombie masses rising from the ground. A group of survivors must hold out against the horde, only armed with muskets and swords. 

Clothing in the game is made by DrLivesey, Miscreantagent, and Ower, you can buy their clothing here 
https://www.roblox.com/groups/5466526/DrLiveseys 
https://www.roblox.com/groups/33978264
https://www.roblox.com/groups/33800174

UGC Hats Available! https://www.roblox.com/groups/16911831/Guts-Blackpowder#!/store

GAME RULES:
1. Exploiting is strictly forbidden and will result in permanent ban
2. Inappropriate chat messages and user-built structures are not allowed and will result in bans
3. Griefing, round delaying, stalling, or abusing glitches to intentionally ruin the game for other users will result in bans
4. Misusing the in-game reporter can result in bans
5. Adhere to Roblox's Terms of Use",Shooter,PvE Shooter,moderate,0,Top Revisited | Trending in Shooter,2,https://tr.rbxcdn.com/180DAY-db58c050d202c15d12a839b11064fdf3/512/512/Image/Png/noFilter,Guts & Blackpowder,Group,16911831,5040,590133825,1301407,515338,32010,20,2023-01-31T05:45:51.933Z,2026-08-27T21:55:55.839Z
5422546686,[👑] Horse Life,"Ride, explore, and build your dream stable in a vibrant world of horses! 🐴 Tame wild horses, discover rare species, and breed them to create your perfect companion. Will you build the ultimate stable?

🆕 New: 
👑 The Royal Event returns with a new map and the new horse, Sovereign!
💖 Semester 3 begins with Y2K vibes, the Mousipod pet, and retro gear.
✨ Collect Event Gems, complete your Journal, and unlock exclusive rewards!

🏠 Home System — build and decorate your own space!
🐎 Breed horses together and discover their unique traits and personalities!
🗺️ Explore 3 maps — Main World, Market World and the Competitor Hub!
🌟 Meet NPCs with quests and stores!
⚡ Discover rare Horse mutations including the Astral!
🏆 Compete in races and activities!
🌿 Seasonal events and deep customization options.

Tags: Horse, Unicorn, Pegasus, Pony, Fantasy, Racing, Breeding, Taming, Roleplay, RPG, Pets",Roleplay & Avatar Sim,Pet Care,minimal,0,Top Revisited | Top Earning | Trending in Roleplay & Avatar Sim,3,https://tr.rbxcdn.com/180DAY-42e63ef5a8129ea2615446a32d9afa79/512/512/Image/Png/noFilter,Sonar Studios,Group,2919215,2176,364548318,2236631,482581,21749,30,2023-12-21T01:01:32.093Z,2026-09-04T22:27:01.735Z
2682938349,Wild Horse Islands,"Saddle up your dream horse and explore vast islands where wild horses roam free! Capture them to build your ultimate collection and expand your stables! 🐎

A wild adventure awaits in Wild Horse Islands ✨

💰 Earn money by selling horses and resources you collected in the wild
👑 Customize and accessorize your horses in any style or colour that you can imagine
🐴 Train up your horses by doing detailed training activities
❤️ Bond with your horse by taking care of their needs and spending time together
🤝 Trade, socialize, and roleplay with friends

🏁🏇 Check out the Competition Hub! Compete against others in high detail races and take home the win! Use sabotage items to slow down your opponents! 🏇🏁

Tags: Taming, Pasture, Farm, Western, English, Fantasy, Realistic, Pony, Foal, Racing",Roleplay & Avatar Sim,Pet Care,minimal,0,Top Revisited | Trending in Roleplay & Avatar Sim,2,https://tr.rbxcdn.com/180DAY-82e5806075990088643abfa2fee4bb71/512/512/Image/Png/noFilter,Happy Acres,Group,11214735,2371,672829333,655421,250339,21100,20,2021-06-22T16:46:19.733Z,2026-09-03T18:29:05.741Z
9965411707,[UPD 3🌙] Noob Incremental,"Welcome to Noob Incremental! A massive Incremental game with hundreds of Upgrades, dozens of Stats, multiple Prestige layers, and many Features to explore! ✨

How to play:
🤓 Buy Noobs and make Oof!
⚡ Buy Upgrades and be Stronger!
🍀 Roll Runes and Level them up!
🔥 Prestige and unlock new content!
🏆 Reach the top and become the ultimate Noob!

💎 Roblox Plus players get +10% Oof and +10% Prism!
💖 Join the Group and Like the game for +10% Rune Speed!
🎉 Join the Community Server for +10% Rune Luck!

👥 Credits
@GhoulaxDev - Owner & Programmer
@Tehleat - Builder
@0hxsn - UI Designer
@Zyfley - Balancer
@0wknh - Some VFX
@PurpleDevMusic - Few Musics",Simulation,Incremental Simulator,minimal,0,Top Revisited,1,https://tr.rbxcdn.com/180DAY-39a0aff05ebe2120f8721ac01dc6a6d1/512/512/Image/Png/noFilter,Ghoulax Games,Group,356937272,3463,42515301,74463,71564,2770,6,2026-03-30T20:41:02.42Z,2026-09-05T21:00:42.9504755Z
3047037061,bLockerman's Minesweeper,"Game made by bLockerman666 and aamo_s.

You can customize the board in private servers! (Note that wins don't count in them)
If you don't want to beat the tutorial, you can either skip it temporarily or play in a private server.
Exploiting of any sorts is NOT allowed in this game, and you will be punished for it.

How to play:
The board is divided into tiles, with mines randomly distributed.
To win, you need to step on all the safe tiles, without stepping on a mine.
The number on a tile shows the number of mines around it in a 3x3 area.
Using this information, you can determine tiles that are safe, and tiles that contain mines.
Tiles suspected of being mines can be marked with a flag using the left mouse button.
",Puzzle,,minimal,0,Top Revisited | Trending in Puzzle,2,https://tr.rbxcdn.com/180DAY-82959729d74d1f094eca6267011ae69f/512/512/Image/Png/noFilter,bLockerman666,User,291098593,1516,144472247,151073,81504,12853,5,2021-11-01T16:47:24.003Z,2026-08-29T08:02:50.513Z
839922895,Project Stardust,"Welcome to Project Stardust, one of the most unique Space Combat games on Roblox! Here you can control massive spaceships from several different franchises, including Star Wars, Halo, and Space Battleship Yamato. Lead your team to victory, whether it be through playing tactically or sheer force! 


Farming in servers is not allowed, and all your progress has the chance to be reset, if you are not outright banned from playing. Game consists of fan designs as well. Search for FractalSponge, Zenseava, Sins of the Prophets, and Homefront to see where we get our inspiration from!

This game is requires a mouse and keyboard to play. If your device does not support a mouse and keyboard, you may only use the tech tree viewer to look at cool ships.",Action,Battlegrounds & Fighting,mild,0,Top Revisited,1,https://tr.rbxcdn.com/180DAY-4bc0f2bb95f940f0fff2e8a6612ed260/512/512/Image/Png/noFilter,Military Flight Simulator Community,Group,1164372,129,21015249,178819,51950,7308,100,2018-09-23T18:07:01.76Z,2026-09-07T01:06:18.5999879Z
8356066619,[🗡️UPD 4.0🟠] Anime Squadron,"Dive into a brand-new lane battler packed with unique features, strategic gameplay, and exciting challenges.

🔥 Summon & Upgrade Your Units!
🛡️ Deploy your favorite anime heroes into battle.
⚡ Level up, evolve, and unlock devastating abilities!
🎯 Plan your lineup and dominate every fight.
⚔️ Multiple Game Modes Await!
👥 Team up with friends and take on epic challenges.
🏆 Climb the ranks and prove you’re the ultimate Ranger.
💥 Defend against massive bosses and nonstop enemy waves!
💠 Are you ready to lead your squad and save the multiverse?",Strategy,Tower Defense,minimal,0,Top Revisited | Trending in Strategy,2,https://tr.rbxcdn.com/180DAY-8a4d9fd97a01439f6fd307b7ad241952/512/512/Image/Png/noFilter,Komplex Studio,Group,9190691,9881,85832471,46032,86852,4378,16,2025-08-05T17:45:32.933Z,2026-09-07T04:39:49.5817514Z
1054526971,Blackhawk Rescue Mission 5,"Blackhawk Rescue Mission 5 is a tactical openworld shooter with vast maps and thrilling gameplay. Engage in team-based combat throughout Ronograd Island or rescue survivors in the exciting new ZOMBIES gamemode. Go head to head in PvP or even build out your own Headquarters to boost your income offline.

• Customize your operator with over 1000+ unique outfit combinations.
• Build your dream gun with 70+ choices and over 100 attachments. 
• Purchase and own 20+ vehicles and helicopters from modern militaries. 
• Multiple engaging gamemodes with many hours of fun ahead.
• Make your own custom scenarios and maps with the Sandbox Mode. [Realtime Game Editor]

PC, Console, and Mobile are supported. 
Headphones recommended for best audio experience. All music is non-copyright and streamer safe.

Based on PlatinumFive's original Military RP games.",Action,Open World Action,moderate,0,Top Revisited | Top Earning | Most Popular | Trending in Action,4,https://tr.rbxcdn.com/180DAY-2a10848eb45cc1a588040692fa7418f2/512/512/Image/Png/noFilter,PLATINUM FIVE,Group,4668709,4094,618036378,1696390,611505,67071,1,2019-03-03T04:44:11.087Z,2026-09-05T01:53:30.691Z
2765784373,PHIGHTING! [ALPHA],"PHIGHTING! is a class-based third person shooter reimagining classic ROBLOX gears and games with a modern twist! Team up with four other players to annihilate and conquer your enemies with 15 playable characters and over 25 maps to brawl on. Enjoy the original soundtrack, the unique character interactions, or just hang out with some friends in Crossroads, but always be ready to PHIGHT!

Disclaimer: This game is still in alpha. Many elements shown in the game currently are subject to change. This game is a passion project, so there is no set deadlines for any updates. We hope you will continue to support the game up to its release.",Action,Battlegrounds & Fighting,mild,0,Top Revisited | Trending in Action,2,https://tr.rbxcdn.com/180DAY-f1f134cae415a4bd12d36524f02a7778/512/512/Image/Png/noFilter,boggio,Group,9731363,1343,84781933,522363,204601,13621,12,2021-07-22T22:55:56.78Z,2026-08-27T22:07:27.705Z
1374118848,Dragon Generations,"Welcome to Dragon Generations! Master explosive combat techniques, unlock devastating transformations, and team up with friends or rival players in intense PvP and PvE fights. Whether taking on your favorite Dragon Ball villains or battling for victory in tournament arenas, every fight will test your skill, strategy, and determination.

DEVELOPERS:
ObjectMode, SonnyDhaBoss, SimplyGray, YezCode, LeanNBud, objectnew, Dr.Arinasu, Boriu42, Jahsili, ChronicPride, Xenolys, Kami_Imura, Cosmic3V, SteamTheKitsune",RPG,Action RPG,mild,0,Top Revisited,1,https://tr.rbxcdn.com/180DAY-ac2c47fb829730972a0335256913e6a3/512/512/Image/Png/noFilter,Asunder Studios,Group,5237711,392,70033475,379797,155371,21402,1,2019-10-24T01:24:05.3Z,2026-09-06T09:54:15.8203131Z
9229146348,JUST ONE MORE ASYM [Wrecker Update],"Welcome to JUST ONE MORE ASYM.

JOMA is an asymmetrical game with a juggernaut-style spin on it. One AI controlled killer and their player controlled cohorts hunting down 13 survivors.

You can either run and survive, or stand your ground and *eliminate what's hunting you in the first place in this 4v13 half-asym half-juggernaut.

ABERRANT | The AI controlled killer. Usually the main threat and very lethal, although very predictable.
ADVERSARY | The chosen sub-killers that protect the main killer. Ranging from supports to attackers, use the AI to your advantage,
SURVIVORS | Run for your life, but if the situation calls for it, stand your ground instead.

Game mostly inspired by random Roblox asymmetrical horror games, though otherwise sticks to mostly original content.

[ GAME RULES : ]
1. No Exploiting
2. No Intentional Bug Abuse",Survival,,moderate,0,Top Revisited,1,https://tr.rbxcdn.com/180DAY-cd7395672635c13afab20fcc0bcea074/512/512/Image/Png/noFilter,FourSquare Creations,Group,12557906,578,9102528,35703,15396,3783,16,2025-11-23T07:33:23.817Z,2026-09-06T16:28:44.0304054Z
9141743926,[🌀] Catch a Monster,"Welcome to Catch a Monster!

How to Play:
⚔️ Defeat wild monsters in battle
🔮 Capture them and collect them!
⭐ Discover and collect higher-rank pets
🥚 Find rare eggs and hatch new companions

💰 Earn coins and grow your squad! 
🔥 Show off your strongest monsters! 

👍 Like the game and join our group! ",Adventure,,minimal,0,Top Revisited | Top Rated,2,https://tr.rbxcdn.com/180DAY-084df040e55cf265929b2b4c41830fab/512/512/Image/Png/noFilter,LDS II,Group,15753989,5069,446387699,597330,532089,11706,12,2025-11-10T07:20:57.997Z,2026-09-07T02:51:08.0095232Z
7934320560,Five Nights TD 2 [New Merchant Units],"🎉 Welcome to Five Nights Tower Defense 2, a Five Nights at Freddy's inspired tower defense game!

⚔️ Survive the waves and collect animatronics!

⏰ Stay tuned for weekly updates!",Strategy,Tower Defense,minimal,0,Top Revisited | Trending in Strategy,2,https://tr.rbxcdn.com/180DAY-8d92a6f3ca88f1bd14772f34861680da/512/512/Image/Png/noFilter,Hyper TD,Group,33298472,2647,105889421,133907,161992,7851,20,2025-06-17T09:24:50.61Z,2026-08-30T17:40:20.25Z
4557322431,Project: Afternight,"[ ⚠️ THIS IS A BETA RELEASE! This game is still in active development, and not fully polished. ]
[ ⚠️ WARNING: This game has flashing lights, screen shakes and jumpscares! ]

Beatbox game, what else?

Project: Afternight is a casual, heavily customizable rhythm game inspired by Friday Night Funkin' (FNF), and its mods, with content from other games/media available as well. 
Get on a speaker to battle other players on nearly 4,000 different songs across several difficulties.

Best played on desktop, but mobile and console are also supported.
Join the community for news and sneak peeks!

- Credits to The Funkin' Crew for the original Friday Night Funkin' assets.
- Credits to various mod authors & musicians used can be seen in-game.

This game is not associated with SEGA, Konami, Behaviour Interactive, Ghost Ship Games, Steel Wool Studios, Ubisoft, Epic Games, EA, Capcom, Project Moon or any other brands mentioned in-game. All rights go to the mentioned.",Action,Music & Rhythm,mild,0,Top Revisited | Trending in Action,2,https://tr.rbxcdn.com/180DAY-1ad603419a21096284798ab913872014/512/512/Image/Png/noFilter,Dawndreamer Studios,Group,17371285,1348,56516460,203885,93170,8881,40,2023-04-08T12:25:19.243Z,2026-09-06T02:01:14.2233335Z
300039023,Stepford County Railway 🚉,"Welcome to Stepford County Railway! A train network simulation game with driving, dispatching, guarding and signalling.

Join the group and attend training sessions to unlock more roles in-game.
You can access all roles by joining a Private Server.

== Common Issues ==
> If you find yourself lagging when looking into the distance, check Roblox graphics settings. Try level 8 or 9 instead of 10 if using manual mode, or try automatic mode.",Simulation,Vehicle Sim,minimal,0,Top Revisited,1,https://tr.rbxcdn.com/180DAY-e60a6d7ad76e1c8bc3fb2baab786add3/512/512/Image/Png/noFilter,Stepford County Railway,Group,3620943,337,128761461,419483,174693,28886,75,2017-03-15T02:50:08.58Z,2026-08-29T14:50:57.744Z
1795206523,Murderers vs. Sheriffs,"Join the fan group to leave suggestions: 
https://www.roblox.com/groups/9663394/Rinpix-Fan-Group#!/about
 - Icon, badges, and thumbnails made by grayscaIed: 
https://www.roblox.com/users/330375549/profile
 - Skins by MIRACUROBLOX:
https://www.roblox.com/users/1311185174/profile 
- Maps by myself and bananaepicyay:
https://www.roblox.com/users/129972844/profile

 - King music: Dream Sequence by Jake Chudnow",Action,Battlegrounds & Fighting,mild,0,Top Revisited,1,https://tr.rbxcdn.com/180DAY-ac32bb387eb0da545882de73ec5c3d49/512/512/Image/Png/noFilter,Rinpix Fan Group,Group,9663394,586,958473631,932414,263904,83368,20,2020-06-09T03:11:27.89Z,2026-07-21T03:24:05.638Z
9063922112,[🦇] BYBAT: Scene Builder,"Also known as Build Your Base and Troops
Military themed building game that uses F3X Building tools. Build scenes. Assemble soldiers. Visualize war. 

Join our group to get access to funcommands in any server. Type "":cmds"" for VIP commands.

• Press L for Ragdoll
• Press Shift + P for Camera Mode
• Press Alt + 1 to take a screenshot

Any forms of griefing, trolling, and inappropriate builds will lead to a ban lasting from days to weeks. Follow roblox ToS at all times.",Simulation,Sandbox,moderate,0,Top Revisited,1,https://tr.rbxcdn.com/180DAY-4e822b7d78540ebe2387f490428093c1/512/512/Image/Png/noFilter,BYBAT BLOOD,Group,528259797,342,4087060,23136,4435,818,25,2025-10-30T11:12:07.063Z,2026-09-07T05:16:50.5275521Z
918677693,Rise of Nations,"Grand Strategy game focused on world domination

Hold left shift to ignore units
Right click and drag to move 
Mouse wheel or F/R to Zoom 
Drag via left click to select multiple units 

READ THE HELP 
",Strategy,,minimal,0,Top Revisited | Trending in Strategy,2,https://tr.rbxcdn.com/180DAY-f4810af4473fef2efcd095d072d31542/512/512/Image/Png/noFilter,Hyperant,User,40658655,1008,309173674,646705,266916,39158,700,2018-11-14T22:28:00.827Z,2026-09-02T18:38:46.865Z
147332621,Typical Colors 2,"Dive into intense battles with over 200 unique weapons at your disposal!
Play as an offensive, defensive, or support role to push your team to victory.
This game is heavily inspired by Team Fortress 2.

Mobile Players: iOS devices are known to run much better than Android, if you have an android phone, make sure you have at least 6+ gb of Ram.

NOTICE: If you're noticing any frame drops, reduce your graphics quality and mess around with the game's settings [Main Menu > Settings (Top Right) > Graphics] (The game disables some visual features for better frames).

Basic Keyboard and Mouse Bindings:
M  -  Main Menu
W  -  Walk Forward
S  -  Walk Backward
A  -  Walk Left
D  -  Walk Right
Space  -  Jump
Ctrl  -  Crouch
Q  -  Previous Weapon
E  - Call for Doctor
Tab - Show Scoreboard
Numbers keys 1,2,3,4,5 - Select weapon
Scroll Wheel - Select weapons
Left Mouse Button  -  Primary Fire
Right Mouse Button -  Secondary Fire
Y or / - Open All chat
U - Open Team Chat",Shooter,Deathmatch Shooter,mild,0,Top Revisited,1,https://tr.rbxcdn.com/180DAY-b94d75ffe22f8ea405b815a6ace2b744/512/512/Image/Png/noFilter,Dorcus Digital,Group,33684947,705,205476771,552739,194322,47578,24,2015-12-03T18:20:56.743Z,2026-09-06T20:31:28.9425097Z
10393438342,[🎫 PASS] Alliance Tower Defense! ⚔️,"🪠 Welcome To Alliance Tower Defense ✨

⭐ Earn Coins in Matches!
💰 Spend Coins on Summon to Get a Strong Unit!
⚔️ Equip Your Team With Units!
✨ Become Top 1 On The Leaderboard!
⏳ Weekly Updates Are Waiting for You!

💙 MrUpTime's Games 💙",Strategy,Tower Defense,minimal,0,Top Revisited,1,https://tr.rbxcdn.com/180DAY-a3ec6f265b971cadb78375c5cead360b/512/512/Image/Png/noFilter,MrUpTime’s Games,Group,201343620,1186,10299013,10822,10759,714,35,2026-06-25T16:40:20.039Z,2026-09-04T17:36:15.315Z
9837612476,[NOW] Mini War,"🪖 MINI WAR - Build your COUNTRY, grow your POWER, and command your ARMY to DOMINATE!

UPDATE LOG (04.07.2026):
• New SPECIAL INVASION WEATHER!
• 5 New BUILDINGS! (through research!)
• ADVANCED army and builder CONTROLS! (through research!)
• Auto Buy OPTION!
• Much, much more - discover it YOURSELF!

⭐ HOW TO PLAY:
• Build your city and grow your ECONOMY 🏠
• Upgrade into advanced factories and INDUSTRY🏭
• Train SOLDIERS and expand your ARMY 🪖
• Unlock stronger units like TANKS, PLANES, HELICOPTERS 🚜
• ATTACK and CAPTURE other players’ lands 🌍

💡 PLAY YOUR WAY:
• Focus on building a RICH and POWERFUL city.
• Create a massive MILITARY empire.
• Or balance both and become unstoppable.

Start small, grow big, and take over the world!

👍 If you enjoy the game, leave a thumbs up!
🐞 Found a bug? Please report it on the Roblox Community!

Beta - expect bugs.",Simulation,Tycoon,minimal,0,Top Earning | Top Rated | Most Popular | Trending in Simulation,4,https://tr.rbxcdn.com/180DAY-f4ee3bdb6a5c5cb7356105867dafce23/512/512/Image/Png/noFilter,M&M Community,Group,522637919,9107,330242058,1178385,754167,24951,6,2026-03-05T12:37:02.853Z,2026-09-05T18:09:01.1462008Z
9582986239,Fish an Anime RNG 🎲,"Welcome to Fish an Anime RNG 🎲

💸Characters Earn OFFLINE!💸

How To Play?
🐟 Click on a Pond to start Fishing!
🍀 Catch Anime Characters and place them in your Base!
💵 Earn Cash and Unlock Upgrades, Potions and more!
🔁 Rebirth and Grow your collection! 

👥 Play with friends for extra cash!

🌟Join our Roblox Group for free Rewards! 
We also have a Community server linked down below!",Simulation,Tycoon,minimal,0,Top Earning | Trending in Simulation,2,https://tr.rbxcdn.com/180DAY-af75b86f8bef339e32e9af584c82b6c8/512/512/Image/Png/noFilter,-チート-,Group,35620138,6434,8766993,55712,26980,1465,8,2026-01-18T11:40:08.907Z,2026-09-06T23:03:29.9907438Z
7264587281,SNIPER DUELS,"SNIPER DUELS is a fast-paced first person shooter (FPS) centered around hardcore aggressive sniping. Challenge players in 1v1 to 4v4 (and occasionally 12v12) duels where the first to 6 wins. (Now featuring: Free For All and various LTMs)

🆚 Challenge players by stepping on a duel pad!
📈 Earn coins from challenges to get new skins for your sniper!
🔁 Collect and trade your skins with other players!
🏆 Rack up win streaks and earn your spot on the global leaderboard!

PC, Phones, Tablets, and Consoles (XBOX / PS5) are supported.

If you enjoy the game, please leave a thumbs-up👍! It's the easiest way to support us.
⚠️ NOTICE: Cheaters and farmers using alts/friends will be permanently banned. There are no appeals.

Drawn thumbnail by @sentubai
High Speed Sniper Team",Shooter,Deathmatch Shooter,mild,0,Top Earning | Most Popular | Trending in Shooter,3,https://tr.rbxcdn.com/180DAY-395d2ee6af67d3aa5accf41abc9db5e3/512/512/Image/Png/noFilter,LOCKED IN NETWORK,Group,35519398,4047,384233205,1943770,122692,37123,50,2025-02-19T03:55:10.407Z,2026-09-05T18:45:19.0221658Z
7084172542,Momo City [Alpha],"[ALPHA PHASE]🛠️

Momo City is an Japanese Life Sim and live-service game that takes inspirations from popular franchies like Animal Crossing and Sims series! 

Create your avatar in an never before seen avatar creator!🌸
Dress up with realistic clothes from magical chests, stores and more!👗
Move into an dream-like world of Fantastic Japan! You will meet many friendly and unfriendly faces in Momo City! 
We hope you have an safe flight to Momo City!✈️",Roleplay & Avatar Sim,Life,minimal,0,Top Earning,1,https://tr.rbxcdn.com/180DAY-5b3806c838d598f2c2620c38eb207319/512/512/Image/Png/noFilter,ももスタジオ,Group,17330972,1150,463450,12719,5835,305,1,2025-01-14T00:26:31.847Z,2026-09-07T05:09:03.0933154Z
7738524573,[UPD] Retro Tower Defense,"NEW UPDATE: X2 FORSAKEN TOKENS, NEW WEEKLY CHALLENGE SYSTEM!

⚔️ RETRO TOWER DEFENSE! Stop the Noob invasion! Summon iconic heroes and relive the golden era of Roblox in the ultimate strategy experience. 🛡️

📈 You can now trade towers with other players! 

Grab your friends and team up to protect the base! Strategize across legendary maps like Crossroads and Doomspire to earn Tix and EXP.

Game Modes: Battle through Casual, Normal, Hard, or test your skills in the infinite Endless mode!

Missions: Complete quests with your squad to unlock powerful Towers.

Skins: Customize your towers with rare skins for c00lkidd, 1x1x1x1, and many more iconic characters!

Events: Collect special event currency to collect limited skins & towers
💻 Device Support: PC, Mac, iOS, Android, Playstation, and Xbox.
🎁 Codes: Use RETRO, FREETIX, or NEW
❓ FAQ: Win rounds to buy new towers. Join forces with friends to earn more rewards!",Strategy,Tower Defense,mild,0,Top Earning | Trending in Strategy,2,https://tr.rbxcdn.com/180DAY-d7c831c269f328e0e5df8b8b40cb50cf/512/512/Image/Png/noFilter,Plaything Games,Group,25,7500,161516840,158277,100942,9037,30,2025-05-20T16:48:11.753Z,2026-09-07T01:19:33.8133594Z
2309918273,[⚔️] VV: ULTIMATUM,"👍 Like the game for free codes and rewards!
👥 Join our community server to stay up to date with news, updates, and exclusive rewards!

⚔️ A stylized fighting game in which you navigate dangerous worlds, protect and serve your chosen faction, and engage in thrilling combat with strange monsters and ancient threats. With over 130 skills and abilities to choose from, developing a character uniquely tailored to your play style has never been easier.

Main Developers: colossalturtle (Scripting), qasward (Scripting), IMtoNINDO (Animation), frank (3D Modelling), Arthemist (2D Art/UI), 3Kazo (VFX), marrsworld (VFX)

Controls are listed in game.
Full credits are available in the main menu.",RPG,Action RPG,moderate,0,Top Earning | Trending in RPG,2,https://tr.rbxcdn.com/180DAY-b349967fa97927018224b3453939d854/512/512/Image/Png/noFilter,Midnight Continent,Group,9233039,1455,52196008,519190,201137,21729,30,2021-01-19T18:45:56.497Z,2026-08-10T05:07:14.118Z
903807016,Emergency Response: Liberty County,"🚔 Chase criminals, rescue civilians, race through the streets, and make a name for yourself in Liberty County!

Emergency Response: Liberty County is an emergency services simulation game. Play as a Civilian, criminal, transportation worker, police officer, sheriff deputy, or firefighter! On the civilian team, work jobs from a farmer to a hospital worker. Police, fire, and DOT roleplay simulator.",Roleplay & Avatar Sim,Life,moderate,0,Top Earning | Most Popular | Trending in Roleplay & Avatar Sim,3,https://tr.rbxcdn.com/180DAY-878684cc2a3973ce1f37779de7a53ecf/512/512/Image/Png/noFilter,Police Roleplay Community,Group,4328109,4465,1577929612,2839590,1178387,118875,50,2018-11-01T14:20:51.62Z,2026-08-31T06:38:58.587Z
371263894,(🚗 LINCOLN + SERVERS!) Greenville,"🏡 🚗 Greenville is one of the biggest, most realistic car & roleplay games on Roblox, with hundreds of cars of all types for you to choose and drive! Set in a small American town, Greenville is the perfect place to drive your favorite cars and roleplay with friends!

🖌️ Greenville's widespread car selection allows you to customize each and every one to your liking, with parts, wheels, colors, plates, and real life options replicated on our licensed cars!

💼 Roleplay options include interactive jobs, roleplay tools, houses, a large detailed map, and many other systems you'll only find available here!

Last Update Changelogs:
🚗 3 LICENSED LINCOLN VEHICLES!
+ CUSTOM SERVERS
+ MORE!

⚠️ Running into problems? Shoot us a message with the details, and we'll do our best to help you.

All rights reserved. All other trademarks are property of their respective owners.",Roleplay & Avatar Sim,Life,minimal,0,Top Earning | Most Popular | Trending in Roleplay & Avatar Sim,3,https://tr.rbxcdn.com/180DAY-c3913414434075c6e90de22ca85de8d1/512/512/Image/Png/noFilter,"Greenville, Wisconsin",Group,3078161,5233,1451487671,2685551,1053360,145645,30,2017-06-28T12:52:29.43Z,2026-09-07T03:08:02.5808086Z
1390601379,Combat Warriors,"A bloody and gory melee & ranged weapon fighting game.

Premium users have access to Premium AFK Rewards by clicking the button with the Premium icon found on the bottom left of the main menu

2x XP + chance for Daily Spins from kills every Friday, Saturday, and Sunday

Type ""/psCmds"" in chat to view all Private Server commands | Pressing "";"" opens the command bar

Buy our UGC with our in-game menu for exclusive in-game rewards (Buying the UGC through the website/app will not grant you the in-game rewards)
The UGC menu is located next to the ""Customize"" button",Action,Battlegrounds & Fighting,mild,0,Top Earning,1,https://tr.rbxcdn.com/180DAY-aceb5959312903e9ffd26462c3584fcc/512/512/Image/Png/noFilter,PlayCombatWarriors,Group,5192826,1774,1447889834,2367798,1364664,270048,45,2019-11-03T00:57:01.03Z,2026-08-31T17:59:47.44Z
113491250,Phantom Forces,"Phantom Forces is an FPS featuring thousands of possible weapon loadouts you can create!
Fully customize your weapons with hundreds of attachments and skins for playing!
Compete with your friends in different game modes across many maps from urban environments to desert towns to frozen wastelands!

[INDEPENDENCE DAY 2026]
- NEW CARBINE: C25 (Rank 0)
- NEW DMR: R-10/22 (Rank 102), MK12 SPR (Rank 204)
- NEW SNIPER: RCS-10/22 (Rank 145), TIMBERWOLF (Rank 210)
- NEW LMG: REAPR-338 (Rank 266)
- NEW BATTLE RIFLE: RM 277 (Rank 277)
- NEW MELEE: BRICK (Rank Sixty Nine)
- ASSAULT RIFLE REMODEL: VZ 806 (Rank 0)
- AR-15 model improvements and updated colors/parts on other guns!
- Rebalances for many weapons and attachments!
- Revamped various muzzle, grip, stock and ammo stats!

Thank you for continuing support for PF for over 10 years!",Shooter,Deathmatch Shooter,mild,0,Top Earning | Most Popular | Trending in Shooter,3,https://tr.rbxcdn.com/180DAY-717f6839a37d00ddc8bcc9863e7ae6da/512/512/Image/Png/noFilter,StyLiS Studios,Group,1103278,1875,1795525698,5982258,2461870,250753,32,2015-08-31T06:00:14.907Z,2026-08-16T21:23:03.754Z
10187294555,[⛰️] Mine a Mountain,"⛰️Climb the mountain⛏️Mine rare crystals!

🥶 Don't freeze, the top is COLD!
💰 Sell crystals for cash!
🎒 Upgrade your warmth, pickaxe & backpack!

🔄 A NEW mountain EVERY HOUR! Don't miss what's coming next👀

👍 Like & join the group for +1 Digging Luck!
🔔 Follow for updates

⚠️ WARNING: Exploiting, cheating, or using unauthorized software will result in a permanent ban.",Simulation,Incremental Simulator,minimal,0,Top Earning | Trending in Simulation,2,https://tr.rbxcdn.com/180DAY-b67bdd48c08070b6c99bbb23e5353cac/512/512/Image/Png/noFilter,10K Steps,Group,596089868,5295,133635601,292303,407860,13433,8,2026-05-18T19:49:26.409Z,2026-09-03T23:05:52.608Z
985731078,World // Zero ⚔️ Anime RPG ,"Play to complete quests, raid dungeons, fight dangerous bosses, unlock new powerful classes, and collect lots of loot! Experience the epic adventures of World // Zero! Can you become a Hero? 

🌎 Explore worlds with diverse landscapes filled with hidden secrets and challenges 
💪 Level up and learn stronger abilities!
⚔️ Find rare swords & weapons when looting
🏆 Slay strong opponents and discover legendary items
👥 Play with friends and join guilds to share the fun!
🎨 Customize your own characters with hundreds of accessories
🐾 Discover pets that will fight alongside you in battle

👍 USE CODE ""925KLIKES"" FOR 150 CRYSTALS! New code at 950K Likes!

⭐ Favorite the game and Join the World // Zero group for exclusive in-game rewards & benefits!

Tags: Dungeon Crawler, Fantasy, Magic, Anime, RPG, MMORPG, JRPG",RPG,Action RPG,mild,0,Top Earning,1,https://tr.rbxcdn.com/180DAY-6003b22a516ffe8048bb813864329303/512/512/Image/Png/noFilter,World // Zero,Group,4484634,1309,443644823,2260074,932859,51926,12,2019-01-08T02:52:48.44Z,2026-08-28T23:06:28.448Z
10321202755,[🌙] Anime Fighting Simulator,"⭐ Use Code ""TRIPLET"" for FREE rewards!

⚔️ Welcome to Anime Fighting Simulator! Train your stats, unlock powerful anime abilities, and become the strongest fighter!

💪 Train your power!
🔥 Unlock powerful anime powers, transformations, fruits, stands, and specials!
👑 Show off your strength
😈 Battle bosses for rare drops and rewards!
🛡️ Summon and level up champions to train and fight alongside you!
🎁 Collect mounts, auras, weapons, titles, and exclusive cosmetics
🌍 Become the strongest and dominate the leaderboards
⚔️ Fight other players and prove you're the ultimate fighter!

🎉 Join our community for exclusive rewards, codes, sneak peeks, and update announcements!",Simulation,Incremental Simulator,mild,0,Top Earning,1,https://tr.rbxcdn.com/180DAY-942abf7dd0708e4d3f97881a128a09bb/512/512/Image/Png/noFilter,Anime Fighting Simulator | BZ,Group,942260693,7351,46453152,428033,157904,2484,24,2026-06-13T17:13:16.808Z,2026-09-06T18:34:35.571857Z
9996082702,Harp Isles [BETA LAUNCH],"[cmd%...loading...]
[...100% complete]

🌕 Welcome to the world of Harp Isles!
Begin your adventure using creature Avatars, grow strong, hunt and survive!

🧬 Research your Techtrees for Boosted Abilities
🐉 Survive Perilous Conditions and Disasters 
🍃 Pack Up With Other Players
⚔️ Fight and Hunt for Food
🔥 Use Unique Special Abilities
🪐 Explore the Brand-New Alien World
🫙Grow your Avatar Big and Strong!

Make sure to claim your Daily Rewards every day for extra items and currency!

[cmd% end - Welcome to HARP ISLES]

This game is in BETA and you will encounter issues while playing, please stay patient!

Additional Tags: Animals, Creatures, Aliens, Monsters, Survival, Avatar, Pandora, PvE, PvP, Fighting",Survival,,minimal,0,Top Earning,1,https://tr.rbxcdn.com/180DAY-9eaa4cc9973282ec809b972cf2d98996/512/512/Image/Png/noFilter,Harp Atelier,Group,12991864,397,582669,15129,7782,607,50,2026-04-05T19:08:44.282Z,2026-09-06T05:05:31.9871208Z
850110028,"[DRAG CHUTE + JOB] Roanoke, VA Driving RP","⭐ Welcome to Roanoke, the ultimate open-world driving & roleplay experience set in the beautiful Blue Ridge Mountains of Virginia!

🚗 Explore a massive open world with 500+ cars, trucks, emergency vehicles & more
🏠 Own houses, spawn up to 5 vehicles + trailers
🚛 Haul cargo, deliver mail, fight fires, rob ATMs or patrol the streets
🏁 Race against friends, attend car meets or simply cruise together
🎨 Extensive vehicle customization, tuning & roleplay features

💰 Code: TUNING

🚨 [LATEST UPDATE]
- 🚕 RORIDE APP
- 🪂 WORKING DRAG CHUTES
- 🍬 LIMITED WHEELS
- 🚓 NEW RAMPART PEACEKEEPER
- 🚗 2 NEW VUNCHA L3 K80
- 🔥 CHARGER VSR REVAMP
- 🚀 NEW 632 BIG BLOCK V8
- ⭐ 3 private servers for VIP
- 🚨 Much more

⚠️ Found a bug or have feedback? Let us know through our social media links below!

-- tags: tuning, drift, virginia, city, trailer, cars, trucks, semi trucks, roleplay, customization, revamp, cops vs crims",Simulation,Vehicle Sim,mild,0,Top Earning | Trending in Simulation | More When You Subscribe,3,https://tr.rbxcdn.com/180DAY-a5657927585ef89bc844cc96aa63f2d9/512/512/Image/Png/noFilter,"Roanoke, VA",Group,4451448,4427,178417109,676429,362801,36301,30,2018-09-27T22:23:52.59Z,2026-09-06T16:31:46.8359333Z
9880286438,[Araya & Rien] Legacy Piece,"⭐ Join our community server to stay up to date with news, updates, and exclusive reward codes!

⚓ Legacy Piece
Max Level: 11300

Embark on an action-packed adventure filled with intense combat, rewarding progression, and endless challenges. Train your character, master powerful abilities, defeat fearsome bandits, and rise through the ranks on your journey to max level.

💻 PC Support
📱 Mobile Support
🎮 Console Support

🔔 Join our community server for new Codes and Updates
🔧 Server shutdowns may occur for updates, improvements, or bug fixes to ensure the best experience.",RPG,Action RPG,mild,0,Top Earning | Trending in RPG,2,https://tr.rbxcdn.com/180DAY-de798dbb62b4d23262f9e37aececb0d4/512/512/Image/Png/noFilter,Gwynn's Shrine,Group,35938653,5702,9055249,33455,40249,1278,12,2026-03-14T10:13:03.339Z,2026-09-06T17:14:11.6421659Z
1782832995,[QOL 3] A Universal Time,"A Universal Time Update 6.2
- 🪚 New Abilities: The Ashura
- ✅ New Early Access Abilities: Water Breathing, Moon Breathing, Thunder Breathing, Insect Breathing, Slayer Trainee
- 🔧 Bug Fixes / Balances / Related Additions
📇Explore the update document for more information.

⭐Premium users receive extra rewards on Daily Quests, a +15% EXP Multiplier & discounts on Haki Color Rerolls📌
⭐50% OFF This August! Smart Assistant & Item Notifier – Don’t Miss Out!

WARNING: This game contains flashing images that may trigger seizures in those with photosensitive epilepsy.

🌌Explore, fight, and progress in a vast universe featuring characters and abilities from dozens of series! Obtain and level up abilities, battle enemies and bosses across the overworld, or participate in various gamemodes for rewards and glory! Become the strongest in an ever-expanding and evolving universe! Current series obtainable as abilities in game: JJK, JJBA, DBZ, HxH, OP, UT, DMC, LoL, LaD, EoC, Bleach, CSM, DS",RPG,Action RPG,moderate,0,Top Earning | Trending in RPG,2,https://tr.rbxcdn.com/180DAY-fc9ec992117a90cf4b5f566b83bbe4d4/512/512/Image/Png/noFilter,Universe Time Studio,Group,6556072,916,990275972,1415082,909062,147093,1,2020-06-03T17:36:20.067Z,2026-09-03T16:17:51.001Z
8520148363,💥 Tank Game! [2.4],"🔨 Build your ultimate tank with diverse upgrade paths and stat boosts like damage, health, and speed to dominate the arena!

[HOW TO PLAY]
💥 Shoot at food for levels!
💫 Level up & upgrade your stats!
⛓️‍💥 Destroy tanks & earn gems!
🔭 Unlock over 150+ unique tanks!

[CODES]
⭐ ""REBALANCEAGAIN"" +250,000 XP
⭐ ""HAVEFUN"" +200,000 XP
💎 ""NEWCURRENCY"" +50,000 GEMS
💎 ""HEADSTART"" +25,000 GEMS

⚠️ All exploiters are permanently banned, you can't appeal an exploiting ban!",Simulation,Incremental Simulator,minimal,0,Top Earning | Trending in Simulation,2,https://tr.rbxcdn.com/180DAY-b1bedb8d41f73107e5d7c7351a0683e5/512/512/Image/Png/noFilter,7x3,Group,111185671,4660,250805763,3214013,671387,76802,20,2025-08-23T10:55:18.7Z,2026-09-01T01:11:49.759Z
9641502068,[2077] KNIFE DUELS,"Welcome to KNIFE DUELS, a unique fast-paced first person shooter centered around knife combat! Challenge other players in 1v1 to 4v4 duels where the first to 6 wins!

🆚 Challenge other players by stepping on a duel pad!
🔪 Earn coins to unlock new knife skins!
🤝 Trade your skins with others!
🏆 Grind wins and earn your spot on the leaderboard!

⚠️ WARNING: Cheaters and farmers will be permanently banned/reset with no second chances.",Shooter,Deathmatch Shooter,mild,0,Top Earning | Trending in Shooter,2,https://tr.rbxcdn.com/180DAY-439503c3401e207e2c534ad0c87e303d/512/512/Image/Png/noFilter,KNIFE DUELS Team,Group,376551072,4797,66641950,135977,172123,12476,60,2026-01-29T12:11:21.933Z,2026-09-04T18:41:04.564Z
5851294352,VOXEL DESTRUCT 2 EARLY ACCESS,"🚧 The game is unfinished and is in PAID EARLY ACCESS. At least you get to try it early. We'll release frequent updates to add more missing features to the game. The game will become free-to-play across all platforms once core features are complete.

💥 Experience some of the best destruction physics on Roblox yet. Unleash your chaos energy and destroy everything on sight.

🏠 From every building, every wall, every structure, even the terrain is fully destructible! Objects are physically simulated. And everything can be burned using fire physics!

🚪 Custom private servers are available inside the game. And can be made discoverable for players.

🎮 Supported devices: Mobile, Tablet, Console, Computer, VR

Basically, ""Voxel Destruction Physics 2"" but better. If you'd like to support a small indie dev team, pls try our game and share it to everyone 🙏",Simulation,Physics Sim,mild,0,Top Paid Access,1,https://tr.rbxcdn.com/180DAY-b66531837b202061c613bf7c1154bf23/512/512/Image/Png/noFilter,whatever_dev(),Group,15479971,799,6875212,108548,24595,653,30,2024-04-08T19:12:10.803Z,2026-09-02T23:40:27.832Z
9320646231,Edenville (Update 4),"You just settled down in Edenville. Build your dream home and start a new life.

🏡 Customize your house with 1,000+ furniture
💼 Get hired, master your job, and get paid
🏎️ Collect a full garage of supercars
🎉 Throw parties and make friends

Genres: House Building | Home Design | Town & City | Life Simulation | RP | Hangout | Driving | Cars | Social | Adventure",Roleplay & Avatar Sim,Life,minimal,0,Top Paid Access,1,https://tr.rbxcdn.com/180DAY-ce176963048f2f8919215fd30ad1500d/512/512/Image/Png/noFilter,Nocturne Entertainment,Group,1211044,176,228296,36711,1445,292,50,2025-12-08T06:41:50.643Z,2026-09-04T01:40:34.715Z
10351246089,[ALPHA]  Hotel Tycoon 2,"🏨 Welcome to Hotel Tycoon 2!

[HOW TO PLAY]

🛎️ Serve your guests by clicking on them!
🛏️ Let guests sleep and enjoy hotel activities.
💰 Collect payments when they check out.
🏗️ Build, expand, and upgrade your hotel.


Please leave a Like👍 if you enjoy the game.

This game is currently in ALPHA, so please report any bugs you find. Thank you!
ALPHA players receive the exclusive in-game ALPHA Trophy+Badge!",Simulation,Tycoon,minimal,0,Top Paid Access,1,https://tr.rbxcdn.com/180DAY-e0f1654e05e6f463895047d15b564ddf/512/512/Image/Png/noFilter,Lycke,Group,34336285,126,624110,47998,3100,1213,6,2026-06-18T15:20:55.718Z,2026-09-05T22:15:41.8981439Z
6942586315,[JUNKYARD EVENT] AdrenaLane [BETA],"⭐️Welcome to AdrenaLane! An Arcade Styled Car Game With Realistic Graphics!⭐️

👍NEW CODE AT 21,000 LIKES!
Use code ""Revamp"" for 100,000 in-game Drift Points!

🚗| Collect over 250 different detailed cars and trims.
🔧| Customize paint, interior, rims, tint, and MORE.
⭐| Join group to get bonus drift points when driving or drifting. 
📣| Follow the Game to Get Update Notifications!
🚘| Buy VIP Perks To Earn Money Quicker and Level Up Faster!
🔁| Weekly Updates
🎮| Available on Desktop, Phones, Tablets, XBOX, & PS5!

💬 Join our Communication Server for updates, codes, and announcements!

⚠️This game is still in BETA, so expect BUGS. Any feedback is appreciated.",Simulation,Vehicle Sim,minimal,0,Top Paid Access,1,https://tr.rbxcdn.com/180DAY-cfff6c7dca930f9da77f19b726c6383d/512/512/Image/Png/noFilter,UfoSquad,Group,33348867,11,2071210,106882,20311,5049,15,2024-12-19T20:48:19.92Z,2026-09-06T17:34:58.3708819Z
7587104675,Baltic Sea Simulator │BETA [MOBILE SUPPORT],"🚢 Set Sail in Baltic Sea Ship Simulator! Start your journey with a small vessel and work your way up to commanding an impressive fleet of ferries, general cargo, container, bulk carriers, cruise ships, and more! 🌊
Haul cargo, transport passengers, earn money, and explore ports across the Baltic Sea, including Helsinki, Tallinn, Mariehamn, Stockholm, Riga, Visby and more. Take on different routes, experience changing conditions at sea, and build your dream fleet.
With new ships, ports, routes, and features always on the horizon, there's always another voyage waiting for you. Are you ready to set sail and make your mark on the Baltic? 🚢

⚠️ATTENTION! The game is designed for true maritime enthusiasts. If you don't like grinding type of game - Don't buy! You are paying to test the game - bugs are expected.
✨ Stay tuned for awesome updates! ✨

Use code BETA2026 for 150k$ starting cash.

Don't forget to join our community!
""Made in Estonia""",Simulation,Vehicle Sim,minimal,0,Top Paid Access,1,https://tr.rbxcdn.com/180DAY-5cbf052be38a047689b6f4abec46496e/512/512/Image/Png/noFilter,Baltic Studios,Group,17325392,31,570818,19073,2580,727,14,2025-04-23T12:01:10.49Z,2026-08-27T09:23:49.25Z
10302696629,Forza Horizon 6,"🏎️ Pick a car and hit the track!

Race around a simple circuit, drive your favorite vehicles, and have fun with friends.",Sports & Racing,Racing,minimal,0,Top Paid Access,1,https://tr.rbxcdn.com/180DAY-d7eefa45358339c191693f10b9b0250d/512/512/Image/Png/noFilter,Ghostz Play,Group,514174980,3,191844,15894,4137,1625,2,2026-06-10T20:32:34.014Z,2026-06-13T12:53:09.041Z
5286749994,[Sale] Aftermath 🧟,"Enjoy 60% off Aftermath with our summer-sale!
Aftermath is an open-world zombie survival looter-shooter!

🧟 Survive against zombies
🔫 Loot guns and supplies
💥 Eliminate other players
🔥 Can you survive the apocalypse?!

💖 If you enjoyed the game, please leave a 👍 like! It helps us out a ton! 💫
🖥️ This game is heavily under development


Disclaimer:
The use of external software that can manipulate the game, such as cheats, hacks, or other third-party software, is strictly prohibited. This includes Bloxstrap. These actions undermine the integrity of the game, give an unfair advantage, and negatively impact the experience for other players. If we detect the use of any unauthorized software, it will result in an immediate, permanent, and unappealable ban from the game.",Action,Open World Action,moderate,0,Top Paid Access,1,https://tr.rbxcdn.com/180DAY-4704eacf94dc222024ed7aac579b7336/512/512/Image/Png/noFilter,C:\Games\,Group,3441839,186,56504903,683188,140351,29074,50,2023-11-11T16:55:33.357Z,2026-09-06T08:40:21.2544779Z
7949002987,Equistride [NEW MAP],"Equistride [PUBLIC BETA] is a new horse game in the beta testing phase. 

Saddle up and explore a world of horses in this new equestrian game! Train, ride, and care for your horses, discover unique breeds, and compete in thrilling events. Whether you're racing, trail riding, competing or just bonding with your horse, adventure awaits!

[DISCLAIMER] The game will be free eventually. Only buy the game if you are okay with spending robux on something that will be free. ",Roleplay & Avatar Sim,Pet Care,minimal,0,Top Paid Access,1,https://tr.rbxcdn.com/180DAY-10a28a0550efd7dcdd4d3a1ed30641ca/512/512/Image/Png/noFilter,BWA - Studios,Group,15133696,21,3491670,41750,6308,1381,8,2025-06-19T12:57:21.96Z,2026-08-01T23:45:58.121Z
5841858050, ❄ Strideway,"
Welcome to Strideway, an open-world realistic Roleplay Game.

🐎 Big Variety of Horse customization and Unique horse Coats
🏞️ Endless Trails and nature scenery 
🌟 Featuring realistic roleplay features

The game is in BETA. The price will lower, and eventually the game will be free. It is not finished, so bugs are to be expected. Buying is at your own risk, make sure to view game content on other media platforms before buying. 

Use Shift+P for Freecam on PC or Laptop. 
Shutdown = Update",Roleplay & Avatar Sim,Pet Care,minimal,0,Top Paid Access,1,https://tr.rbxcdn.com/180DAY-d8e118367629a30f68fa1a9401c75525/512/512/Image/Png/noFilter,Strideway,Group,14878567,65,39131420,160193,36878,4213,8,2024-04-06T14:18:07.557Z,2026-04-30T11:07:41.7Z
2254119010,[2X PVP EXP] [BETA] Bloxugan,"🔥BLOXUGAN ALPHA UPDATE🔥

Step into the world of Bloxugan, and prove you're the ultimate Bloxugan brawler. Build your collection, master teamwork, and unleash your Bloxugan’s full potential. [Inspired by Bakugan Battle Brawlers!]

DATA WILL BE WIPED FOR BETA UNTIL FULL RELEASE.
[BETA] - 200 R
[FULL] - FREE
Rewards will be granted for each phase of the game you play before full release

🌀 Collect powerful Bloxugan and build your ultimate team.
🃏 Discover unique ability cards to boost your strategy.
⚔️ Engage in intense turn-based battles and outsmart your rivals.
🐉 Evolve your Bloxugan to unlock new forms and abilities! [EVENTUALLY]
💥 Prove you're the ultimate Bloxugan brawler and dominate the arena.

🌟Are you ready for the challenge?🌟
-
-Playable Devices
Computer 🖥️ 
Console 🎮
Mobile📱 
  -The Bloxugan Team",Strategy,Board & Card Games,minimal,0,Top Paid Access,1,https://tr.rbxcdn.com/180DAY-a80117b46cd07ee961b6ff6da2e343a0/512/512/Image/Png/noFilter,Bloxugan,Group,6009008,72,1491707,27796,3357,259,1,2020-12-31T06:35:52.05Z,2026-09-04T21:09:17.77Z
659118871,Streamlined [ALPHA],"Streamlined is a Dutch train simulator based in the 1950's with a variety of engines to drive, a consist creator for your own train and a large selection of routes to enjoy! 

▶ Join the group to stay up to date with the latest news!
▶ Follow us on the social links below for regular updates and more!

Tutorial: https://devforum.roblox.com/t/streamlined-tutorial/600185",Simulation,Vehicle Sim,minimal,0,Top Paid Access,1,https://tr.rbxcdn.com/180DAY-3e6fe4ff4a7057eda6aa53a0f7cfcc8f/512/512/Image/Png/noFilter,Streamlined,Group,3925436,11,4176433,86349,19386,1489,20,2018-05-17T18:50:22.727Z,2026-08-21T15:31:37.985Z
10167101155,Survive Lovely Peaches The Killer,"🔪The BEST SurvivalLovely Peaches Killers!🔪

🔥LIKE + JOIN OUR GROUP FOR THE 👍MEGA REWARDS: https://www.roblox.com/communities/117951224/Many-Things-Studio#!/about

🎉 Survive for a special surprise! 🎉 
⭐ We added SECRETS!

👍 Like and ⭐Favorite if you enjoy the game!",Survival,,mild,0,Top Paid Access,1,https://tr.rbxcdn.com/180DAY-abcf67cee8c324a4fd1409789566cbeb/512/512/Image/Png/noFilter,Many Things Studio,Group,117951224,2,149186,8569,145,62,25,2026-05-14T11:43:25.211Z,2026-05-16T13:30:07.74Z
2416015385,[UPDATE] Nowhere Railways • Early Access •,"Nowhere Railways is currently in early access and will be released when important features and content are complete. This has been done to reduce the number of players while the game and data may be unstable. Make note that unlock locations and in-game prices are subject to change. Shutdowns mean updates or very important fixes.

The game is being developed primarily for PC but console and mobile devices are supported.",Simulation,Vehicle Sim,minimal,0,Top Paid Access,1,https://tr.rbxcdn.com/180DAY-a7c057bfc35aaf863422699822c01365/512/512/Image/Png/noFilter,LOTH Games,Group,8148630,61,7746866,46451,10754,880,16,2021-03-03T17:02:52.047Z,2026-09-04T11:03:33.924Z
5497606909,🎉 Call of Mini™ Zombies 2 [BETA],"Version: v0.4.29 (Beta) - Currently in Early Access BETA Testing.

⚠️ A man-made virus has unleashed a global epidemic! Can you survive?

🔥 Choose Your Survivor – Pick from 15 unique characters, each with their special abilities!
🔫 Choose Your Weapon – SMGs, Shotguns, Rocket Launchers, Snipers, Handguns, and more!
🎮 MULTIPLAYER Modes – Raid Bosses, PvP, Survival, Missions, and more await!

💜 Like and Join the group for an exclusive reward!",Shooter,PvE Shooter,moderate,0,Top Paid Access,1,https://tr.rbxcdn.com/180DAY-4b7d389a5484c82ccbcf94f167b4f014/512/512/Image/Png/noFilter,Call of Bloxia Productions,Group,7204652,167,12864512,114262,20669,1540,1,2024-01-06T23:48:02.473Z,2026-09-07T05:01:20.1995688Z
10253700254,[5+NEW ATVS] Project Deep Creek,"Welcome to ""Project Deep Creek"" one of the very few mudding games with original builds and clean models.

-Mudding

-Skimming

-Snorkel Sounds

-Giant Map

-Quality Builds

-Good Vaule Packs

Make sure to leave a up vote if you enjoy it helps us out a lot!",Simulation,Vehicle Sim,minimal,0,Top Paid Access,1,https://tr.rbxcdn.com/180DAY-92546a3e31695ea03bf5a8f7d5f77a73/512/512/Image/Png/noFilter,Good Enuff Creations,Group,35961990,10,148888,1951,251,40,15,2026-05-31T22:17:58.22Z,2026-08-31T07:03:42.976Z
4171073930,Wild Heart Stables V.2 ,"We are actively working on updates, Early supporters will receive special rewards.",Roleplay & Avatar Sim,Animal Sim,mild,0,Top Paid Access,1,https://tr.rbxcdn.com/180DAY-d6cc74abe1b03de4b99c5baf193dff01/512/512/Image/Png/noFilter,Wild Heart Stables,Group,7900810,0,2441567,29248,4866,1267,12,2022-12-10T04:19:57.643Z,2026-06-22T19:51:32.754Z
5721900060,Amazonian Survival EA,"⚠️PLEASE READ⚠️
Amazonian Survival is currently in EARLY ACCESS. By purchasing the game now, you are supporting its development and getting the chance to play it before the full release. Since the game is still in early development, you will run into bugs, experience incomplete features, and possibly have performance issues. Many mechanics and visuals are work in progress and will continue to be improved over time!

- Amazonian Survival is in early access, please expect bugs during this period.
- Want to appeal a punishment? Join our community!

Logo art by: CKW",Roleplay & Avatar Sim,Animal Sim,mild,0,Top Paid Access,1,https://tr.rbxcdn.com/180DAY-8aba3be291922658ab4473e12f1bb4ed/512/512/Image/Png/noFilter,Amazonian Survival,Group,33939365,1,303022,20674,2331,273,50,2024-03-05T01:26:06.207Z,2026-08-12T05:06:18.829Z
9239596388,Survive KPOP DEMON HUNTERS,"LIKE👍 + JOIN OUR GROUP FOR FREE VIP ADMIN: https://www.roblox.com/communities/35901672/

🎉 Survive for a special surprise! 🎉 
⭐ We added SECRETS! 🤫

🗺️ Explore the map and run to survive! 
⚔️ Fight Kpop Demon Hunters with weapons! 

👍 Like and ⭐Favorite if you enjoy! ",Survival,,mild,0,Top Paid Access,1,https://tr.rbxcdn.com/180DAY-b0381f9edb1fb079763c120211356d97/512/512/Image/Png/noFilter,L2XXY Games,Group,35901672,0,1468037,10065,1554,369,50,2025-11-24T23:20:26.273Z,2026-06-15T14:12:22.408Z
4373521124,Destination 🌇🏡 [200+ NEW ITEMS! BETA],"It is STRONGLY RECOMMENDED your device has 4+ GB RAM to avoid crashes. Older devices may GREATLY STRUGGLE to run the game as intended! The experience is best for new devices (2023+) that can run on high graphics settings!

⭐Beta Testing⭐
UNFINISHED WORK IN PROGRESS - please send us bug reports to improve the game!
Opened Jan 25!

The NPCs are NOT chatbots and run on basic dialogue algorithms - NO generative AI or LLM was used. The game is a LIFE SIM, not a chatbot hangout.

❗USER FEEDBACK UPDATE❗
200+ new items and interactive tutorials!

🌇🏡 Destination 🌇🏡 is a dynamic life sim with up to 1500 NPCs roaming the world. These NPCs are quite reactive, so interactions may cause funny dialogue and events! Progress different careers, save money, and build your dream homes!

*Early Access server size is temporarily decreased from 36 to 35 - will return after a minor update.*

Genres: Life Simulation, Building, Roleplay (RP), NPC & AI, Hangout, Town & City, Cars",Roleplay & Avatar Sim,Life,minimal,0,Top Paid Access,1,https://tr.rbxcdn.com/180DAY-bc37773cbedc3541e2d9761f61ad5c04/512/512/Image/Png/noFilter,Boba Builders,Group,7843814,6,892193,92524,5458,1324,35,2023-02-09T23:02:08.29Z,2026-09-07T05:07:51.3475903Z
1467077046,[VR Exclusive] EdgeWorks,"Welcome to Edgeworks! a VR exclusive game about physics puzzles, freerunning, parkour and climbing!

If you have Criticism/critique, or issues with the game PLEASE get in touch.

Known headsets compatibility issues:
Oculus: None. this game was developed and designed around Oculus Headsets.

Vive, WMR, Valve Index: Jumping can be done by clicking the right thumbstick. (or middle of the trackpad)
mag dropping can only be done by tapping the current mag with a fresh one.

these issues are caused by the roblox engine, and are not likely to be fixed until roblox themselves fix it. (which is not likely)

Creative Attributes: 
https://devforum.roblox.com/t/edgeworks-creative-attributes/957041

I feel like I shouldn't have to say this, but this game REQUIRES a VR headset.",Obby & Platformer,,minimal,0,Top Paid Access,1,https://tr.rbxcdn.com/180DAY-ad5ae5dc18c58a858f32b3bba40dac90/512/512/Image/Png/noFilter,GregTame,User,5574963,1,991400,64331,6074,1748,25,2019-12-26T05:42:34.153Z,2026-07-24T23:57:47.974Z
324740367,Entry Point: Freelancer's Cut,"The Freelancer's Cut is open for early access. Currently, five of the eight mission remakes are available in game, along with several community created levels.

This is a niche game with a lot of complexity and a steep learning curve. I highly recommend checking out the free demo first to see if this game is for you.
https://www.roblox.com/games/740581795/Entry-Point-Freelancers-Cut-Demo

Rejoin the criminal organization of Halcyon in this pack of remastered Entry Point missions. With new tactics, reworked skills, and expanded mission concepts, try your hand at running elaborate covert infiltrations - sneak, bluff, hack, or force your way through any way you can. There are only two rules: Get the job done and don't get caught doing it.",Shooter,PvE Shooter,mild,0,Top Paid Access,1,https://tr.rbxcdn.com/180DAY-1fcead4b2a253449db298b3030a822dc/512/512/Image/Png/noFilter,Cishshato,User,287823010,40,10050995,39618,11099,239,35,2017-04-16T05:14:33.1Z,2026-08-17T15:16:50.575Z
3229518631,Heroes of Robloxia 2,"🛠️ Experience is in Early Access. Expect many updates and changes before the final game releases. Try the game and provide feedback to help us make the game YOU want to play!

💥 Heroes & villains run rampant in a world full of empowered people. Team up with the Heroes of Robloxia to thwart evil that threatens the city.
Pair super powers with teamwork in an open zone experience where crime is at its highest. Level up and master your heroes, team up with friends & allies, stop the criminals, and become the heroes we deserve.

🎧 📷 Headphones & max graphics recommended

❤️ Join the Team Super group for a title!
🔥 Play the game every day for an Experience Boost!
⭐ UGC coming soon

🎵 Music is non-copyright",,,mild,0,Top Paid Access,1,https://tr.rbxcdn.com/180DAY-641e2bc47f1bab2142c104e68b00962a/512/512/Image/Png/noFilter,Team Super,Group,825969,5,10907,1215,199,4,8,2022-01-03T22:37:25.33Z,2026-09-07T01:39:46.6150666Z
1147796911,Water Park World [Beta],"Water Park World is a tycoon game in which you build and manage your own water park (or waterpark)! Choose from hundreds of items, build and ride the craziest slides and work in your park, and hire staff to help manage your park! You can co-operate with friends to build a park together too!

Beta system requirements:
- Windows/Mac device --- you must use a keyboard and mouse (touch/controller input not yet supported)
- At least 4 GB of RAM
- Screen resolution of at least 1300 × 700 strongly recommended

Currently the plan is to make the game free to play once the beta is over.",Simulation,Tycoon,minimal,0,Top Paid Access,1,https://tr.rbxcdn.com/180DAY-1d6d101b8373f48e72ad20504116c4a4/512/512/Image/Png/noFilter,Den_S,User,1741242,39,9336952,256045,51201,2914,6,2019-05-14T16:32:34.063Z,2026-05-03T11:28:13.625Z
8527834040,[WORKING SUSPENSION] TRC | Offroad Park,"TRC Offroad – Update 🚧

🌄 Added 2 new hills + expanded trails for better exploration

🚗 New Working Suspension Pack
Includes 2 new vehicles with realistic suspension

⚠️ Note: Suspension wasn’t built for this map, so some areas may be harder—this is expected

🔥 Expect more technical driving and a more realistic off-road feel

More updates coming soon!",Simulation,Vehicle Sim,minimal,0,Top Paid Access,1,https://tr.rbxcdn.com/180DAY-86f3c7565302fcdde890008400ac6e3b/512/512/Image/Png/noFilter,UVM|Studios,Group,35386432,6,772211,6856,1055,204,15,2025-08-24T00:47:45.327Z,2026-08-18T04:59:11.136Z
10009533319,(UPD) Monster Truck LEGENDS,"LRM Version 7.8

The next generation of ROBLOX Monster Trucks.

DISCLAIMER: Copyright is a real thing. Trucks may not match real life appearances.",Sports & Racing,,minimal,0,Top Paid Access,1,https://tr.rbxcdn.com/180DAY-25ed5a82dd0a34ee8f685d7c11b53cb6/512/512/Image/Png/noFilter,LRM Studio,Group,910001818,22,441003,6980,884,86,12,2026-04-09T02:20:12.41Z,2026-09-03T08:14:26.194Z
9868565686,Survive Poppy Playtime The Killers!,"🔪The BEST Survival Poopy Playtime Killers!🔪

🔥LIKE + JOIN OUR GROUP FOR THE 👍MEGA REWARDS: https://www.roblox.com/communities/117951224/Many-Things-Studio#!/about

🎉 Survive for a special surprise! 🎉 
⭐ We added SECRETS!

👍 Like and ⭐Favorite if you enjoy the game!",Survival,,mild,0,Top Paid Access,1,https://tr.rbxcdn.com/180DAY-1d54424b30d1db6547df947dc294315c/512/512/Image/Png/noFilter,Many Things Studio,Group,117951224,0,803724,21386,769,177,18,2026-03-11T20:30:06.177Z,2026-03-26T22:38:42.254Z
8214342832,RoSim 0.4,"Roblox's first true simulation experience. Cutting edge chassis tech with full wheel and force feedback support.

This game does not use A-Chassis.

By paying for early access, you are given a very early version of the game. There is little content and everything you see is subject to change. RoSim's future is shaped by user feedback, and you are encouraged to contribute as much as you can.

Published with Linux",Simulation,Vehicle Sim,minimal,0,Top Paid Access,1,https://tr.rbxcdn.com/180DAY-481a18f7a1d5a2351bf0e3f125ee48f2/512/512/Image/Png/noFilter,chedsapp,User,136325321,7,588646,34348,5339,1117,10,2025-07-20T21:44:13.627Z,2026-04-25T19:25:27.866Z
85651869,[🌻GREEN HILL] Survive The Disasters 2,"V2.01.2

!! GAMEPASS ITEMS REGARDING V2.0 !! 
Gamepass items won't spawn in your backpack with the new saved backpack system for the first time. You will have to get gamepass items from the SHOP (they're still free, of course) to have them spawn on your backpack again when you rejoin. These items will stay in your backpack for 7 days, then you can re-rent them for free once they expire.


💰 2X COINS ON FRIDAYS AND SATURDAYS!

Survive dangerous disasters ranging from natural to artificial hazards! Surviving will award you coins which are used to buy items that will help aid you. Survive more, earn more, get better gear, and even upgrade your gears!

Main composer: SkyTheFloof",Survival,,mild,0,Top Paid Access,1,https://tr.rbxcdn.com/180DAY-1c251c76d4f36dea8cb2d0ac227eedbd/512/512/Image/Png/noFilter,VyrissDev,User,4307571,30,58623148,675214,174489,22314,18,2014-09-30T13:00:55.377Z,2026-08-17T01:12:05.024Z
2535080489,[💢ALL FOR ME] Heroes Online 2 ,"Welcome to Heroes Online 2, a game that is loosely inspired by My Hero Academia!

✨Explore the world and either become a hero who protects the innocent or a villain who creates chaos! The choice is yours!✨

🎁Code at 18k Likes!
📱 💻 🎮 Available to play on ALL DEVICES!
🌐Join the Bloxxit Studios group to use codes!",RPG,Action RPG,mild,0,Top Paid Access,1,https://tr.rbxcdn.com/180DAY-9bcc0ef0642a5cd31e8d8cbc45a7ff52/512/512/Image/Png/noFilter,Bloxxit Studios,Group,3883261,1,2062585,59102,20384,1389,1,2021-04-22T00:32:35.67Z,2026-08-31T23:29:04.351Z
10684538441,GLADIATOR VR [PAID ACCESS],"A Realistic And Hardcore VR Sword Fighting Game.

GLADIATOR VR is in Paid Early Access. Once the game is finished ill release it for free so everyone can play it.

Controls
Left Joystick: Movement
Right Joystick: Crouch
Grip: Grab Items, Climb Walls, Grab Other Players

Swinging Arms: Sprinting
Swinging Arms + Crouch: Sliding


Combat Explained:
Swinging Requires Stamina.
Half Swording And Blocking Swings Restore Stamina.
Half Swording And Hitting A Block Drains Stamina.
No Stamina = Slowed Movement And Tracking.
Pierce Head = Instant Win.

Credits/Inspiration:
CROSSFADE VR 
OPPOSER VR
Mortem Metallum
Blade And Sorcery
Walking Dead S&S

Note: Nothing you see in game is finalized. Core features of the game can break at any given moment. ",Action,,moderate,0,Top Paid Access,1,https://tr.rbxcdn.com/180DAY-b4ca5acb19dbd6e9c328cf60c1900a62/512/512/Image/Png/noFilter,OverHeavem,User,2413252593,1,9741,524,58,11,50,2026-08-12T00:27:45.914Z,2026-09-06T01:40:07.2221919Z
10309194212,MotoLife AU ( TESTING),"🚧 Welcome to MotoLife AU – Early Development Testing 🚧

This is an early development build of an upcoming Australian Bikelife experience. The game is still heavily in development, and many features are unfinished, being tested, or may change over time.

⚠️ Before purchasing access:
The 25 Robux access fee is primarily to support the development of the game. By purchasing, you are helping fund future updates, bikes, maps, features, and improvements. You are not purchasing a finished game worth 25 Robux in its current state.

🏍️ About the Game

Australian-inspired Bikelife gameplay
Ride through streets inspired by the heart of Australia
Wheelies, cruising, bike meets, and more planned
Regular updates and new content in development
Built by passionate developers for the Bikelife community

💛 Your support helps us:

Create better bikes and physics
Expand the map
Add new features and customization
Improve performance and realism

Thank you for supporting the development team and helping",Simulation,Vehicle Sim,minimal,0,Top Paid Access,1,https://tr.rbxcdn.com/180DAY-632b7e207ce8cc0c56d2ee3fe7155dba/512/512/Image/Png/noFilter,MOTOLIFE AU COMMUNITY,Group,540755255,3,7466,544,77,25,20,2026-06-11T22:02:24.006Z,2026-08-05T12:49:09.167Z
4289890765,Steam & Steel ,"All Aboard! Master the Rails in the Ultimate Train Game on Roblox!

Master the realism of the most realistic steam simulation on Roblox, with fully modeled Valves, Boilers, Fireboxes, and Wheel slip!

Build the railway of your dreams! Unleash your creativity and design your own railway network! Lay tracks in the way you want to, from small sidings to massive yards! Roundabouts, wyes, turntables and mainlines! Tailor your railway system to suit your vision!

Engage with a simulated economy! Every piece of cargo has influence, every crate of goods influences supply and demand!



Creative Attributes:
https://devforum.roblox.com/t//2512850",Simulation,Vehicle Sim,minimal,0,Top Paid Access,1,https://tr.rbxcdn.com/180DAY-a24f1dd56ae286f465a109ab030a50f9/512/512/Image/Png/noFilter,CyberPlay Interactive,Group,12249155,37,2177573,45994,6017,473,60,2023-01-15T16:34:47.45Z,2026-06-27T05:16:43.058Z
3219540889,[🚗] Maple County,"An immersive experience within the modern day time period. A beautiful mountainous island jam packed full of crime, jobs, and city life.

In Maple County, your choices are limitless! Become a Police Officer or Sheriff's deputy, or live life on the edge as a criminal. Save lives as a Firefighter or Paramedic, or pursue civilian careers in a variety of businesses. Your adventure awaits!

Welcome to Maple County! We thank you all for your support on this project!

Join Central Roleplay Community group for 1.5x Extra Pay!

| Update Information Posted in our Social Links

| For development updates, check out our social links!
| This game does not yet support controllers, if you are a PC player and play with a controller, do not buy!
| ROBLOX Counts Chromebooks as tablets, do not buy if you have a chromebook!",Roleplay & Avatar Sim,Life,moderate,0,Top Paid Access,1,https://tr.rbxcdn.com/180DAY-bcbc5a3ec0342c050ce9794d12dea9a6/512/512/Image/Png/noFilter,Central Roleplay | Community,Group,8497064,20,11007457,118169,28836,2956,50,2021-12-31T19:27:03.323Z,2026-09-06T23:16:47.8298261Z
6497846997,cowboy game,"yee haw
a game for hunting and gunslinging

join the community below for updates and guides

credits (sorry if i missed anyone)

SCRIPTS
- captainwoodlegs: core systems, gun code, ragdolls, AI, game logic, character scripts, etc
- adeptrblx: stocks, mining, heists, bosses, jobs, activities, main menu, newer updates and game maintenance
- aedanluke: nuclear devices
- warshipcommander: assisting with systems
- lua_u: optimization advice

MODELS
- captainwoodlegs: character holsters and basic tools
- adeptrblx: newer models
- Aged Oak: wolf hat mesh
- localpocketsage: bear hat mesh
- dangernoodle25: raccoon hat mesh
- Roblox: meshes and materials for cowboy hats
- various artists: gun meshes
- Ivan Norman: navy revolver model

TEXTURING
- captainwoodlegs: retextured few weapons
- Roblox: providing materials for the stuff ingame
- various artists & Nostalgic Designs Co.: old roblox T-Shirts

ANIMATIONS
- captainwoodlegs: all animations/inverse kinematics",Action,Open World Action,moderate,0,Top Paid Access,1,https://tr.rbxcdn.com/180DAY-544536ffadcdd92ace6c6df62adddddb/512/512/Image/Png/noFilter,captainwoodlegs,User,40174397,32,5079008,124763,22812,9075,1,2024-09-01T07:38:01.413Z,2026-08-31T10:20:30.152Z
3696887823,Skate Forever 🛹,"Unlock new tricks, customize & upgrade your skateboard, find collectables, skate with friends, & more! 🛹",Sports & Racing,Sports,minimal,0,Top Paid Access,1,https://tr.rbxcdn.com/180DAY-9be8730683f4dd7b2ec1b875e4a05511/512/512/Image/Png/noFilter,"Ready, set, more!",Group,7371243,2,5152218,83868,10110,3795,20,2022-06-27T21:34:11.037Z,2026-06-28T17:07:35.569Z
242453665,Mint Tycoon [BETA],"Welcome to Mint Tycoon, the Bank of Robloxia's newest banking themed tycoon game! Although still in beta, this game contains hours of playtime, three difficulty game modes,  and raw materials just waiting to be processed into currency. Make precious metal coins and even your favorite Robloxian bills (Tix & Robux) to trade at the exchange for cash! Maybe ""building off of the success of others"" is more your style. No problem! With advances in Hackdar ™ technology you can play against your peer's vault defenses for the underground market in the hopes of accelerating your chances for success!

Want more info on future updates? To receive a special Beta Player rank, see upcoming feature demos, and have the opportunity to give us your ideas, join Bank of Robloxia linked to this game!

Thank you so much for playing!
Please feel free to reach out with any feedback, bugs, or concerns.

[Changelog]:
1.) Winter Update released! (New mint & game mode!)",Simulation,Tycoon,minimal,0,Top Paid Access,1,https://tr.rbxcdn.com/180DAY-180df33d9e6bb38cb89c13ff7cc42692/512/512/Image/Png/noFilter,Bank of Robloxia,Group,141878,10,4072628,115846,26831,2024,6,2017-01-05T03:50:25.01Z,2026-02-01T21:01:38.018Z
7273185020,LIRR Train Simulator | Pre-Release,"This is an early access game to Long Island Railroad* in Roblox, RO-Scale.

[ ACCESS ] 
Access can be purchased for 50 Robux. 
We reserve the right to manage access to this game, and all purchases are final (No Refunds).
Updates and shutdowns may occur.
 
[ CREDITS ]
ARS System by BuildIntoTrains • Developed by Long Island Rail Studio

👍 Enjoying the game? Leave a Like and Favorite to support us!
*Note: This is an unfinished product.

Tags: LIRR, Railroad, New York, NYC, Long Island, Transportation, Long Island Rail Road, LI-Double R, Public Transit, Train Simulator, Commuter Rail, Long Island Rail Studio",Simulation,Vehicle Sim,minimal,0,Top Paid Access,1,https://tr.rbxcdn.com/180DAY-9adbf691aa7ec2cbed00e752e8a6cb74/512/512/Image/Png/noFilter,Long Island Rail Studio,Group,33875914,3,70993,2290,357,45,13,2025-02-21T06:22:56.473Z,2026-09-07T04:00:01.7000963Z
4905293690,The Horse Game,"🌟 LIKE THE GAME FOR MORE FREE ACCESS EVENTS!! 

Christmas accessories can be bought at the tack shop for a limited time only. 

💳 Paid Access grants life-time access. 🕒 (Regular Price: 400) (One-Time-Purchase) 

🏇🌈 Embark on a Horse Adventure: Dive into a vibrant world filled with horses! Join fellow enthusiasts as you: 
🌿 Catch wild horses roaming freely in the wild! 
🐾 Lead your herd through amazing worlds & landscapes! 
🏁 Compete against friends and rivals for prizes in thrilling races! 
🌟 Upgrade your horse's abilities using our innovative and advanced skill tree system!",Roleplay & Avatar Sim,Pet Care,minimal,0,Top Paid Access,1,https://tr.rbxcdn.com/180DAY-f2b7cac35d5015045b5eab44079d1f69/512/512/Image/Png/noFilter,The Horse Game [Official],Group,6079937,1,3808499,82740,13046,2515,30,2023-07-24T00:54:48.813Z,2026-03-31T17:16:40.856Z
7448488942,eko Beta Test,"A relaxing building game
Note: This is a sandbox game! There is no objective besides building - don't buy the game if you're expecting something else

Features:
- Hexagon grid building for ground, lakes, bridges and waterfalls
- Freeform building for plants, rocks, and other decorations
- Walls, ceilings, and roofs to create buildings
- Dynamic wind and grass
- Day/night cycle
- Saving and loading
More biomes and decorations are coming soon! Join the community server to follow development

Currently disabled for mobile and console, but planning on adding on release

Controls:
WASD - Move camera
Q/E - Move camera up and down
Shift - Slow camera down
Ctrl - Speed camera up
Mouse Wheel / Arrow Keys - Rotate blueprints
C - Open build menu
V - Switch to destroy mode
F - Switch decoration variant
G - Switch to grid snapping mode
H / Numpad Keys - Switch hotbar presets
Tab - Return to menu

Credits:
Modeling help & testing - flora, animeb and Astrasui
UI SFX by JDSherbert",Simulation,Sandbox,minimal,0,Top Paid Access,1,https://tr.rbxcdn.com/180DAY-c4658e0c21ee1ef3d6b3d02f6a3618c1/512/512/Image/Png/noFilter,xander22,Group,32887275,4,130108,31716,5120,179,12,2025-03-28T12:32:18.157Z,2026-09-02T22:54:55.992Z
6820035296,[UPDATE] The Psychological Experiment,"The Psychological Experiment is a single-player horror game. As a patient in a mental asylum, you are confined in isolation, distant from everything, suffering from hallucinations and delusions. This test will evaluate your mental status and psychological well-being. Are you okay? Is everything what it seems to be? Are you awake?

Latest Update
- New Level: The Institute (Level 4)

⚠️ WARNING: This game contains loud noises, flashing lights, and sudden jumpscares.

🎧 For the best gameplay experience, we recommend wearing headphones and being fully immersed (no outside distractions)


Found a bug or have any suggestions? Join our community and let us know.
",Adventure,Story,mild,0,Top Paid Access,1,https://tr.rbxcdn.com/180DAY-95d16fcc350d882be855760fd6e5a683/512/512/Image/Png/noFilter,PLATED.,Group,6701611,1,1369157,245581,17092,4881,1,2024-11-20T20:51:53.75Z,2026-08-19T14:13:41.577Z
1663370770,[HALLOWEEN] Mighty Omega,"Based on a manga and our previous game!

Basic Controls :

Double tap 'W' to RUN 
While running pressing 'R' will toggle between jog/sprinting
'Q' to DASH
Hold F with your combat style tool to BLOCK
F + LMB for perfect block on guard break move
F + RMB for counter on any hit
LMB for attacking
RMB for GUARD BREAK

Developers :
- IncredibleAyum, Yolomura, 
streetjess, MisterAokiji, dodorider, IncredibleJuIes

Contributors :
- MoltenPrime, Tacomura

Premium players have a +8% stat gain boost",Action,Battlegrounds & Fighting,moderate,0,Top Paid Access,1,,Kengun Omega,Group,4800422,54,64546049,131337,31993,4734,30,2020-04-09T19:54:01.047Z,2026-08-13T05:05:08.482Z
1579747797,Prizefighter Boxing,"Step into the ring with Prizefighter, Roblox's most authentic boxing game, featuring skill-based mechanics and satisfying counter-play.

Paid Early Access – You may encounter bugs or unfinished features, but your feedback directly shapes the future of Prizefighter.

Compete in fast-paced, action-packed matches and climb the leaderboard as you make your way up the ranks. Explore a detailed world full of activities and unique fighting venues. Sharpen your skills through an engaging training system, complete with challenging minigames. Feel the thrill of victory and the pressure of defeat.

Are you ready to claim victory? Lace up your gloves and find out.🥊",Sports & Racing,Sports,mild,0,Top Paid Access,1,https://tr.rbxcdn.com/180DAY-96d0a9a39aed5d5076e4efcfb8558ee8/512/512/Image/Png/noFilter,Boxout Games,Group,5687896,13,3647120,45731,6055,1974,18,2020-02-27T05:14:29.727Z,2026-09-04T11:40:36.819Z
9828552265,Jump Into Huge Trampoline,"Welcome to the JUMP Into Huge Trampoline Obby!

👍 Leave a like for NEW in-game rewards 🎁

Tags: Obby, Parkour, Fun, Easy, Easy Obby, Parkour Obby, Stud Jumps, Obstacle Course, Platformer Obby, Rainbow, trend, us, big, hole, water, pool, deep",Obby & Platformer,,minimal,0,Top Paid Access,1,https://tr.rbxcdn.com/180DAY-3fc7d9419135e61ba4a9d5b592b4b267/512/512/Image/Png/noFilter,doTrend,Group,349041074,0,1214908,4601,2203,917,30,2026-03-03T12:38:00.17Z,2026-03-05T14:49:31.818Z
3211189518,Find Everything,"💡 Currently in Early Access! Players who buy early access will get exclusive rewards when the game fully releases.

An online 3D platformer/scavenger hunt about exploration, stupid jokes, and finding tons of Things!

Unlock new moves at the Thingsburg Gym! Explore a massive, ever-growing world! Find ridiculous worlds & meet interesting characters! And more...

CONTROLS:
Space/A: Jump Button
Shift/X: Action Button
Right Mouse: Lock/Unlock Camera

Early Access Guide & FAQ: https://devforum.roblox.com/t/2037657",Adventure,Scavenger Hunt,mild,0,Top Paid Access,1,https://tr.rbxcdn.com/180DAY-616d0e379b079dbc2977a9ad09e91df0/512/512/Image/Png/noFilter,Everything Finders,Group,13480138,1,1929456,107950,21313,716,30,2021-12-29T01:49:58.377Z,2026-07-19T12:40:33.527Z
152631806,TreeLands Legacy,"Build a colossal 10-story treehouse, explore enchanted forests, and pick-sell-farm rare fruits in the great outdoors!

🍎🍏🍎🍏🍎🍏🍎🍏🍎🍏🍎🍏🍎🍏

TreeLands is a retired project and won't be receiving any more updates. We thank you for all your support from over the years. It's been an amazing journey developing the game alongside you, and we hope you treasure the many memories we've made together for the years to come.

Get the Official TreeLands Shirt here: https://www.roblox.com/catalog/717627013/Official-TreeLands-Shirt

Credits:
NewFissy (Scripting)
Suhreen (Building)",Simulation,,minimal,0,Top Paid Access,1,https://tr.rbxcdn.com/180DAY-ecacbef07b08c734a1c103779ed91556/512/512/Image/Png/noFilter,Fissy Games,Group,317547,1,16975085,480663,142808,6694,8,2016-04-25T11:07:07.623Z,2022-07-29T18:59:59.57Z
2929752024,Tower World | Alpha,"Tower World features a diverse array of tower based obbys, each with its own unique characteristics and mechanics.

🎵 The music used is non-copyrighted.

Tower World | Alpha 0.1
- CHECKPOINTS NOW SAVE
- UI refresh, Profiles, Difficulties, item rarities.
- Cutscene bug fixes
- Revamped Quest system.
- Mechanical Bug Fixes.

Tower World | Alpha 0.0.10
- 6 NEW TOWERS accessible via the DLC menu in your inventory. FOR FREE!
- New map to explore the DLC towers.
- New Tiffany quest & cutscene.
- Revamped Buddy Rope + New Extinguisher Gamepass.
- QoL Improvements to almost all client objects.
- Special Chapter 1 final cutscene.

🛠️ The game is in its Alpha state, with more content constantly being worked on! Many aspects are subject to change, and some features may break. Leaderboard data and tower completions could potentially be reset.
Inspired by JToH and various stories from my childhood.",Obby & Platformer,Tower Obby,minimal,0,Top Paid Access,1,https://tr.rbxcdn.com/180DAY-1e549c0f6b33211bc4b042a49b8d9bcd/512/512/Image/Png/noFilter,FrancoJ,Group,6961469,1,2112519,93691,23133,1542,15,2021-09-21T23:58:02.657Z,2026-09-01T03:28:51.739Z
5316084314,Neon District 2051 - RP,"Step into a gritty dystopian world, and live out your cyberpunk dreams in this remaster of the original Neon District. Featuring a completely remade map and modern roleplay features. 🖥️

Update:
🎬 - Added 4 new episodes: Attack on Tower, Riot on Authority, Murder at Midnight, Fire in the Golden Alley
🏢 - Added new apartment: ""Millennial Tower""


⚙️ Please note: The game is still in active development — expect new locations, tools, episodes, and features to roll out over time. Some areas are still being refined and may change in future updates.",Roleplay & Avatar Sim,,minimal,0,Top Paid Access,1,https://tr.rbxcdn.com/180DAY-17a3b97995f25d64170e12a82687d6ef/512/512/Image/Png/noFilter,Mareware,Group,4481320,50,1452341,49898,5936,479,50,2023-11-20T00:19:35.24Z,2026-08-14T09:15:56.547Z
9602760910,My Dreamy Sky ♡,"Venture through a dreamy-cute universe🌙 Gifts are waiting ♡ new FREE halo! Thank You for 500 Likes!
· obby · outfits · roleplay
╭ ♡ ・ ☁️ My Dreamy Sky
┊︶︶︶︶︶︶︶︶︶︶︶︶︶︶
┊ ☆ ・ Dreamy Duo Obby 🐰🐰
┊ · 2 player teamwork obby · 40 pink stages 
┊ · friend offline? your pet will be player 2 
┊
┊ ☆ ・ New Obby: Starry Steps ★🌠
┊ · starfall sky · 50 stages · invisible obby
┊ · night aesthetic · flying cloud at the top
┊
┊ ☆ ・ 🌏 Tiny Planet 
┊ · pastel roleplay world · free cutesy morphs
┊ · cake delivery job 🎂  · cozy town aesthetic
┊
┊ ☆ ・ Borealis Boutique 🛍
┊ · community avatar outfits · try-on · catalog 
┊ · share your look · marketplace · ugc 
┊
┊ ☆ ・ In Development 
┊ · Cloudy Day Café ♡ · 🏰 Party Palace 
┊ · houses · 💌 heard your requests 
┊
┊ ☆ ・ Free Coins at the Wishing Well ♡
┊ · like · favorite · join group for perks 
╰ ♡ ・My Dreamy Sky ☁️",Social,,minimal,0,Top Paid Access,1,https://tr.rbxcdn.com/180DAY-cff6b8ae1fca49953938327ffdcf1c1d/512/512/Image/Png/noFilter,My Dreamy Sky,Group,981554507,5,318223,5176,512,138,24,2026-01-22T06:51:08.92Z,2026-09-07T01:39:44.5907994Z
7832972495,Fruit Stage Tower 🍇 (350+ STAGES),"🍇Welcome to Fruit Stage Towers Obby! 🍓

Complete fruity towers and have fun with your friends!
🍇과일 타워 오비에 오신 것을 환영합니다! 🍓
과일 타워를 완성하고 친구들과 함께 즐기세요!

ʚ New updates every weekend! ⭐
매주 주말에 새로운 업데이트가 있어요! 🍏

ʚ Thanks for playing Fruit Towers ! 
과일 타워를 플레이해주셔서 감사합니다! 
 

 Tags (Ignore) ; Fruit, cute, colorful, fun, strawberry, pineapple, watermelon, grape, apple, banana, fruit tower, fruity obby, parkour, adventure, obby, tower, obby stages, fruit parkour
태그(무시) ; 과일, 귀엽다, 다채로운, 재미있는, 딸기, 파인애플, 수박, 포도, 사과, 바나나, 과일 타워, 과일 오비, 파쿠르, 모험, 오비, 타워, 오비 스테이지, 과일 파쿠르",Obby & Platformer,Tower Obby,minimal,0,Top Paid Access,1,https://tr.rbxcdn.com/180DAY-f6e60730843be45765865e9be7aec219/512/512/Image/Png/noFilter,Obby Gam.,Group,35789142,1,7143158,707600,6814,520,25,2025-06-03T11:23:22.26Z,2026-07-28T18:30:13.725Z
7134571356,Mini Drifters [BETA],"🔥 Welcome to Mini Drifters! 🔥

🚧 EARLY DEVELOPMENT ALERT! 🚧
This game is in VERY early development! Don’t judge too soon—big things are coming! 🚀

🎁 Beta Testers Perk:
Get an EXCLUSIVE Car + Special Tag when the game releases! 🏎️💨

🎮 CONTROLS:
🕹️ W, A, S, D - Drive
⚡ LCtrl - Handbrake
💡 F - Headlights
🎥 Shift + C - Freecam

🚗 Inspired by: Mall Drifters / Backrooms Drift

""Best roblox drift game""",Simulation,Vehicle Sim,minimal,0,Top Paid Access,1,https://tr.rbxcdn.com/180DAY-804c92451e5ccd969938fbbf2d55d6ae/512/512/Image/Png/noFilter,Gassy Studios,Group,35523853,0,1159524,33241,7676,1557,12,2025-01-24T02:39:28.357Z,2026-08-26T16:53:24.1Z
3827656431,MTR South Island Line | A train simulator,"*This game is still under development, and bugs are expected. Please message me directly for any bug reports*

The MTR South Island Line is a rapid transit line of Hong Kong's MTR metro system. This line connects the Hong Kong business district from Admiralty station to the Southern District of Hong Kong Island. 

In this game you can either manually control the train or get on the train as a passenger. The rolling stock of the South Island line is purpose-built for driverless operation, which is highly recreated in the game.

The game is compatible with both PC and mobile device, though a PC is recommended for the best experience.

Features:
- Auto/ Manual controlled train
- Detailed train stations 
- Advance auto train with signal system
",Simulation,Vehicle Sim,minimal,0,Top Paid Access,1,https://tr.rbxcdn.com/180DAY-09e2fe901fdf5997ecc8aec2d3db973b/512/512/Image/Png/noFilter,dream.studio,Group,10313589,0,309150,14819,1180,473,6,2022-08-08T16:33:16.76Z,2025-07-21T20:50:18.97Z
2610672811,[0.9.2]Batman: Gotham Stories,"Update 0.9 Part III is here!

Batman: Gotham Stories is an RPG in which you will be able to RP and, as the name suggests, create your own stories. Randomly generated missions, trigger-able custom missions using the Batcomputer and new gameplay mechanics never seen before in a game on Roblox will make this just as good as an Arkham game.
The beautiful graphics and the latest technologies available will give this game a beautiful, gothic while at the same time modern look and feel.

Version 0.9.2",,,minimal,0,Top Paid Access,1,https://tr.rbxcdn.com/180DAY-64915d38d1928c379f68d000dd844539/512/512/Image/Png/noFilter,bruceywayne,User,34239179,0,348182,22394,1514,352,10,2021-05-23T18:23:50.673Z,2026-08-22T14:18:03.41Z
9594335382,Steal From Gatito 🐱,"👶🐾 Welcome to Baby Heist: Cat Chaos! 🐾👶

💰 Steal the babies from multiple sneaky cats and run! Can you survive long enough without being caught?
😹 Outsmart the kitties, dodge traps, and see how much cash you can rack up!

🎮 Like the game to show your support!
⭐ Make sure to favorite it so you don’t miss any new updates!

💌 Got questions or ideas? Join our group for exclusive sneak peeks and tips!
👉 TDL STUDIO – https://www.roblox.com/communities/829112325

💚 Thanks for playing — watch out for those cats… they’re craftier than they look!",Survival,Escape,mild,0,Top Paid Access,1,https://tr.rbxcdn.com/180DAY-391a3894c79c079492635309f6cb568e/512/512/Image/Png/noFilter,TDL STUDIO,Group,829112325,0,313938,75347,496,126,12,2026-01-20T13:37:03.073Z,2026-08-21T19:38:36.2Z
9405307754,Cart ride Into Meowl,"👍 LIKE FOR FREE ITEMS UPDATE! 🎁

Welcome to the Cart Ride Into Meowl!

✨ FINISH TO UNLOCK THE SECRET AREA!

Group: https://www.roblox.com/communities/109442043/Enter-The-Cart-Ride",Obby & Platformer,Runner,minimal,0,Top Paid Access,1,https://tr.rbxcdn.com/180DAY-b086a21f1f276cc4fa329cdf724cd34f/512/512/Image/Png/noFilter,Enter The Cart Ride,Group,109442043,0,4766786,69786,13876,3534,50,2025-12-22T20:46:43.683Z,2026-05-25T13:59:19.962Z
9333257853,[CH2] Bendy: Inked Out,"Update 1.5 is Out! 🫟 and Chapter 2
this update features
1- Chapter 2 release
2- Improved Graphics, Lightning and Visuals
3- Improved bendy animations
4- Added chapter 1 finale cutscene
5- Improved the main menu

Controls:
WASD = movement
Shift or L2 = sprint
R2 or click = interact",Adventure,Story,minimal,0,Top Paid Access,1,https://tr.rbxcdn.com/180DAY-5747bd0f41a5e54f2a4d906e431208c1/512/512/Image/Png/noFilter,~NAVI studios~,Group,14062105,0,87233,10828,666,146,50,2025-12-10T18:05:08.183Z,2026-08-13T06:09:50.32Z
4165173888,Earth Core Exploration,"Fully Destructible. No Borders. No Air Walls. 🌍

Explore a truly infinite open world, randomly generated and ever-changing.

By mining treasures created by thousands of real artists, you can obtain gold or power. You can use the currency to trade treasures with other players, upgrade your weapons, or purchase new weapons, sports cars, and various toys, buildings, furniture, etc. in the mall. Currently, the toy market has been connected to ai large models that can generate your exclusive toys! You can even use treasures to decorate your exclusive territory, chat with the unique ai friends on the territory, or engage in pvp battles with online players to compete in shooting skills. If your cash flow is tight, you can also sell the treasures to the collector monk to recover the currency. 

The surface of the infinite map is randomly filled with the real territories of hundreds of thousands of players. Underground, it is filled with over ten thousand randomly mutated treasures.",Adventure,,mild,0,Top Paid Access,1,https://tr.rbxcdn.com/180DAY-272f95839b6339e86bcc76fec7f73c48/512/512/Image/Png/noFilter,vikboy666,User,1328158143,0,32350720,660230,31570,7574,20,2022-12-07T19:01:01.953Z,2026-07-10T16:10:26.252Z
1250803741,Windgate ⛵,"1000+ player sandbox worlds.

🗺️ Explore huge worlds.
🪓Chop trees and mine stones, make money, upgrade your tools.
🏡 Build anywhere. Settle down with your fellow players and build communities, towns, and cities - or live as a hermit at the far edges of the world.

🖼️ Thumbnails featuring player builds from world 0.9 from Jul 2019 - Nov 2020, by:
- MADM0M - Watchtower
- DEW_ME2 - Pyramid
- D0nutcrazy - Tower of the Gods + Arch
- TataCool321 - Ruined savannah structure
- PoppFamz - Sea base
- purpleskies37 - Snow outpost
- SnowfallNova - Snow outpost

Boat at dock thumbnail by 0l1v3r_209 and Nemate

🧶",Adventure,,minimal,0,Top Paid Access,1,https://tr.rbxcdn.com/180DAY-aab155f7040fa9d80784afbdb65f9bc6/512/512/Image/Png/noFilter,Defaultio,Group,2623239,3,369221,24837,2396,491,700,2019-07-26T20:18:53.187Z,2026-07-28T19:38:03.275Z
10158746377,Jump Into Magic Carpet,"Welcome to Jump In To Magic Carpet Obby!

👍 Leave a like for NEW in-game rewards 🎁

Tags: Obby, Parkour, Fun, Easy, Easy Obby, Parkour Obby, Stud Jumps, Obstacle Course, Platformer Obby, Rainbow, trend, us,",Obby & Platformer,,minimal,0,Top Paid Access,1,https://tr.rbxcdn.com/180DAY-1d172403dca3768754351e2db3dc3b5f/512/512/Image/Png/noFilter,doTrend,Group,349041074,0,788302,2011,964,142,30,2026-05-12T13:53:55.197Z,2026-05-13T10:14:05.604Z
3700393331,WrestlingX [EXHIBITION ADDED],"From the creator of Wrestling 2X and Undisputed Combat. Step into the ring and put on 5-star classics in an authentic pro wrestling experience inspired by WWE, AEW, and NJPW.

👍 Favorite and follow for updates!
⚠️ EARLY TESTING: Mechanics, balancing, and features are actively being built.

🛠️ Current Features
• Real wrestling action
• Full customization suite (Entrances, Movesets, Appearance)
• Community Creations
- Championships & Weapons
- Wrestle in front of a Crowd, or Hone your skill in the Gym
- Various Match Types & Factions

🚀 Coming Soon
• Overall System
• More Animations & Create a Move

🔍 Tags
• WWE, AEW, NJPW, Pro Wrestling, Wrestling, Fighting, Sports, Combat, PVP, Customization",Action,Battlegrounds & Fighting,moderate,0,Top Paid Access,1,https://tr.rbxcdn.com/180DAY-c28acd09be2d6adde5e7a848efdea734/512/512/Image/Png/noFilter,Ardio | Liliardio,Group,12660733,50,35669,384,102,20,20,2022-06-29T04:09:02.1Z,2026-09-06T06:45:42.3504777Z
1184233856,Stranded on Earth [Alpha],"A cooperative sandbox zombie survival game with base building mechanics and weapon customization. This game is still in its Alpha stage so expect bugs and other issues. 

controls 
LMB - shoot (repair in build mode) 
RMB - aim (damage in build mode) 
E - melee 
G (5-6) - grenade 
R - reload (hold to rotate in build mode) 
Q - cycle sights 
V - cycle firing mode 
T - toggle/cycle all attachment modes 
F - interact 
`/~ - free mouse/manual attachment mode toggle (open buildable menu in build mode) 
B - enter build mode 
shift - sprint 

Paid access price will lower as development milestones are reached. Your cash will be reset & levels/weapons records will be reduced by 80% once the game fully releases.",Shooter,PvE Shooter,moderate,0,Top Paid Access,1,https://tr.rbxcdn.com/180DAY-aab14b51bfedb349e25883a6e988bbed/512/512/Image/Png/noFilter,speedydude900,User,6361510,3,594992,49770,5137,860,10,2019-06-10T11:38:00.163Z,2026-08-13T14:13:29.862Z
9571642997,Wall jumps Into 67,"✨Welcome to Wall jumps Into 67

🎁Join back in 24 Hours to get a special Prize ! 🎁

Join us here: roblox.com/communities/607274880/Mogged-Group

👍LIKE FOR FREE ITEMS UPDATE! 👍🎁

😃 Thanks For Playing!

Tags: Jump High, Stud Jump, Hard, Mega, Easy, Obby, Super, Fun, Rainbow,
DCO, WPDCO, Wraparound Per Difficulty Chart Obby, Difficulty Chart Obby, Easy Difficulty Chart Obby, Super Easy Difficulty Chart Obby, Medium Difficulty Chart Obby, Hard Difficulty Chart Obby, Parkour, Obstacle, Impossible Stud Obby",Obby & Platformer,,minimal,0,Top Paid Access,1,https://tr.rbxcdn.com/180DAY-6c9acbea13a49cd82eb69641ec5e228c/512/512/Image/Png/noFilter,Mogged Group,Group,607274880,0,2581231,4574,8370,2151,30,2026-01-16T18:03:56.457Z,2026-05-18T19:28:55.377Z
9578166823,Toilet Merge Simulator,"🔥 Welcome to Toilet Merge Simulator🔥

🚽 Get ready to unlock super cool, powerful toilets!
💩 Grab Poops from your toilets and toss them in the Trash to earn cash!
💸 Use your money to buy more toilets and level up faster!
♻️ Toilets will automatically merge every 10 floors to keep the game running smoothly!
💾 Tycoon progress saves automatically!

⭐ If you’re having fun, don’t forget to like the game and join our group!",Simulation,Tycoon,mild,0,Top Paid Access,1,https://tr.rbxcdn.com/180DAY-f10f68be2610436e6785fe5b052326d9/512/512/Image/Png/noFilter,Mogged Group,Group,607274880,0,1100562,5461,19943,709,10,2026-01-17T18:04:08.157Z,2026-07-06T20:30:20.809Z
9040261899,Secret Sammy Line!,"👍LIKE👍 To Unlock the OP REWARDS 🎁

⭐Favorite the game to support us and earn future rewards!

How to play:
⏳ Wait in line for your turn with the Evil Sammy (if you dare!)
🏃 Skip ahead to cut the line and reach the chair faster!
😈 Troll others by waiting the VIP Final Area!
🕵️ Explore the Sammy Area and uncover hidden secrets!

🎁 Premium Users get 2 free cuts every 24 hours and x0.1 cash multiplier

🔔 Tap Notify to stay in the loop for updates and special events!",Simulation,Idle,mild,0,Top Paid Access,1,https://tr.rbxcdn.com/180DAY-48e3746e4aa49a97519d3f4b3e259d21/512/512/Image/Png/noFilter,L2XXY Games,Group,35901672,0,4803230,659787,7620,1155,50,2025-10-26T20:03:28.497Z,2026-06-05T17:54:06.159Z
10209534490,[UPD🌟] Chicken Farm 🐣,"🐔 Welcome to Chicken Farm! 🥚

🐣 Buy Chickens and start farming!
💵 Convert Eggs into Cash
🔀 Merge Chickens to unlock rarer ones!
🥚 Build the ultimate Chicken Nest!
🌙 Your Chickens keep laying Eggs even while you're away! 💰

UPDATE 10:
🚀 Events
💎New Gem Upgrades
🍀New Lucky Block
🐓 Gold Chickens
🦵 Obby
🔄New Rebirth
📈2 new Buy Tiers
📊Balance changes

✨ Have fun, and Thanks for Playing! If you enjoy the game, don't forget to 👍 Like, ⭐ Favorite and 🔔 Follow! ",Simulation,Tycoon,minimal,0,Top Rated | Trending in Simulation,2,https://tr.rbxcdn.com/180DAY-9077ef7125946cb2ca17c387e43730a6/512/512/Image/Png/noFilter,Skandi Studios,Group,34492682,6986,109314570,372733,1092801,11233,6,2026-05-23T14:00:01.875Z,2026-09-05T18:30:58.3547292Z
7028566528,[IZURE⚡] Basketball: Zero,"THIS IS A COOL BASKETBALL GAME, ITS 5V5 BASKETBALL, FAST PACED AND EASY TO PLAY!

 Choose a character class with unique abilities and dominate the court with your AURA!

CONTROLS:
Shoot – (Hold) Left Click
Pump Fake – (Tap) Left Click
Pass – Right Click
Dribble – Q
Layup/Dunk – Spacebar",Sports & Racing,Sports,minimal,0,Top Rated | Trending in Sports & Racing,2,https://tr.rbxcdn.com/180DAY-02f3580ba7642993424b3b9129b6381d/512/512/Image/Png/noFilter,Current.,Group,34852864,4676,1127679922,2202325,7059574,122372,10,2025-01-03T14:36:41.333Z,2026-09-06T20:27:21.8585803Z
4785982047,[2X] FLASHPOINT⚡,"⚡ Welcome to Flashpoint!

👊 Defeat criminals to keep the city safe
💨 Zoom around the city
🏁 Race other players

💝 Join the group and like the game for FREE rewards!
💻 Available on Desktop, Mobile, Tablet & Console!",Action,Battlegrounds & Fighting,mild,0,Top Rated,1,https://tr.rbxcdn.com/180DAY-8bd61ca2448266241520caba4e942667/512/512/Image/Png/noFilter,Varis Studios,Group,32421331,1500,218841357,3041756,1630767,26607,15,2023-06-19T05:44:21.743Z,2026-09-05T12:34:32.833Z
5800312217,"Jule's RNG [🍀1,000x Luck]","How to play Jule's RNG:
🎲 Click the ""Roll"" button to get auras, collect up to 300 different auras!
🌟 Craft potions & amulets to increase luck in the cave
❓Obtain new auras and true form auras 
🎮 Play mini-games to earn Gems and Potions

💎Join our group for free Quick Roll!

Join our community server for codes, updates, sneak peeks and more!

❤️ By Jule Games",Simulation,Incremental Simulator,minimal,0,Top Rated,1,https://tr.rbxcdn.com/180DAY-bee2875125feab8389a86593dcd116c4/512/512/Image/Png/noFilter,Jule Games,Group,13031751,484,104809728,981204,982613,14272,10,2024-03-26T20:05:25.637Z,2026-09-07T03:51:49.9220643Z
10249209189,Missiles vs Cities,"Build up and Upgrade your city
Arm yourself with the best missiles
Blow up others buildings for cash & rewards",Simulation,Tycoon,minimal,0,Top Rated,1,https://tr.rbxcdn.com/180DAY-4c8a347f996a86b60014dd340c408b8c/512/512/Image/Png/noFilter,veedio gaems,Group,33896179,2416,53383075,316863,781253,10462,8,2026-05-31T03:48:44.09Z,2026-08-27T15:54:55.794Z
7703544118,Container RNG📦,"A chill game where you buy mystery containers!

How to Play:
📦 Buy up mystery containers!
💥 Unbox rare items with crazy modifiers
💰 Sell for profit and unlock better containers
🚀 Buy upgrades to boost your progress
🎉 Show off your rarest finds to friends!

👥 Join the group for bonuses and updates
👍 Like the game!

👑 Can you find the rarest mutated item in the game?

⚠️BETA RELEASE (WIP) - MAY CONTAIN BUGS
✅ Supports PC, Mobile, and Tablet players",Simulation,Tycoon,minimal,0,Top Rated,1,https://tr.rbxcdn.com/180DAY-d8dc5524e49df1850d436c8778393152/512/512/Image/Png/noFilter,Exply Studios,Group,15491373,315,84540427,1502270,1068452,17476,6,2025-05-14T20:23:42.15Z,2026-08-08T20:13:10.288Z
7703614594,[🏰x2🍀] Garden Tower Defense 🌻,"🌻 Assemble a Garden Tower Defense army to defeat the swarms of Enemies and defend your Base. Will you have what it takes to survive?

🌻Over 350 Plants, Flowers and MORE to grow, each with SPECIAL ATTACKS and ABILITIES!
🔥Try Unique Game Modes, MORPH INTO YOUR UNITS, ENEMIES CHASE YOU and MORE!
🏅 Compete with your friends to top the Leaderboards!
🛠️ Weekly Updates – Every Saturday at 1:00 PM, 13:00, UTC. Please check Events for the latest incoming update!
💻 Available on ALL DEVICES, PC, Phone, Tablet, Console, VR!

September 5th - 🏰 Fantasy Frontier!

🥳 UPDATE AT 1.5M LIKES!
😊 Team up with FRIENDS to defend the Base!

🔗 Tags: Grow, Tower Defense, TD, Strategy, Survival, Defense, Grow a Garden, Protect, Plants.",Strategy,Tower Defense,minimal,0,Top Rated | Trending in Strategy,2,https://tr.rbxcdn.com/180DAY-1f7e6d9f8359db9ebf557693233111ff/512/512/Image/Png/noFilter,Garden Defenders,Group,35989084,4666,794708839,476934,1423441,25591,20,2025-05-14T20:49:41.727Z,2026-09-05T12:01:31.72Z
7798947148,[BANKAI] Anime Final Quest,"🛠️ [Full Release]
The game is still under heavy development, new content, balance changes and features are constantly being added. Encounter a bug? Have an idea? Join our community and help shape the future of the game!

❓[How to Begin Your Adventure]
- Fight through Anime Dungeons
- Obtain Weapons & Gears
- Collect drops & Craft Cosmetics
- Challenge Dungeon Bosses
- Gather Runes to enhance your build
- Complete Quests to earn exclusive rewards

🖥️ Controls:
- M1 - LMB / Button X / Square / R2 / RT
- Skill 1 - 1 / L1 / LB
- Skill 2 - 2 / L2 / LT
- Skill 3 - 3 / R1 / RB
- Gear - 4 / Button Y / Triangle
- Ultimate Skill - 5 / DPad Left
- Dash - Q / Button B / Circle
- Awakening - G / DPad Up
- Lock Camera - Mouse Wheel / L3
- Shiftlock - Ctrl / Dpad Down",RPG,Action RPG,mild,0,Top Rated,1,https://tr.rbxcdn.com/180DAY-92c32b9a982cc7dc8984448759ca2d48/512/512/Image/Png/noFilter,Anime Final Quest,Group,34258454,2213,150300250,313907,800990,11801,15,2025-05-29T19:16:24.063Z,2026-09-06T23:58:45.9453293Z
7848646653,Break your Bones ☠️,"Try to BREAK all of your BONES!

- Fun Bone Smashing Simulator
- Unlock new Ragdolls
- Fling yourself from a Huge Drop
- Ragdoll in this fun Physics Simulation

",Simulation,Physics Sim,minimal,0,Top Rated,1,https://tr.rbxcdn.com/180DAY-683fa9c72fa527570002e309ed150f41/512/512/Image/Png/noFilter,High Effort Projects,Group,17327542,374,131599733,342534,925184,14228,5,2025-06-05T19:50:16.8Z,2026-09-03T08:52:02.997Z
9091133975,[🦖] Catch And Tame!,"Grab your lasso and explore an island full of wild animals! Catch them, bring them back to your pen, and start building your ultimate collection! 🐾

💸 EARN MONEY EVEN WHILE YOU’RE OFFLINE! 💸

Feed your animals to gain more luck! You can combine them with your heart to discover brand-new pets!
Experiment with different pairs to uncover rare and secret animals! 🐴

[How To Play]
• Equip your lasso 🎯
• Catch roaming animals 🦓
• Bring them to your pen 💰
• Feed, combine, and grow your earnings! 🌾",Simulation,Tycoon,minimal,0,Top Rated,1,https://tr.rbxcdn.com/180DAY-00fd28af7237bc831a863a44901aa1e6/512/512/Image/Png/noFilter,Manta Games,Group,4127076,8162,453241120,1275880,1222572,24168,5,2025-11-02T22:43:14.693Z,2026-09-06T18:59:15.8030827Z
7432254268,⛏️ Mines,"⛏️ Welcome to Mines! ⛏️

Mine and explore unique caves in search of ores, rare treasures, and crazy items. Sell your finds to upgrade your pickaxe, unlock powerful radars, and operate DRILLS!

💎 Hire OFFLINE MINERS to mine for you while you're OFFLINE!

Can you discover what all is hidden in the Mines?

Play with friends and mine the caves together for a boost!",Simulation,Incremental Simulator,minimal,0,Top Rated,1,https://tr.rbxcdn.com/180DAY-fec318d906e9bcc8090f6ee193a022f2/512/512/Image/Png/noFilter,Gold Rush Games,Group,35786254,90,53746532,819598,715273,8625,8,2025-03-24T23:24:51.323Z,2026-07-11T03:26:47.304Z
3608732146,💪Size Legends Simulator,"💪 Welcome to Size Legends Simulator! 💪

🎯If you can't sell, then sell is turned off!

📌TIP: Rank up as soon as you can, this is the fastest way you can grind up!

⚠️ If lifting stops working, join a private server (FREE) for it to work! ⚠️

👑 Legends Club gives a bonus x10 Size Multiplier 👑

📝 UPDATE LOG 📝 -- Version 9.2
- ⭐️Codebase overhaul carried at V8.4
- Right side buttons simplified and neatened
- Player collisions with torso disabled for less glitchy experience
- More bug/error fixes for smoother gameplay
- Fixed leaderboard inconsistencies, and removed all exploiters

🔥 Lift Weights To Become Bigger & Stronger!
✨ Buy Better Weights & DNA To Upgrade Your Body!
💰 Earn Coins!
🗺️ Unlock Worlds!
🏆Become The Strongest & Be On The Leaderboard!

🔔 Follow for game updates! 🔔 
✅Join the group and Like the game for FREE AUTO CLICK! 
https://www.roblox.com/groups/12641764

🎁 Premium benefits:
 - x2 Coins when selling
 - Premium Overhead
 - Premium Chat Tag!",Simulation,Incremental Simulator,mild,0,Top Rated,1,https://tr.rbxcdn.com/180DAY-c41161ab62442483e113c3cc9b1d2e78/512/512/Image/Png/noFilter,Rho Games,Group,12641764,132,120193939,757095,1208645,23061,20,2022-05-26T17:00:36.86Z,2026-01-15T16:36:09.11Z
10081194651,Pickaxe Tycoon ⛏️,"Buy a pickaxe to start mining
Convert your ores to money
Buy more pickaxes and merge to get better ones

Build a giant mining tower and collect all the pickaxes!",Simulation,Tycoon,minimal,0,Top Rated,1,https://tr.rbxcdn.com/180DAY-bb338dbf42ca1bcb7cea96890d1b6f82/512/512/Image/Png/noFilter,Popular Marketplace,Group,374857141,474,49238860,188530,504466,5105,6,2026-04-25T11:50:59.299Z,2026-07-23T16:42:41.431Z
2644656496,Haze Seas ,"
⭐ Like + Favorite the game if you enjoyed!

XBOX + MOBILE SUPPORTED!

- Fruits spawn: 60 min. Despawn: 20 min. 
- Fruits spawn in VIP Servers (5 limit)
- D. Clan gives Conq Haki
- X2 Mastery every Weekend
- 36 Fruits: Saturn, Okuchi, Wolf, Vanish, Circus, Spin, Spike, Bomb, Barrier, Paw, Smoke, Sand, String, Mammoth, Buddha, Snow, Tremor, Gas, Gravity, Flame, Shadow, Light, Operation, Ice, Electricity, Magma, Love, Gum, Darkness, Magnet, Phoenix, Soul, Leopard, Venom, Dragon, Dough

Join the community server for sneakpeeks / codes
",RPG,Action RPG,mild,0,Top Rated,1,https://tr.rbxcdn.com/180DAY-a895963d76c0a0fe907f229e34e44576/512/512/Image/Png/noFilter,[HS] Haze Studios,Group,6602131,1961,304147971,4413536,1782235,42336,12,2021-06-06T16:33:58.55Z,2026-08-26T09:54:36.697Z
10039338037,[🌽] Build A Ring Farm,"Welcome to Build A Ring Farm!

- 🌱Grow and harvest plants
- 🤖Upgrade and Expand your farm
- 💰Sell your plants for cash

Remember, your farm earns offline!

Game is new so there might be some bugs.
Like the game and join the group for rewards!",Simulation,Incremental Simulator,minimal,0,Top Rated,1,https://tr.rbxcdn.com/180DAY-a649838c10d14331168f2fdbb8c2607e/512/512/Image/Png/noFilter,Gamecreates,Group,989438225,573,230501956,2473412,794493,14334,6,2026-04-15T12:24:44.616Z,2026-09-05T13:58:39.053Z
2655311011,[⭐2X] Anime Dimensions Simulator,"🌌 MINI UPDATE:
🎁CODE: MINIUPDATE

AFK Place now gives double the rewards on weekends!
Limited Raids now rotate every week. 3 Raids will be open at once
Old Limited Costumes will automatically rotate into the shop every week
All Limited Raid Items are now in the shop permanently

The Following Characters have been buffed:
Dusk
Nyx Sword King
Hime
Shinobi (Six Paths)
Scarlet Cutter
Tengu
Mochi Boy
Sun Gomi
Zane
Dual Wielder
Cursed Sage
Chainsaw
Sora Sun God
Combat Giant
Tiger
Astral Wolf",RPG,Action RPG,mild,0,Top Rated,1,https://tr.rbxcdn.com/180DAY-52d1796d7a2a0d8a6ee000ce467d126a/512/512/Image/Png/noFilter,Albatross Games,Group,10249200,349,1426164892,3265813,2309806,60491,50,2021-06-11T06:21:45.213Z,2026-07-24T00:59:08.341Z
8842956505,Brainrot Royale 👑,"Brainrots are attacking your Town Hall! 😨

Build towers to stop the brainrots! 🏰
Upgrade defenses and survive wave after wave! ⚡
Open chests to unlock powerful new weapons! 🎁🔓

If you’re having fun, don't forget to like the game :D 👍",Strategy,Tower Defense,minimal,0,Top Rated,1,https://tr.rbxcdn.com/180DAY-f991e9e33f9ed418dbe1a449041c05ba/512/512/Image/Png/noFilter,Slime Time Studios,Group,34242037,64,74189543,177684,539767,6508,6,2025-10-01T03:54:50.687Z,2025-11-21T19:36:53.983Z
4199785916,SKYDIVE Off A TOWER! 🪂,"🪂 How FAR can you SKYDIVE?

💡 How to play:
        💵 Skydive off tower to collect cash!
        🏢 Buy floors and build the tallest tower!
        🚀 Upgrade jetpacks to increase speed!
        😄 Teleport to friends’ towers and race!

👍 Like and favorite for more updates!

Tags: race, tycoon, ragdoll, speed, parkour, clicker, simulator, obby, adventure, tower, building towers to fly farther",Simulation,Incremental Simulator,minimal,0,Top Rated,1,https://tr.rbxcdn.com/180DAY-61b9e843a8240ed541c4a1a80138403c/512/512/Image/Png/noFilter,silky_dev,User,30031949,30,123114938,2967150,757899,14149,18,2022-12-20T04:12:49.483Z,2025-12-12T21:04:44.273Z
9970645639,Run a Restaurant!,"Welcome to Run a Restaurant! 

🍔 Cook recipes and serve customers!
🪑 Build and decorate your restaurant!
🐮 Raise animals and farm crops!
🧑‍🍳 Hire staff to do the work for you!

💵 Your restaurant makes money offline! 💵

Thanks for playing! 🩵",Simulation,Tycoon,minimal,0,Top Rated,1,https://tr.rbxcdn.com/180DAY-a2dd316722eb295a7a7bfc87e054a795/512/512/Image/Png/noFilter,Burnt Toast Labs!,Group,75550158,9007,109815730,704865,512440,6538,6,2026-04-01T01:51:36.678Z,2026-09-06T19:30:59.524937Z
10368005384,My Giant Sandwich,"Make toast and other stuff to build a giant sandwich

🍞 Buy big food
🍳 Cook food in giant toasters and pans
🥪 Food is stacked up to make a giant sandwich
💸 Generate money from your sandwich
Remember, your sandwich earns offline!

See how high your sandwich can go!",Simulation,Tycoon,minimal,0,Top Rated,1,https://tr.rbxcdn.com/180DAY-41aaede064f24aadd765c23b281a6a6b/512/512/Image/Png/noFilter,Goofy Sandwiches,Group,882819480,1299,32180795,161270,464517,5416,6,2026-06-21T08:12:53.871Z,2026-07-28T21:57:02.652Z
6594435384,SpongeBob Tower Defense🍍,"Welcome to SpongeBob Tower Defense! 🌊🍍

🧽 Suit up with SpongeBob, Patrick, and the whole crew in this action-packed tower defense game where the stakes have never been higher! Legendary heroes and fierce foes face off as you unleash epic powers to defend Bikini Bottom!

⚔️ Summon unstoppable characters to obliterate waves of invaders! 
⚡️ Power up, evolve, and unleash insane attacks as you level up your squad to dominate every round!
🌌 Battle through explosive story mode or face relentless waves in endless mode to prove you've got what it takes to defend the deep!

🎉 New Updates EVERY Other Friday!

📱💻 Play on PC, Mobile, Tablet & Console – squad up with friends and show the sea who’s boss! 
🔥 Like and join the community for exclusive codes, rare rewards, and FREE VIP Servers!

©2026 Viacom. SpongeBob SquarePants created by Stephen Hillenburg.",Strategy,Tower Defense,mild,0,Top Rated,1,https://tr.rbxcdn.com/180DAY-c783ff34c9d6fe10caa4639f3e0e553e/512/512/Image/Png/noFilter,Krabby Krew,Group,34990762,548,681912408,2925439,1552299,36184,24,2024-09-24T10:53:40.05Z,2026-08-27T20:38:42.505Z
9145063979,⛏️Dig to Escape,"😨 Oh no, you got arrested! Now you’re stuck in a prison with no way out... or is there?
 ⛏️Rumor says there's a secret tunnel under the prison. Dig down to find it and escape. 
👮‍♂️ But be careful, the Guard patrols at night...

⏰ AVERAGE Playtime is 30-60m+
🎵 CHASE MUSIC by PENACORE",Survival,Escape,minimal,0,Top Rated,1,https://tr.rbxcdn.com/180DAY-8552949e1c4eb2417c9e94d1b2996231/512/512/Image/Png/noFilter,Breakout Funs,Group,280949819,3806,568861746,581811,1105134,24979,14,2025-11-10T19:24:54.03Z,2026-09-04T09:12:11.021Z
6925369391,Capybara Evolution,"Welcome to Capybara Evolution!  

UPDATES EVERY SATURDAY!

⚔️ Eat to gain levels!
🧬 Gain levels to unlock new Capybaras!
🏆 Collect Wins & Pets!


PREMIUM PLAYERS GET +10% Wins & +10% EXP

Tags: Capybara, Evolution, Cute , Monsters, Raid, Friends, Fun, Speed, Fast, Collect, Pets, Rainbow, Colorful, Rebirth, Stars, Raiding , Friends, Simulator",Simulation,Incremental Simulator,mild,0,Top Rated,1,https://tr.rbxcdn.com/180DAY-93542060b16b0fc5c9ff54d7edf76c69/512/512/Image/Png/noFilter,Capybara Evolution,Group,35325821,170,161801839,704706,854023,16565,10,2024-12-15T18:10:11.377Z,2026-08-20T07:40:01.287Z
9168386959,100 Waves Later,"Fend off the horde! Adapt your build to your weapon and skill rolls, as every wave brings deadlier zombies and boss fights. 

Unlock new classes and synergize with teammates to make it farther. How long will you survive?


💻📱 Supports Desktop & Mobile",Survival,,mild,0,Top Rated,1,https://tr.rbxcdn.com/180DAY-bd05ed57fc0af36b198e9cb068e47ac8/512/512/Image/Png/noFilter,banjo boiler room,Group,35229570,249,58951111,256625,625349,11034,25,2025-11-14T21:47:45.797Z,2026-04-30T19:01:58.319Z
6925303818,[☃️XMAS ] Goalbound,"Shift - Run
Space - Rainbow Flick
E - Tackle
E Mid-air - Intercept
Space + M1 - Header
Space + Space (IF BALL IS IN AIR) - Other Header 
M1 - Shoot
M1 + A/D - Curve shot
M1 + M2 - Shot feint
M1 + M2 Timed - Parry
M1 Timed - Volley shot(ball needs to be in the air)
Q - Dribble
T - Flow
G - Awaken 

⚽ Goalbound is a Roblox soccer game inspired by the anime Blue Lock, where players compete in intense 6v6 team-based matches to prove they're the best striker. With flashy skills, ego-driven gameplay, and training areas to sharpen your abilities, it captures the competitive, high-stakes spirit of Blue Lock in a fast-paced, anime-styled experience. 
",Sports & Racing,Sports,minimal,0,Top Rated,1,https://tr.rbxcdn.com/180DAY-7068f20e0cc26c8cca4b5108731967dc/512/512/Image/Png/noFilter,ΞGO,Group,34966374,46,73626426,271786,928010,20855,12,2024-12-15T17:54:34.227Z,2026-08-30T14:57:42.725Z
8786713187,Oil Empire🛢️,"Welcome to Refinery Empire

🛢️Place Drill to extract Oil
⛽Place Refinery to produce Oil to gasoline
🤑Wait for the best price to sell gasoline
🔪Sabotage other players!
📈Climb the leaderboards and become #1!",Simulation,Tycoon,minimal,0,Top Rated,1,https://tr.rbxcdn.com/180DAY-1b1b3a512f82a97b6327696215fdaf32/512/512/Image/Png/noFilter,My Pump Game,Group,943930401,532,118435449,288533,646155,12342,6,2025-09-23T19:02:58.073Z,2026-09-06T20:34:43.2005468Z
5803093656,Blue Heater 2 [FISH FUNLAND🎣],"Dive into the action-packed world, where every battle tests your skills, strategy, and courage! 

⚔️ Explore a vast, immersive RPG world filled with dangerous foes, hidden treasures, and epic quests.
🛡️ Master unique abilities, unlock powerful skills, and customize your character to become the ultimate adventurer.
🤝 Team up with friends or face challenges solo in thrilling PvE and PvP scenarios.
🔎 Explore treacherous dungeons filled with puzzles, hidden treasure, and relentless enemies.

Desktop, Mobile, Console, and VR platforms are supported.",RPG,Action RPG,mild,0,Top Rated,1,https://tr.rbxcdn.com/180DAY-36b280e21b32daeb87b009c244c3006a/512/512/Image/Png/noFilter,Frank Development,Group,34068311,170,24810913,433611,546262,8957,1,2024-03-27T15:36:10.41Z,2026-07-02T00:34:09.989Z
10067258922,[👑] +1 Aura Per Click,"👑 Welcome to +1 Aura Per Click

🌍 WORLD 3 & 4 EXPANSIONS OUT NOW | NEW SERVERS ONLY

⚡ Every click gives you Aura
🔥 Train Aura on treadmills
💪 Become the STRONGEST in the server
🔄 Rebirth for MASSIVE multipliers
🚀 Watch your step... one mistake sends you back

👍 LIKE and FAVORITE for future updates!",Simulation,Incremental Simulator,minimal,0,Top Rated,1,https://tr.rbxcdn.com/180DAY-e971ddc33bde9529e127fce4a99ba016/512/512/Image/Png/noFilter,Aura Software,Group,988942002,3889,93651606,5853592,376974,4111,12,2026-04-22T00:01:30.605Z,2026-09-06T18:08:17.6746429Z
4795326392,[EVENT] Pull a Sword,"Welcome to Pull a Sword!  

NEW STAGES DAILY!

🏋️ Train To Gain Strength
🥊  Pull The Swords to gain a new Swords!
🏆 Collect Wins & Pets!


PREMIUM PLAYERS GET +10% Strength level & +10% SPEED


❤️ Like the game and join the group for 20% Strength Bonus!
❤️ Like the game for updates & codes!  Free PET Code : DELAY_A_CODE

Tags: Race, Colors, Swords , Monsters, Raid, Friends, Fun, Speed, Fast, Collect, Pets, Ragdoll, Rainbow, Colorful, Rebirth, Energy, Stars, Racing, Raiding , Friends , Simulator",Simulation,Incremental Simulator,mild,0,Top Rated | More When You Subscribe,2,https://tr.rbxcdn.com/180DAY-e74f508dce4dcab108f28ef419cc4713/512/512/Image/Png/noFilter,xFrozen Obbys,Group,16908756,524,402640723,642689,1380554,38369,8,2023-06-22T10:54:44.817Z,2026-09-06T17:22:34.8718838Z
9792947201,Slime RNG,"🎲Roll for Slimes! 🍀Get lucky! 🔓 Unlock new worlds!

✨ Roll for rare slimes
⬆️ Upgrade your slimes!
⚔️ Fight enemy slimes!
🌍 Unlock new worlds!
👥 Play with Friends for more luck!

👍 Like the game and join the group for +1 Luck!

🔔 Follow for updates and special codes!",Simulation,Incremental Simulator,minimal,0,Top Rated,1,https://tr.rbxcdn.com/180DAY-2f7978b674aeb4273e19ba6fa25bb846/512/512/Image/Png/noFilter,Stouts Studio,Group,15794692,602,534476077,3516263,813931,19716,10,2026-02-25T04:41:48.19Z,2026-08-22T22:04:07.702Z
10253446435,[🪓] My Wood Farm ,"Welcome to My Wood Farm! 🪓

- 🪓Axe Trees For Wood
- 🤖Upgrade and Expand your plot
- 💰Sell wood for cash

Remember, your axes farm wood offline!🤑

Like the game if you enjoy it !👍",Simulation,Tycoon,minimal,0,Top Rated,1,https://tr.rbxcdn.com/180DAY-b9dbc67bc30612407cebb8a50a133a31/512/512/Image/Png/noFilter,Did I Axe,Group,308844184,3717,16922493,85533,358264,3615,6,2026-05-31T20:50:00.412Z,2026-09-04T19:49:34.082Z
8937254139,Dungeon Hunters [UPD],"😈 Monsters have invaded the whole world! 
💥 Team up! Fight back! Defeat the monsters!

🎮 How to Play:
🚪 Random Rooms! What awaits behind the next door? Treasure or Terror?
💪 Fight & Survival! 76 Types of Monsters have invaded! Use Powerful Skills to lead your team to escape!
⚔️ Gacha & Collect! 19 Powerful Weapons to Unlock! Build your unbeatable equipment!
👑 Upgrade & Conquer! Grow stronger to Unlock New Worlds and take on greater challenges!

🔓 Code: NEW, 100liKES, 1K_LiKes, 5K_lIKes, 12K_LiKes, k25lIkES, 50liKeS_k, 120kLIKes, 200K_liKEs, k300_LIkEs
Next Code at 500k likes!

❤️ Love the Game? Support Us!
Like and favorite for updates! Join our group for exclusive CODES and new content!

🏷️ Tags:
Action RPG, Roguelike, Competitive, PvE, Fight, Survival, Summon, Upgrade, Trait",RPG,Action RPG,mild,0,Top Rated,1,https://tr.rbxcdn.com/180DAY-ba783794bd8b5ab430a9751c3ae46870/512/512/Image/Png/noFilter,The Evac Syndicate,Group,267597868,1278,223587717,1811084,489452,8216,20,2025-10-13T05:44:34.117Z,2026-08-26T02:38:46.521Z
7629884826,Cage Fishing 🐟,"Cage Fishing 🐟

UPDATES EVERY SUNDAY!

Build your ultimate fishing empire with with cages! Drop cages into the ocean, lure in wild fish and reel in monsters of the deep! Upgrade your plot for luckier catches, stack up rare loot, and SELL your fish to become wealthy! 💰

Flex MYTHIC and SECRET fish caught straight from the wild! 🎣

⌛ Sink your cages before leaving to keep catching fish while your away!

⭐Lagging? Join a free private server!

👍 Like, favourite and follow if you enjoyed the game!",Simulation,Tycoon,minimal,0,Top Rated,1,https://tr.rbxcdn.com/180DAY-4fbe47059d953e1f4c2d14496bdd0d61/512/512/Image/Png/noFilter,Pearl Point,Group,36015918,464,89677847,563732,575380,10473,5,2025-05-02T03:42:04.027Z,2026-09-06T16:48:49.9650096Z
9155036056,Craft Food,"Welcome to Craft Food!

How to play:
🥕Buy ingredients
💭 Combine ingredients to unlock new recipes
🧇Place food
💰Profit

🍔 Over 800+ recipes to unlock
🔁 Trade cheap food for better ingredients

👍Like the game and join the group! 

🥭[Update] 8/24
+ Added Mango
+ Added 30 recipes

🍬[Update] 8/5
+ Added 21 recipes
+ ⚙️We have made several system improvements.
+ ⚙️You can now visit other player's islands.

🥥[Update] 7/17
+ Added Coconut
+ Added 30 recipes
+ 🎮Console

Enjoy cooking!
",Simulation,Tycoon,minimal,0,Top Rated,1,https://tr.rbxcdn.com/180DAY-6b191466325555bb51708d4d2c2e7cbd/512/512/Image/Png/noFilter,Craft Food,Group,438424221,507,107917761,260637,406723,5581,5,2025-11-12T14:44:44.543Z,2026-08-24T15:49:38.938Z
4793836769, [JDM UPDATE]🚗Midnight Chasers: Highway Racing,"✨Thank you for 960,000! Next code at 980000 Likes!
✨Current Code: ""ThanksFor960k"" 

Welcome to Midnight Chasers! This is a no hesi game where the goal is swerve in and out of traffic with fast supercars, hyper-cars, or even regular cars! You can cut up through traffic, or go on a regular drive! We have a large choice of vehicles, cars, motorcycles, and much more! Join for the best highway cut up simulator on Roblox!🏍️

🥇Joining the group will give you 25% cash boost!
🥇VIP Gamepass will give you 50% cash boost!
🥇Premium members will get a tag in-game!

🚗Swerve in and out of traffic without hesitation!
🏁Race and reach speeds while pushing the limits of your cars!
🥇Explore highways and cities with your friends!
✨Host meetups & showcase your prized vehicles!

All rights reserved. Other trademarks referenced are the property of their respective owners. Use of these marks does not imply affiliation.",Simulation,Vehicle Sim,minimal,0,Top Rated | More When You Subscribe,2,https://tr.rbxcdn.com/180DAY-77fe21f900b63177ef2bb9dbaf91341a/512/512/Image/Png/noFilter,Midnight In-dev,Group,16528477,3438,306727141,6480742,965622,24706,14,2023-06-21T21:07:05.223Z,2026-08-29T17:56:50.062Z
6052033819,[UPD🍓] Cake Off!,"🎂 Welcome to Cake Off! 🧁

If you enjoy the game, don’t forget to 👍 Like, 💞 Favorite, and 🔔 Follow Us!

Tags: Baking, Chef, Restaurant, Cooking, Cute, Kawaii, Chibi, Kitty, Show Off, Icons, Famous, Fame, Fashion, Makeup, Beauty, Dress Up, Compete, Work At, Cake, Birthday, NYX, Professional Makeup, Event, Collaboration, Lipstick, Eyeshadow, Glam",Party & Casual,,minimal,0,Top Rated,1,https://tr.rbxcdn.com/180DAY-c3405a79227bed2867c45aaaa8bca2b4/512/512/Image/Png/noFilter,| Flipping Frogs |,Group,34190136,386,129476962,5812874,666074,15599,8,2024-05-30T17:47:40.927Z,2026-08-31T18:20:15.862Z
5682590273,👺Demon Warriors,"👺Choose your favorite character from ""Demon Slayer"" and train to become the strongest warrior ever.

💫 Feature: 
(1) Team up and fend off demon waves
(2) Collect weapons, pets and characters 
(3) Master Breath Styles and Blood Demon Arts 

📜 Info: 
Current Characters: 20+",Simulation,Incremental Simulator,mild,0,Top Rated,1,https://tr.rbxcdn.com/180DAY-5dad4e063a2b510aa46d0cb662af344d/512/512/Image/Png/noFilter,Yes Madam,Group,33799733,82,57283261,239883,582464,10572,8,2024-02-24T05:59:34.393Z,2025-07-23T09:24:11.11Z
7474367816,Climb and Jump Tower [NEW WORLD],"Welcome to Climb and Jump Tower! 

In this thrilling game, you and your friends will tackle daring heights, scaling iconic landmarks like the Eiffel Tower, Statue of Liberty, Leaning Tower of Pisa, and the Pyramids. 

How to Play:

🧗Climb Challenges🧗
💰Collect Coins💰
🐦Unlock Wings🐦

How to play:
🧱Build and climb 🧱
👻Complete spooky stages 👻
🌟Earn Golden Brick Tokens🌟

Join our group and like our game, please!

",Simulation,Incremental Simulator,minimal,0,Top Rated | More When You Subscribe,2,https://tr.rbxcdn.com/180DAY-9b87d1a1c4729790a926db1a76760518/512/512/Image/Png/noFilter,Climbing World,Group,35819292,4924,1102080165,1402022,1292466,36321,20,2025-04-02T02:03:08.21Z,2026-09-07T00:19:58.6692625Z
9893515490,☢️ Nuke Your City,"☢️ Welcome to Nuke Your City! ☢️

☢️ Grow Your Nuke!
💥 Explode your Nuke & Control the Destruction!
🛠️ Buy New Machines & Upgrades!
👑 Rebirth & Unlock Research Upgrades!


-- 🚨Your Explosives Grow Offline! 🚨 -- 

Don’t forget to 👍 like and ⭐ favorite!",Simulation,Tycoon,minimal,0,Top Rated,1,https://tr.rbxcdn.com/180DAY-573e17dc5056441628850050e3a881db/512/512/Image/Png/noFilter,Nuclear Fun,Group,476026804,353,57183145,1312309,429098,7181,6,2026-03-16T14:40:52.345Z,2026-09-07T03:23:13.5478709Z
5836869368,Anime Defenders,"Welcome to Anime Defenders - a highly anticipated Anime Tower Defense game!

🔥 Enter the world of Anime Defenders and summon your favorite heroes!
⚔️ Deploy powerful units and activate their unique abilities to defend against relentless enemy waves!
🏆 Master challenging levels or prove your skills in infinite mode for ultimate victory!

⚠️ WARNING ⚠️
Exploiting is strictly prohibited and will result in a permanent ban. We do not appeal our bans.

📱💻Supports Desktop, Mobile and Tablet players
🏆 Like and Join the group for a Gem boost
and FREE VIP Servers!

Made with ❤️ by Small World Games & Oakley",Strategy,Tower Defense,minimal,0,Top Rated,1,https://tr.rbxcdn.com/180DAY-2ef69e4e4d0be01a2b12ecb16536d54f/512/512/Image/Png/noFilter,Small World Games x Anime Defenders,Group,34121350,265,3433359611,919245,2025593,68886,30,2024-04-05T09:05:37.533Z,2026-06-16T02:25:40.377Z
5196146334,Pull Up Simulator,"🎁 LIKE THE GAME FOR NEW FREE OP PET! 👍

Welcome to Pull Up Simulator, The BEST lifting simulator on Roblox! ⏰ Updates every week! 

💪 Train to gain strength
🏋️ Equip the every dumbell in the gym
🎌 Pull up against NPC's to win
🔄 Rebirth to ranking up!
🏆 Collect wins & pets!

PREMIUM PLAYERS GET +10% STRENGTH BOOST!
GROUP MEMBERS GET FREE OP PET!
INVITE YOUR FRIEND AND GET A BOOST!

DO YOU LAG? USE a FREE VIP SERVER ❤️

If you enjoyed this game, don't forget to 👍 Like, ⭐ Favorite and 🔔 Follow!",Simulation,Incremental Simulator,minimal,0,Top Rated,1,https://tr.rbxcdn.com/180DAY-0103ae72092815cfb51fb5c8cfab5166/512/512/Image/Png/noFilter,Mega Simulator Games!,Group,14321700,17,125605653,8657695,631858,15024,10,2023-10-15T17:28:50.95Z,2026-07-01T16:13:53.229Z
7882829745,[Part 4] Anime Eternal,"Welcome to Anime Eternal!

💖 Use Code: ""Update60Part4""
💖 Use Code: ""Update60Part3""
💖 Use Code: ""Update60Part2""
💖 Use Code: ""Update60""
💖 Use Code: ""Update59""

🌍 Explore Iconic Anime Worlds!
⚡ Tap to Gain Energy – every click brings you closer to power!
⭐ Open Stars to collect powerful Champions!
💥 Battle Enemies to earn Resources, unlock Avatars, and discover rare items!
🚀 Rank Up. Level Up. Upgrade Everything!

📱 Available on Desktop, Mobile, Tablet and Console!",Simulation,Incremental Simulator,minimal,0,Top Rated,1,https://tr.rbxcdn.com/180DAY-aecd4d4e99798b1214b57031f738b0ce/512/512/Image/Png/noFilter,New ProjectR,Group,34873522,674,360232970,983404,481145,9372,10,2025-06-10T07:25:47.243Z,2026-08-29T10:39:25.607Z
9256910782,🚀 Spear Training!,"🎯 Welcome to Spear Training!
Are you ready to become a legendary marksman? 🚀

Train, aim, and hurl your way to glory in this high-octane throwing adventure. Build massive strength, unlock mythical spears, and shatter distance records to reach hidden lands!

Don't just throw — STRIKE WITH THE POWER OF THE GODS!

🎁 Exclusive Rewards
Use Code: release, upd, potions, morepotions, lavaevent
🔥 LAVA Event 🔥
---------------
 + 1 New EVENT World
🥚 2 New Eggs
💪 20+ Spears
🐶🎯 LIMITED TIME PETS AND SPEARS OP!
✨ QoL Updates
🐛 Bug Fixes
🗞️ New Code! (lavaevent)
And more!

🎮 How to Play

💪 Train to gain Strength.
🐶 Collect: Hatch powerful pets to multiply your gains!
🎯 Launch: Throw your spear to earn massive Cash!
⚔️ Upgrade: Unlock legendary Spears with unique trails!

Tags: Pet, Spear, Javelin, Throwing, Simulator, Eggs, Fun, Cool",Simulation,Incremental Simulator,minimal,0,Top Rated,1,https://tr.rbxcdn.com/180DAY-799cf06e8dc456a42f1113f4e23d97e9/512/512/Image/Png/noFilter,Broke Boys Games x Spear Training,Group,359889534,50,53848918,3088348,376912,5859,10,2025-11-28T05:33:15.817Z,2026-07-19T10:30:01.999Z
10376944238,Build Your Backrooms,"🛠️ Build your incredible backrooms maze.
👥 People will enter the maze.
😈 Put monsters in the maze to catch people.
⭐️ Collect cool buildings and strong monsters for more cash.
🔍 Enter your maze or someone else's maze to explore.

✅ Monsters catch people even offline. ✅",Simulation,Tycoon,minimal,0,Top Rated,1,https://tr.rbxcdn.com/180DAY-956a35cd340db42e3e8281a86ad6de4f/512/512/Image/Png/noFilter,Wind Sun Moon [WSM],Group,480951000,3859,47887086,278473,482183,9603,6,2026-06-22T16:29:40.706Z,2026-09-05T06:35:45.72Z
3808223175,[⚖️JUDGEMAN] Jujutsu Infinite,"📱💻🎮 Available for all devices! (MOBILE, PC, CONSOLE)

👍⭐ Like and favorite the game for more updates!

🌠 2X EXP active on weekends!

⚖️Judgeman Rework: New rework for judgeman, and other quality of life changes!

[ INFO ]
Explore the vast open world, extinguish deadly cursed spirits, fight other sorcerers and curse users, find valuable cursed objects and explore the wide arsenal of cursed techniques!

[ CREDITS ]
Robuyasu - Owner / Project Director, Lead Programmer, VFX, Sound Design, Animator, Game Designer
X_rnas - Lead Builder, 3D Modeler, Animator, VFX, Programmer, Game Destroyer
Orebloxx - Lead Animator, Artist, VFX, Programmer, Game Designer
scronge_mCduk - Lead Community / Social Media Manager, Game Designer
Mr_Supernal - Lead Game Balancer, Head Moderator, Head Tester, Game Designer ",RPG,Action RPG,mild,0,Top Rated,1,https://tr.rbxcdn.com/180DAY-e8111c0eeb7509d12c25ce89922166f8/512/512/Image/Png/noFilter,Awesome Ninja Games,Group,15557357,874,720074750,3243246,1826121,60177,12,2022-08-02T10:32:02.04Z,2026-09-03T14:56:06.692Z
8214054500,🚀 Build a Car,"Build a vehicle! How far can you go?

BUY blocks, fuel, wheels, engines! ✨
Earn cash and UPGRADE! 💸
Build anything you want! 🔨

Your car drives OFFLINE, and makes you money! 💤",Simulation,Sandbox,minimal,0,Top Rated,1,https://tr.rbxcdn.com/180DAY-17adfc36db91cc3362e9c0821759064d/512/512/Image/Png/noFilter,SUPER SUPER FAST,Group,707609107,733,142260039,422997,1082489,27453,6,2025-07-20T20:50:25.893Z,2026-06-29T05:31:17.962Z
6720585148,[UPD!] Ride A Cart Down A Slide,"Welcome to Ride A Cart Down A Slide!

How to play:
- 🚗 Ride your cart to gain distance
- 💰 Use this distance to buy more carts 
- 💲 Reach the end for a distance multiplier!
- 💣 Use the gun to explode other carts!

🎁Like the game for updates and future rewards!",Simulation,Incremental Simulator,mild,0,Top Rated,1,https://tr.rbxcdn.com/180DAY-33fe2b8b4a891671c0d8814dcac8d436/512/512/Image/Png/noFilter,amazing fish games made by fish,Group,14585821,165,154655413,2574506,1010029,27660,20,2024-10-26T10:44:34.327Z,2026-06-28T12:55:24.674Z
8659262047,Dangerous ATV Driving,"🔥 Welcome to Dangerous ATV Driving! 🔥

🚗Drive through dangerous Western Cliffs, to shark-infested Sandy Beaches, giant Snowy Mountains, and much MORE!
✅Arrive at checkpoints, complete worlds, earn 💸 and BUY your first brand-new ATV!
⏳Race AND ride with your friends. Find rare hidden badges in EACH map!
There are 8 UNIQUE maps, can you COMPLETE all of them❔

🤔Do YOU have what it takes to conquer these dangerous roads❓

👍 Join our community and like the game for a FREE Golf Cart!",Obby & Platformer,,minimal,0,Top Rated,1,https://tr.rbxcdn.com/180DAY-c99a7a180a94c3b0683e510fa14cabfd/512/512/Image/Png/noFilter,Quick Pix,Group,33007681,1786,119569092,1178277,488686,9939,12,2025-09-07T14:10:34.067Z,2026-09-06T11:42:53.4612111Z
8572854650,Be a YouTuber! 🔴🎥,"Welcome to Be a YouTuber! 🔴🎥

start small → build big → get rich.

How to Play:
📷 Record videos!
📁Upload videos & earn CASH!
💸 Buy YouTubers who work for you!
🔨 Expand your plot!
🐦‍🔥 Create an Empire!


⭐Use code ""release"" for OP rewards!


Updates coming soon!


This game is a fan-made experience inspired by content creation. We are not affiliated with or endorsed by YouTube™",Simulation,Tycoon,minimal,0,Top Rated,1,https://tr.rbxcdn.com/180DAY-aa18836e9686d22a1ea771b5e1240514/512/512/Image/Png/noFilter,IM A YOUTUBER,Group,476287845,385,128223807,882873,475652,10562,6,2025-08-28T20:43:10.65Z,2026-09-05T14:02:14.718Z
8283159479,🚜 Build a Tractor ,"Welcome to Build a Tractor!

🚜 Buy parts and customize your tractor
⛰️ Survive and explore new biomes 
🤑 Cut grass and get rich!

👍 Like the game and join the group
💸 Your tractor cuts offline and makes you money!",Simulation,Sandbox,minimal,0,Top Rated,1,https://tr.rbxcdn.com/180DAY-c003ecc5a593906984390f7445eff9ac/512/512/Image/Png/noFilter,tractor games!,Group,358941682,82,41811359,125654,381608,5604,5,2025-07-28T14:51:37.837Z,2026-05-22T16:44:57.222Z
7074860883,ARISE 1.0 [🚨STATUS: IN DEV ],"ARISE 1.0 | STATUS: IN DEV

🚧 We are starting the development of the official 1.0 version
👥 The team responsible is already being assembled
🚀 The beginning of something much bigger is in the making

👍 Use the code: 1BGZIRU
🚨 CODES 🚨
👍1.2MLIKES
👍BURNINGMONARCH
👍BURNINGSOUL
👍BURNINGWINTER
👍BLAZING
👍FIRE
👍FPSBOOST
👍GRAIL
👍SERVANTS
👍GRAILWAR

You wake up and discover an incredible power: the ability to turn your enemies into shadows 🖤 that fight by your side! Do you have what it takes to become the SHADOW MONARCH? 👑  

🔥 Summon Shadows to fight alongside you!  
⚔️ Conquer Dungeons and earn amazing rewards! 💎  
🌍 Explore the World with SHIPS 🚢 and FLYING MOUNTS 🦅!  
👫 Team up with friends for guaranteed fun! 🎉  

The adventure starts now—are you ready? 🚀  
Inspired by: Inspired by the anime SOLO LEVELING!",Simulation,Incremental Simulator,minimal,0,Top Rated,1,https://tr.rbxcdn.com/180DAY-553cb004edf72178c65fe59edfbf889a/512/512/Image/Png/noFilter,CL GAMES!,Group,34644452,271,1012437436,2742290,1291605,41352,12,2025-01-12T03:37:08.22Z,2026-08-19T10:22:19.13Z
7332711118,Brainrot Evolution,"Welcome to Brainrot Evolution!  

UPDATES EVERY SATURDAY!

⚔️ Eat to gain levels!
🧬 Gain levels to unlock new Brainrot Evolutions!
🏆 Collect Wins & Pets!


PREMIUM PLAYERS GET +10% Wins & +10% EXP

Tags: Brainrot, Brainrot Memes, Memes, Evolution, Cute , Monsters, Raid, Friends, Fun, Speed, Fast, Collect, Pets, Rainbow, Colorful, Rebirth, Stars, Raiding , Friends, Simulator",Simulation,Incremental Simulator,mild,0,Top Rated,1,https://tr.rbxcdn.com/180DAY-a4c848f2edfa599d71c56e4d6815b3c4/512/512/Image/Png/noFilter,Brainrot Evolution,Group,35325835,1889,1879935654,2472953,1975768,65123,6,2025-03-05T12:31:51.16Z,2026-09-05T14:14:45.762Z
10123898404,🌊+1 Magic Evolution,"GO! GO! GO! QUICKLY PRESS THE BLUE BIRD IN GAME IN THE TOP RIGHT CORNER AND TYPE ""JOIN EVENT"" FOR EPIC LAVA SHOES!!!

🔥 This is +1 Magic Evolution!

✨ Every click gives you Magical Power!
🎯 Train by shooting Training Boulders!
💎 Click to Level Up and Rebirth!
🧟‍♂️ Watch out for Strong Enemies!
⚔️Use your Skill to Defeat Bosses!
💰Get Loot and Pets to Become the Strongest! 🐺
👑 Get wins for better Staffs and Wands! 🪄

👍 Like & Favorite for future Updates!",Simulation,Incremental Simulator,mild,0,Top Rated,1,https://tr.rbxcdn.com/180DAY-36793affa969b07c4e77a0603a45c706/512/512/Image/Png/noFilter,Me & You Studios,Group,7955090,282,33718033,1311467,315526,4286,12,2026-05-04T19:54:39.609Z,2026-09-04T22:01:08.832Z
7332812970,Motorcycle Racing 🏍️,"⏰ Hero Event is starts at 6 PM UTC and ends at 7 PM UTC! Don't forget to log-in!

Welcome To Motorcycle Racing🏍️!
🏁Race to gain Wins!
🏍️Buy OP Bikes with Wins!
💪Train with your 🏍️ to gain Energy to go faster!
🥚Hatch Rare OP Pets to gain more Energy!
🌐Collect Pets And Dominate the leaderboards!

❤️ Join the group for group rewards!
😎 Premium Benefits: +10% Wins!
✨ Have fun, and Thanks for Playing! If you enjoy the game, don't forget to 👍 Like, ⭐ Favorite and 🔔 Follow! ",Simulation,Incremental Simulator,minimal,0,Top Rated,1,https://tr.rbxcdn.com/180DAY-a4635867552f8e6543bef84dde07affb/512/512/Image/Png/noFilter,Funny Simulаtors,Group,33129850,213,69576437,2560255,311535,4082,10,2025-03-05T12:59:37.84Z,2026-09-04T20:01:28.241Z
7618444254,Horse RNG 🐎 ,"🐴 Welcome to Horse RNG 🐴 

Buy food from the shop, breed your horses, unlock unique & rare breeds, and then sell or race them to make money! 

How to Breed Horses:
- Buy Food with a High Enough Level
- Feed the Two Horses You Want To Breed
- Wait for the Baby Horse to Grow Up
- Sell it or put it on the podium at the front of your plot to make it your race horse!

Your horses literally grow up while you're offline!",Simulation,Incremental Simulator,minimal,0,Top Rated,1,https://tr.rbxcdn.com/180DAY-e82647bba2b8350742793f15e3078d6e/512/512/Image/Png/noFilter,Tou Interactive,Group,35933367,226,40437619,733628,402220,7626,6,2025-04-29T19:58:04.113Z,2026-09-06T21:57:49.7066463Z
9619492068,[UPD] Titan Fishing,"Welcome to Titan Fishing!

This game is inspired by the movie “Câu Cá Vạn Cân”, known in English as “Fishing for Ten Thousand Pounds.”

Go and learn ultimate skills to defeat massive fish weighing up to thousands of kilograms!!

🎁Join the group to get an awesome fishing rod skin right away!",Simulation,Incremental Simulator,minimal,0,Top Rated,1,https://tr.rbxcdn.com/180DAY-9876c0ca3087b0363f9e187a976342fe/512/512/Image/Png/noFilter,Game Noob Studio,Group,1066523035,199,50978398,355955,402316,8302,8,2026-01-25T03:09:35.13Z,2026-09-05T13:44:51.616Z
8753020985,+1 Speed Per RNG🎲,"✨ Welcome to +1 Speed Per RNG! ✨

Every roll of the dice 🎲 boosts your speed ⚡… will you just get a little faster or break the sound barrier like a true lightning bolt? 🌪️
It’s all up to luck 🍀!

🔹 Reach INSANE speeds 🚀
🔹 Unlock powerful multipliers 🔥
🔹 Race with friends 👥
🔹 Become the FASTEST on the server 🌍

Ready to stop crawling 🐌 and dash into legend like a speed beast 🦅?

© JOFO Games 2025 – Copyright Notice
Do not copy. Any unauthorized use or reuploading will be reported to Roblox.",Simulation,Incremental Simulator,minimal,0,Top Rated,1,https://tr.rbxcdn.com/180DAY-23be094de72c9e7cdbeb5d491ee4e760/512/512/Image/Png/noFilter,JOFO Games,Group,15340279,17,15487955,849610,494700,11743,24,2025-09-19T21:15:29Z,2026-07-28T12:51:21.672Z
9754968779,[💖] +1 Health Per Click,"⚡ Welcome to +1 Health Per Click

💖 Every click makes you stronger
💪Train on treadmills 
🌍Become the STRONGEST on the server 
🚀But be careful… one misstep and you’ll be back at the start

👍 LIKE and FAVORITE the game for more updates!",Simulation,Incremental Simulator,minimal,0,Top Rated,1,https://tr.rbxcdn.com/180DAY-d2df35da59f5500acbe10a0ef57d77da/512/512/Image/Png/noFilter,Who owns this? Games,Group,723613461,514,60306530,2876692,427251,9463,12,2026-02-19T00:49:21.123Z,2026-09-07T00:57:48.6502839Z
4543505495,Run Star Simulator [Tung World],"Welcome to Billy Run Simulator, the exciting world of athletics racing simulator! 

💪 Training to amassing strength 💪
🏃 Swift Sprinters🏃 
🐶 Collect Pets 🐶

New Code: billy

Join The Group For Codes & Report Bugs!
Join ""RunStar Simulator"" today and let the training begin!

Mockbyrd Presents",Simulation,Incremental Simulator,minimal,0,Top Rated,1,https://tr.rbxcdn.com/180DAY-82be9a39a070ac4e0e37324088722d2c/512/512/Image/Png/noFilter,BestBunny,Group,15150189,20,124909146,180948,413519,9172,20,2023-04-04T09:10:23.047Z,2025-05-21T01:37:34.757Z
5972059550,Gym League ,"Welcome To Gym League! 🔥
A Bodybuilding Simulator with realistic muscle physics and competitions.

Private servers are now available!

☁️ This game is still under development. Please report bugs from the in-game feedback menu at the top right corner of the screen.

🏋️‍♂️ Train Muscles!
🏁 Join Competitions!
💪 Unlock Bodies!
💥 Reroll Auras!
🌟 Open New Gyms!
BECOME THE BEST!

Join our Group and Like the Game to support us and special in-game rewards!",Simulation,Incremental Simulator,minimal,0,Top Rated,1,https://tr.rbxcdn.com/180DAY-cd25f75b83017a11f366c5494d85a848/512/512/Image/Png/noFilter,1v2 Studios,Group,34287998,969,821036452,3937902,1108504,39072,8,2024-05-10T23:19:30.19Z,2026-09-07T00:42:24.9699686Z
9751740164,[X2] +1 Jump Keyboard Escape,"🎀 Join the Clicky Experiences group to unlock FREE gift in-game!

🦘 Welcome to +1 Jump Keyboard Escape 🦘

⚡ Every jump = +1 Jump
🤸🏻 Run, jump, and escape across a world made of customizable keys
💪 Train your jump and unlock powerful multipliers
👥 Bounce along friends and other players
🌍 Become the JUMPIEST on the server

🎧 ASMR vibes included
Smooth movement, satisfying keyboard clicks, creamy visuals, and relaxing sounds for a perfect mix of jump & chill ✨

© 2026 DEVENT Inc. All rights reserved. This experience, its assets, and its design are protected by copyright. Unauthorized copying or redistribution will be reported.",Simulation,Incremental Simulator,minimal,0,Top Rated,1,https://tr.rbxcdn.com/180DAY-470a62e947b09454b6f93d012111683e/512/512/Image/Png/noFilter,Clicky Experiences,Group,861592566,81,28442033,129582,290975,4072,22,2026-02-18T13:51:43.85Z,2026-08-24T00:29:39.699Z
4518160318,Mansion Tycoon 🌴🏠,"👍 Like and favorite the game to show us you want more mansions! 👍

Build a mansion, penthouse, or yacht, drive cool cars, race your cars at the race track, roleplay with other players, and so much more in this epic mansion tycoon! 

🔔 Press the follow button so you don't miss out when new updates drop!

🌟 Premium users earn 20% more money! 🌟
🌟 Join the Capybara's Productions group and verify in the game to receive a free $10k! 🌟",Simulation,Tycoon,minimal,0,Top Rated | More When You Subscribe,2,https://tr.rbxcdn.com/180DAY-b8ec2a62caa1cac9dd8f2072e1eeb1f2/512/512/Image/Png/noFilter,Capybara's Productions,Group,16890920,1561,646594481,1172098,711408,21727,8,2023-03-26T21:52:23.157Z,2026-06-05T17:24:28.93Z
8218591943,Dive into a Pool 💧,"🤿 Welcome to Dive into a Pool!

👍 Like the game & join the group

How to Play:
🏊 Dive into a poll!
💰 Upgrade your Diving Board!
🤸‍♂️ Jump from a higher place!
🎉 Rebirth to boost progress!

🚀 Launch Code: dive

tags: dive, pool, jump, death diving, race, training,  simulator, simulation, pet, buddy",Simulation,Incremental Simulator,minimal,0,Top Rated,1,https://tr.rbxcdn.com/180DAY-767559aa2dd7b4e51addc2ec88ff7cb8/512/512/Image/Png/noFilter,LDS III,Group,36093006,125,36928204,149887,285462,3870,6,2025-07-21T11:13:14.39Z,2026-05-22T05:34:40.951Z
5295169598,Ultimate Home Tycoon 🏠,"🏠 Build your Ultimate Dream Home! 🔨 Create, Share, & Sell the Home or Mansion of your Dreams by Customizing every detail with Furniture, Appliances, and Home Decor that reflects your Unique style!
👍 Like the Game & Join the Group for 10% more Cash! 💰
💵 Earn x2 Cash during the Weekend! ⭐️
📢 Use Code '480kLikes' & 'HALT' for a FREE Rewards! 
👍 Next Code at 490,000 Likes! 

😊 Hang out with your Friends, Meet new People, & Roleplay within each others Dream Homes!
🚗 Drive, Collect & Showoff your Dream Cars!
🏁 Race Against your Friends to earn Cash Rewards!

⭐ Private Servers are FREE! If you're Lagging, feel free to get one! ⚠️
💖 Premium Users get 25% more Cash! 💰

💾 All Tycoon Progress is autosaved so you can resume back at any time! 💾

🔔 Hit the FOLLOW button to get notified about Updates! 🔔

📱 Follow us on X & Join our Community down below!",Simulation,Tycoon,minimal,0,Top Rated,1,https://tr.rbxcdn.com/180DAY-2d548e549bcca9a3c15fbb445eeb718a/512/512/Image/Png/noFilter,Ultimate Home Tycoon,Group,33123237,636,253056818,2233577,487678,12355,16,2023-11-14T02:27:36.467Z,2026-09-02T07:14:02.498Z
9485131494,[⚡] Hyper Speed Runner,"Run, gain EXP, level up and unlock super speed! Every step makes you stronger and faster. Train, upgrade your gear and compete in exciting race challenges to reach max speed.

How to play:
🏃 Run to gain EXP and level up
⚡ Increase your speed every level
🏁 Compete in speed races
💤 Train on AFK treadmills and earn EXP while idle
👟 Buy boots, auras, trails, and other upgrades
💰 Upgrade your wallet to earn more rewards
🌍 Reach new areas and run farther than anyone else

💎 Features:
Speed simulator progression
Powerful gear upgrades
AFK training and idle farming
Awesome auras and trails
Challenging race simulator gameplay
Climb the leaderboard and become the fastest runner
Roblox Premium subscribers grants 50% EXP Boost!

🏆 Train hard, get stronger and reach infinite speed!
👍 If you enjoy running games, speed parkour simulators, obby racing simulators, AFK training games, and progression simulators, this game is for you.",Simulation,Incremental Simulator,mild,0,Top Rated,1,https://tr.rbxcdn.com/180DAY-e2e22f003f643153524d1855ea7d939d/512/512/Image/Png/noFilter,Hyper Speed Community,Group,201440209,1184,87925218,434461,353074,7179,20,2026-01-02T00:12:07.283Z,2026-04-11T23:24:57.987Z
6216468795,Weak Legacy 2 ,"Choose between fighting for humanity or fighting alongside the Demons. 

Weak Legacy is a game inspired by the show of ""Demon slayer""

 🚨600K LIKES FOR NEXT CODE! 🚨

2X Drop Rates are AUTOMATICALLY applied every saturday-sunday
 -----------------------
 Current Supports:
 Mobile
 PC
Xbox
PlayStation
 -----------------------
 Keys [PC]:
 Q-Dash
 Q (while stun) - Evasive Dash
 W²x - Run
 G - Charge Breathing
 Space - Climbing
 Holding Space While M1 - Air Combo
 M - Menu
 -----------------------
 Shutdown = Bug Fix/Update

 game in beta

 If you have any kind of bugs, please report them on the Disco server.",RPG,Action RPG,mild,0,Top Rated,1,https://tr.rbxcdn.com/180DAY-7faae4baf10fd8ec8fb1e264eb1dba5e/512/512/Image/Png/noFilter,Weak Games Corp.,Group,34970628,159,155621291,233405,548676,15012,15,2024-07-04T23:14:20.577Z,2026-05-31T01:16:06.29Z
9384605736,[🎩] Knockout! 🐧,"❌You can't see their aim 
❌ You can't see their power 
✅ Last one on the ice wins!

👊 Predict and out-maneuver to be the last penguin standing! 🐧
🏆 Unlock skins by winning ice! 🧊

Owning a private server gives you admin commands within them!
⚠️ New game – updates coming often!
👥 Join the group for updates & rewards:
https://www.roblox.com/communities/5268948",Party & Casual,Minigame,minimal,0,Top Rated,1,https://tr.rbxcdn.com/180DAY-161ec7a84116c5675aec656dbda59aa1/512/512/Image/Png/noFilter,braxworks,Group,5268948,819,1044219655,17181013,2718309,110208,12,2025-12-19T19:25:28.177Z,2026-09-01T14:40:20.533Z
5166944221,[UPD] Death Ball,"Deflect the ball, unlock champions, climb the ladder and become the best player in the world in this fast paced PVP game!

⚠️ WARNING ⚠️
Exploiting and farming is strictly prohibited and will result in a permanent ban. We do not appeal our bans

📱💻Supports Desktop, Console, Mobile and Tablet players
🏆 Like and Join the group for a boost
and FREE VIP Servers!

Made with ❤️ by Small World Games

tags: minigame, battle game, pvp, multiplayer, abilities, dodgeball, sports, mobile, console, xbox, pc, ball",Action,Battlegrounds & Fighting,mild,0,Top Rated,1,https://tr.rbxcdn.com/180DAY-6fe9d019fc3a51920c40a013e58494ec/512/512/Image/Png/noFilter,⨯ Small World Games,Group,17140361,6450,1614041429,1743349,2962060,119886,25,2023-10-08T05:12:53.817Z,2026-09-05T15:39:02.391Z
9382839773,[🔮Frieren] Lineage Piece,"[ Lineage Piece ]

📢 Join the community for updates & codes!

🖥️ Playable on PC & Mobile & Console

A bandit beater game you’ll actually enjoy.

Max Level: 7000

🛠️ Developed by @Prueknoob001 , @Java0520
📌 Shutdown = Updates / Bug Fixes",RPG,Action RPG,mild,0,Top Rated,1,https://tr.rbxcdn.com/180DAY-f5e863d101f052f347785ed60c7a8307/512/512/Image/Png/noFilter,Prlz's Den,Group,4651630,4430,28574450,76346,253146,2857,12,2025-12-19T13:19:19.257Z,2026-08-27T17:38:21.689Z
5866227438,Build with Friends,"Welcome to Build with Friends 🔨, the Best building game on Roblox!
Collaborate with the server to build amazing builds in the center of the map or build with your friends and build your dream base!

💾 Your Builds Save!
⚒️ Invite your friends to build together!
🏠 Build your dream House!

Be sure to Join the group & 👍Like the game!

Game Rules, be sure to follow them! 🔨
1.  All builds and creations must be appropriate for the Roblox platform.
2.  No Griefing, — Don’t go around ruining other people’s builds
3.  Be nice to others.",Simulation,Sandbox,minimal,0,Top Rated,1,https://tr.rbxcdn.com/180DAY-837f9810277bb71d4b721089c456946b/512/512/Image/Png/noFilter,Tsunami Disaster,Group,34127367,1350,365760894,10604716,645320,18109,9,2024-04-13T02:06:53.06Z,2026-08-28T00:05:04.441Z
9793308933,Fall For Brainrots! 🪂,"🌀 Buy Portals to train your Fall Power!
🧱 Crush Barriers to reach the RAREST Brainrots!
💂 Collect Brainrots and ESCAPE the Guard
💸 Upgrade Brainrots and Earn MONEY
😴 Earn Money Offline!

Like the Game and Join the Group for FREE 67! 👍",Simulation,Tycoon,minimal,0,Top Rated,1,https://tr.rbxcdn.com/180DAY-2eb01c8d53e1e2f3cd58e87b8f2751e2/512/512/Image/Png/noFilter,The Falling Brainrots,Group,472426770,4198,53689166,1343057,268137,3380,5,2026-02-25T07:03:56.007Z,2026-09-07T04:35:24.6836037Z
6664476231,Anime Fruit!,"🌈 Welcome to Anime Fruit! 🌟 
We’re dedicated to bringing you the smoothest and most exciting combat experience! ✨

📘 Current Level Cap: 2200
🍊 Fruit Types in the Game:
Common: Bomb, Smoke, Barrier
Rare: Fire, Water, Air
Epic: Ice, Sand, Light
Legendary: Darkness, Thunder, Fire V2
Mythical: Ice V2, Darkness V2, Thunder V2, Six Eyes, Curse

💬 FAQ:
The coin shop refreshes 8 random fruits every 2 hours
For more details, please check the group description

👍 Like the game and join our community to get special codes and rewards! ",RPG,Action RPG,mild,0,Top Rated,1,https://tr.rbxcdn.com/180DAY-dbb733971e04c45e609001a5c33c2f3b/512/512/Image/Png/noFilter,Anime Fruits [Alan International Studios],Group,35061735,107,85676850,2546402,446030,10527,12,2024-10-12T00:30:41.24Z,2026-02-02T05:54:00.371Z
9294646427,Bobsled Ride Down a Mountainside,"How far can you slide down the mountain?!

🛷 Ride your sled to earn Distance
🏁 Make it to the finish for a Win Boost
🔓 Unlock new sleds with better speed and control
❄️ Blast other players with your snowball launcher
❗They say a snow monster lurks inside the old mines...

👉 Join the Group and 👍 Like the game for updates!",Obby & Platformer,Runner,mild,0,Top Rated | Trending in Obby & Platformer,2,https://tr.rbxcdn.com/180DAY-af9c61d867ebf93ab404a049aa383836/512/512/Image/Png/noFilter,North Pole Drift Club,Group,529915049,1997,100924634,251818,472092,12618,20,2025-12-04T04:02:36.28Z,2026-09-01T16:14:37.539Z
6935083490,Be Fish,"You are a fish.
Don’t get eaten.

🐟 Start as a tiny fish
🦐 Eat food to grow bigger
🐠 Unlock new fish and grow your collection
💀 Try not be eaten by other players!
🐡 Collect all the fish and become the biggest!",Simulation,Incremental Simulator,minimal,0,Top Rated,1,https://tr.rbxcdn.com/180DAY-435711a6fcb06eb7bf43bef2be2c3d59/512/512/Image/Png/noFilter,Goofy Vegetables,Group,35333553,934,101109754,310056,656476,20398,16,2024-12-18T02:28:54.05Z,2026-07-21T01:40:13.284Z
3655030699,💸Money Tycoon!,"🌀 YOU CAN NOW REBIRTH! Get a X2 cash multiplier when you rebirth! *+X1 Cash Multiplier for each rebirth after!

👍 THUMBS UP = NEW CONTENT! It lets me know you enjoy the game and want more updates

⭐ MAKE SURE TO STAR THE GAME SO YOU CAN FIND IT AGAIN!

💸 Welcome To Money Tycoon, bought to you by the developer of Millionaire Empire Tycoon! You know the drill, build up your base and make trillions of cash in the process. Build houses, mine diamonds, unlock the underground vault, there's so much to buy!

⚠️ VIP SERVERS ARE FREE!

❌ We have no groups or servers outside of the Roblox platform, the only official EQ Game Studios group is on the Roblox website, a link to the ONLY OFFICIAL GROUP can be found here:
https://www.roblox.com/groups/15084558/EQ-Game-Studios",Simulation,Tycoon,mild,0,Top Rated,1,https://tr.rbxcdn.com/180DAY-3f6a31f3c1336d83830bbe609d5b496f/512/512/Image/Png/noFilter,EQ Game Studios,Group,15084558,36,132358529,3504187,539034,16266,4,2022-06-13T10:59:22.153Z,2026-04-15T16:00:25.925Z
9929086116,+1 Speed Wings Escape 🦅,"👍 Like + Favorite + Join Group = FREE reward + new maps!

🚀 Wings Escape: +1 Speed!
⚡ Run, upgrade your wings, avoid lava and traps — every step gives you +1 speed!

⭐ What you do:
• Earn wins and upgrade your wings!
• Fly further🛫
• Race other players to finish first!
• Unlock maps and rebirths!
#Obby #SpeedObby #WingsObby #EscapeObby #FlyObby #Plus1Speed #SpeedRun #RebirthObby #BrainrotFly",Simulation,Incremental Simulator,mild,0,Top Rated,1,https://tr.rbxcdn.com/180DAY-47bb032057807bf2aac87d5945335a48/512/512/Image/Png/noFilter,Fruit Frenzy Games,Group,35733671,232,58932312,3973083,307451,6006,13,2026-03-23T11:59:02.025Z,2026-09-04T11:41:27.997Z
3494556606,[Event] My Hello Kitty Cafe(Build),"Welcome to 《My Hello Kitty Cafe》!
You will run the world-famous Hello Kitty-themed café in your town.
Invite the famous Sanrio® characters  to help you run the café.
Make various delicious drinks and sweets, attract multiple customers, and earn the honor of a five-star café!

🚨Update Log🚨
 Cinnamoroll Limited-Time Event starts Sept 1!
Join Find Cinnamoroll & Take Cinnamoroll to School for a chance to earn 2 limited rare items in My Hello Kitty Cafe.
📅 Sept 1–30, 2026
Don’t miss out! ☁️💙

Big Surprise!
New Check-in Rewards are here!
Plus, the Cookie Shop has been completely revamped~ All partners have joined in!

New Theme Blueprint HelloKitty 19th Arrive!

4th Anniversary Code:4ththankgift

700000Like Code:700KHAPPYDAY
800000Like Code:800KHAPPYDAY
900000Like",Simulation,Tycoon,minimal,0,Top Rated,1,https://tr.rbxcdn.com/180DAY-9f4f1766e5c94b04b8b15772ff56abd7/512/512/Image/Png/noFilter,Rock Panda Games,Group,8252064,654,519936031,1980942,879668,32473,1,2022-04-12T05:37:02.573Z,2026-09-04T15:33:22.331Z
10253235584,[WORLDS] Build a base RNG 🎲,"🌋Lava World!
Teleport to the new lava world to obtain new weapons and defeat new enemies!

Your base fights offline!

Roll 🎲  Build🏗️ Defend🧟‍♂️
Create the BEST base possible and become RICH!

❤️Thanks for playing!",Strategy,Tower Defense,mild,0,Top Rated | Trending in Strategy,2,https://tr.rbxcdn.com/180DAY-0c5b82600545e9e3c8a50c10136d96ab/512/512/Image/Png/noFilter,Slungpy Games,Group,33723433,5222,60184510,602232,261041,3938,6,2026-05-31T19:47:08.537Z,2026-09-05T17:03:14.15Z
3476371299,⚡Race Clicker,"Welcome to the Race Clicker!
 Reach the finish line in under 2 minutes and earn wins!

💡 How To Play:
- Click to go faster ⚡
- More wins give more speed 🏆
- Reach the END of the levels 🎌
- Get in the Top 50 Leaderboards 🌐

UPD:
Easter Event!
New Code: Easter!

Tags: Colorful, Super, Speed, Fun, Obby, Parkour, Race, Run, Victory, Win, Faster, Platformer, Clicker

©2022 Speedy Simulator Gaming LLC.

This game may contain Independent Ads. All Independent Ads are uploaded by our studio and all analytics are collected by our studio.",Sports & Racing,Racing,minimal,0,Top Rated,1,https://tr.rbxcdn.com/180DAY-f44b9518ef9e7764cf193adcef628c21/512/512/Image/Png/noFilter,48h Games,Group,14461694,300,976951091,1361636,1566936,63739,25,2022-04-05T03:56:16.65Z,2026-06-06T18:21:22.591Z
3608594708,✨Collect The Body,"Welcome to Collect The Body!

⭐ Find all your body parts around a map!
🦴 Try out another player's body parts on yourself! 
✨ Once you collected your body, go to the big yellow beam at the center of map and earn +1 Score!

Happy exploring!



GROUP LINK: https://www.roblox.com/groups/746843/The-Venomhawks#!/about",Adventure,Scavenger Hunt,minimal,0,Top Rated,1,https://tr.rbxcdn.com/180DAY-5879e561662568ed6cb25b7c76ba8819/512/512/Image/Png/noFilter,The Venomhawks,Group,746843,1504,416852569,654401,1007993,36752,25,2022-05-26T15:45:20.207Z,2026-06-25T09:28:13.608Z
9784883402,Collect Dinos,"Collect dinosaurs to grow your very own dinosaur park!

Dig up dino eggs
Hatch the eggs to discover new dinosaurs
Earn money from your dinos to afford better eggs
Dinos generate money offline

Collect all the dinos and become rich!",Simulation,Tycoon,minimal,0,Top Rated,1,https://tr.rbxcdn.com/180DAY-da73c87e80422fb496e43855f2f7cd47/512/512/Image/Png/noFilter,Cretaceous Carnival,Group,788798357,396,33783260,131182,270076,4487,6,2026-02-23T14:08:47.87Z,2026-09-03T11:04:43.988Z
10168229420,[💻] My Gaming Cafe!,"Welcome To My Gaming Cafe!
HUGE UPDATE OUT NOW! ⚠️

📦 Unbox PC Parts + Server Customers!
🪑 Build and decorate your gaming cafe!
🔓 Unlock Floors & Upgrades!

🎁 Join Group + Like The Game For Exclusive Rewards! ",Simulation,Tycoon,minimal,0,Top Rated,1,https://tr.rbxcdn.com/180DAY-fb42b56dc431625a5e22000dfdaff253/512/512/Image/Png/noFilter,Public WIFI,Group,521725818,193,26603058,101723,255041,3563,8,2026-05-14T17:47:18.46Z,2026-08-28T09:06:08.783Z
10051853469,[Galaxy 🪐] Be Flash For Brainrots!,"Welcome to Be Flash For Brainrots!

CONTROLS: 
Dash - Left Shift / RT / R2
QTE - Mouse Click / X,Y,B,A / 🔲,🔺,⭕,❌


❤️ Support the game by liking, favoriting and joining the group for bonus rewards!
",Simulation,Tycoon,minimal,0,Top Rated,1,https://tr.rbxcdn.com/180DAY-1d5c4fdb5cd883c4d3f2344af43c6607/512/512/Image/Png/noFilter,Can't Hold It Anymore!,Group,918672217,497,112090660,2438475,304935,5948,5,2026-04-18T13:58:41.127Z,2026-09-06T02:43:11.6930146Z
111958650,Arsenal,"Race to the top through a massive Arsenal of weapons! 

Conquer the day in fast paced arcade gameplay, from bazookas to spell books, each weapon will keep you guessing on what's next! 

Earn BattleBucks and trick out your game with a huge cast of characters, melees, kill effects, skins and more!

Join the ROLVe group for an in-game chat tag and 25% more BattleBucks and XP!

",Shooter,Deathmatch Shooter,mild,0,Most Popular | Trending in Shooter,2,https://tr.rbxcdn.com/180DAY-29023c3f115f5eac513c836ef674fd42/512/512/Image/Png/noFilter,ROLVe,Group,2613928,3472,6294653968,11514668,5120783,664344,16,2015-08-18T06:19:03.177Z,2026-09-02T22:52:38.343Z
73885730,Prison Life,"Live life as a prisoner and escape, or become a guard and defend the prison!

Sniper Update! (1/24)
- Added Sniper pass
- Guards can now dispose of dropped key cards/guns
- Bug fixes and security updates",Action,Open World Action,mild,0,Most Popular | Trending in Action,2,https://tr.rbxcdn.com/180DAY-fee67c1f98361eac15c13f80b03592ae/512/512/Image/Png/noFilter,Aesthetical,User,53537032,6680,3016828107,5981771,1530144,268424,24,2014-05-02T01:25:47.94Z,2026-07-03T20:45:17.382Z
7395930870,Sell Lemons 🍋,"Sell Lemons 🍋. Make 💵💰🤑.

🍋 Sell Lemons
💵 Earn lots of cash
💪 Unlock unique powers
👽 Make lucrative deals
🌌 Enter the %^REDACTED*$!

❓ Did you know... You continue to earn 100% of your income offline! 💰

👍 Like the game and join our community to receive absolutely nothing at all!*
*Except for the knowledge that you made the developers very happy. :)",Simulation,Tycoon,minimal,0,Most Popular | Trending in Simulation,2,https://tr.rbxcdn.com/180DAY-9ef4afdd6802d8603c5c839236402f3e/512/512/Image/Png/noFilter,BloxByte Games,Group,4619164,7685,437002612,459271,338963,18885,10,2025-03-17T23:31:17.017Z,2026-09-06T07:42:24.4974503Z
10404519332,🪓 Carve Wood! [HUGE UPDATE],"Welcome to Carve Wood!

🌲 Grow rare trees and cut them down for their wood
🪓 Carve logs and sell them to customers!
👷‍♂️ Hire workers that work for you!

Your lumber yard grows trees offline! 💵",Simulation,Tycoon,minimal,0,Most Popular | Trending in Simulation,2,https://tr.rbxcdn.com/180DAY-23e09c6023c561c17df33ff7f29a69cf/512/512/Image/Png/noFilter,$1b,Group,1092080264,6370,15807434,67200,21558,4786,6,2026-06-27T15:09:16.992Z,2026-09-07T02:56:33.0106509Z
10494847029,Clean the WORLD! [PRESTIGE!],"🌍 THE WORLD IS GETTING DIRTY...

🗑️ Trash is taking over!

♻️ Collect garbage, clean the planet, and save the WORLD!

🏆 How clean can you make it?

⭐PRESTIGE UPDATE:
SAY GOODBYE TO PAY 2 WIN, ALL ROBUX UPGRADES ARE NOW OBTAINABLE FOR FREE2PLAY PLAYERS!
MORE UPGRADES
BUG FIXES
BALANCING

Underground area coming next update [Chapter 3]
Outer space coming soon... [Chapter 4]",Simulation,Incremental Simulator,minimal,0,Most Popular | Trending in Simulation,2,https://tr.rbxcdn.com/180DAY-27e15e41978bc93a56536383bde2da41/512/512/Image/Png/noFilter,Bring Back Old Robloxians,Group,1044583942,921,5958375,35513,23649,2320,7,2026-07-13T04:02:25.726Z,2026-09-07T00:31:33.8466816Z
2404080894,Funky Friday,"beat box battle

Keybinds/arrow skins are now located under settings!

SHUTDOWN = UPDATE
🎮 Console - D-PAD or XYBA 
@Jaudr3y & @TreblaDev - Map Designer",Action,Music & Rhythm,minimal,0,Most Popular | Trending in Action,2,https://tr.rbxcdn.com/180DAY-a5825bdaf7daa940535fe9a91b5f63fe/512/512/Image/Png/noFilter,Lyte Interactive,Group,5449496,2330,2011108461,4105355,1970346,214304,20,2021-02-26T17:11:10.537Z,2026-09-05T00:11:11.759Z
9592387369,[DAILY] Spiral Difficulty Chart Obby,"This obby starts off easy but will get harder as you progress!

🚩 There are 240 stages.

✅ All stages are possible! Only 0.1% of players beat the game!

👍 Please leave a Like to support the game!

Tags: Obby But, Hardest, Hardest Obby, Crashout, Hard, Nearly, Impossible, Platformer, Parkour, Impossible Obby, Difficulty Chart, Spiral",Obby & Platformer,Classic Obby,minimal,0,Most Popular | Trending in Obby & Platformer,2,https://tr.rbxcdn.com/180DAY-edb48b62b30c8b34f85719103ce7ec92/512/512/Image/Png/noFilter,Jindijim,User,55041748,8098,25045041,93143,39798,9783,15,2026-01-20T03:25:23.483Z,2026-09-04T07:16:36.382Z
7230567161,💗Sweet and lovely: Role Play🧁,"This game is not an official game.

💖Showcatch is so cute and loving

--- 💮 ---
💖This experience also allows you to play with a variety of cute and lovable items, explore the map, and earn badges by completing obstacle courses.
--- 💮---


💖Tags: Fun Tower, Healing Tower, Simulator, mm2, Arsnel, Tycoon, Mini, Healing Tower, Healing, Vibe, vibe place
Sushi, Sushi Simulator, Fish, Tower, Jump,
Hell's Tower, Easy Tower, Tower, Stage, Stage Tower, Sushi Tower, Pink Tower, Milk Tower, Ping, Stage Tower, Pink Tower, Rainbow Tower
Tower, Tower of funny, healing Tower, Simulater, mm2, Arsnel, Tycoon, Mini, Healing Tower, Healing, Vibe, vibe place
Sushi, Sushi Simulator, Fish, Tower, Jump,
Tower of Hell, Tower of Easy, Tower, Stage, Stage Tower, Sushi Tower, Pink Tower


Copyright Disclaimer: - Under section 107 of the copyright Act 1976, allowance is mad for FAIR USE for purpose such as criticism, comment, news reporting, teaching, scholarship and research. Fair use is a use allowed by copyright statues that might otherwise be infringing. Non-profit, educational or personal use tips the balance in favor of FAIR USE.",Roleplay & Avatar Sim,Morph Roleplay,minimal,0,Trending Music Experiences,1,https://tr.rbxcdn.com/180DAY-708223365b85cd2a94823f18fbb15a56/512/512/Image/Png/noFilter,LynaVallejosGaming,User,8006272301,43,8377996,15144,2432,656,150,2025-02-11T20:54:13.927Z,2026-09-03T21:24:05.747Z
6970074970,Sprunki,"Thanks for playing!

Credits:
Sprunki: NyankoBfLol
Tele (OC) : Alarm_clock


NOTE: This game will most likely not receive any updates",Entertainment,Music & Audio,minimal,0,Trending Music Experiences,1,https://tr.rbxcdn.com/180DAY-08fdcc2d935664e5d807726b1d9f68c1/512/512/Image/Png/noFilter,racerxe,User,393835286,72,6936677,12599,2288,474,1,2024-12-25T01:21:06.703Z,2025-06-17T02:59:49.747Z
6596003198,[🎵] Project : RUSHER,"🎵 Update 0.2.10
- WANWAN SONG by 黒魔 
- 雪が降る by Project Skylate

Horizontal Rhythm Game(HSRG) that involves you destroying circles.
This game is currently in beta, so expect tons of bugs and changes

CONTROLS
This is a free-form rhythm game, ANY kind of inputs are treated as hits!
[what matters is how well your timing is]

🎵All music in this game are obtained properly by getting permission from artists

Inspired from TONS of rhythm games but notably : Unbeatable/Muse Dash (Layout), Rhythm Heaven/Rhythm Doctor/Phigros/NotITG (Gimmicks), Arcaea/Chunithm (Scoring System), DDR (Note quantization)",Action,Music & Rhythm,minimal,0,Trending Music Experiences,1,https://tr.rbxcdn.com/180DAY-0a60d1a97d7df6cfcb0d5d599d09845c/512/512/Image/Png/noFilter,aster*kris,Group,34430818,313,37503465,364729,124171,9093,18,2024-09-24T21:02:52.467Z,2026-09-03T20:21:09.05Z
6983536246,[🎶] Incredible Blox,"🎮PC, Mobile, Console & VR supported
👍Please like, it helps alot!!!
👥User instruments & free multiplayer with 8 people!
🎶Create songs & have silly dummies dance to them!

Incredible Blox is a fangame that features various mods. You drag and drop instruments that, when combined, create a mix.
It's a sandbox that includes various bonus things such as Multiplayer, 4 instrument rows & many more to spice up the experience!

Features Kats, Mustard Colorbox, Sprunked, 1996, Deadline, Orin Ayo, Yubin Niiku 2, Next & many more!

Credits in-game

All ingame instruments are the property of their original composers. Please discuss with the original composers before using them in your content!

If you are the creator of a mod featured in this game and want to discuss about the inclusion of it please contact blocco",Entertainment,Music & Audio,minimal,0,Trending Music Experiences | Trending in Entertainment,2,https://tr.rbxcdn.com/180DAY-401fe7d24ce5c8fe1367860893cbaa18/512/512/Image/Png/noFilter,specil studios Deluxe,Group,35381932,578,56385288,190402,52382,4396,50,2024-12-26T21:12:03.077Z,2026-07-07T09:12:44.849Z
7104927007,Sprunki Roleplay,"I want to add more tracks to the characters, but I don't know how
- Oren",Roleplay & Avatar Sim,Morph Roleplay,moderate,0,Trending Music Experiences,1,https://tr.rbxcdn.com/180DAY-182e13f1ece7eb9f3985fc6380bac97a/512/512/Image/Png/noFilter,Purrzslop,User,1031983536,103,12815933,15351,3238,542,50,2025-01-18T11:50:15.413Z,2026-08-13T13:12:27.422Z
6957393054,LITE Rebates - [FLAKE PC] - BETA,"!!!!!!ATTENTION!!!!!!!

NEWLY RELEASED GAME, WILL HAVE NEW CARS OVER TIME.

Want to curtail that loud noise with your car?

HERE IS THE RIGHT PLACE!

Come have fun!!",Simulation,,minimal,0,Trending Music Experiences,1,https://tr.rbxcdn.com/180DAY-60c4424659e6857559ae8d00fa7c4d5f/512/512/Image/Png/noFilter,Innovation HUB,Group,34592213,21,5431692,4384,1079,333,20,2024-12-22T15:13:47.387Z,2026-07-03T14:55:03.945Z
8058628992,Kpop Demon Hunters RP,"**THIS IS A FANMADE GAME!

Roleplay as your favorite HUNTR/X girls or SAJA boys! Explore magical worlds, perform on stage, and recreate iconic scenes! 

",Roleplay & Avatar Sim,Morph Roleplay,minimal,0,Trending Music Experiences,1,https://tr.rbxcdn.com/180DAY-2b54295810a99c36ca4358898238ef17/512/512/Image/Png/noFilter,Kpop Demon Hunterss,Group,46101418,425,174592977,578179,74552,6523,50,2025-07-03T08:03:15.25Z,2026-07-28T03:46:03.577Z
3232838484,🍋 [LEMONADE] RH Dance Studio,"☀️ Enjoy Auto dance formations in our Hosting interface inside private servers!

🌍 Dance to your favorite songs, Be your own IDOL! 
🐬 KPOP, JPOP, POP & MORE! 

🌊 Welcome to RH Dance Studio!

🎤 Sync your friends using our Sync Tool!

👕 Customize your avatar and browse the catalog using our Avatar Editor! 

✨ Build your own world using our free Private Servers! 

🍓 Contains dances from BTS, BLACKPINK, NCT,  Stray Kids, IVE, NewJeans & More! 

🌎 Made by RH Studios.
Animation credits inside Communications Server!",Roleplay & Avatar Sim,,minimal,0,Trending Music Experiences,1,https://tr.rbxcdn.com/180DAY-9cbb11e52d6aac88b087bd00aa71e627/512/512/Image/Png/noFilter,RH Studios,Group,10004870,472,90159696,135218,46088,3818,50,2022-01-05T04:44:26.62Z,2026-09-07T03:26:20.2437574Z
7212862432,Sprunki RP 3D Roleplay [MUSTARD!],"🎵 Welcome to Sprunki RP 3D Roleplay Multiverse
You can turn into any Sprunki you want and sing with them!

👌ALL YOUR FAVORITE SPRUNKIS IN ONE GAME! 

🔍OPEN WORLD SPRUNKI MAP FOR YOU TO EXPLORE

👍Be sure to like and favorite if you enjoyed our game

⚠️SOME MORPHS ARE STILL NEED TO BE REWORKED! PLEASE BE PATIENT.

❔Credits to NyankoBfLol


Tags- 

3D, sprunki, 3d srpunki, rp, sprunki rp, 3d sprunki rp, animations, 3d animations, sprunki animations, sprunki 3d, 3d sprunki animations, sprunki obby, obby, obby sprunki, Sprunki, Incredibox sprunki, sprunki 3d, sprunki 2d, sprunki roleplay, incredibox, sprunki incredibox, roleplay, sprunki rp, spranki, rp, morphs, spranki, sprunki, Sprunki, Sprunki morphs, Sprunki sing, Sprunki Incredibox, Incredibox, Sprunki solo mode, Sprunki RP, Sprunki music game, Sprunki mod, Sprunki transformations, create songs, Sprunki creativity, singing Sprunki morphs, Incredibox RP, Sprunki, 3D, sprunki, 3d srpunki, rp, sprunki rp, roleplay, phase, sprunki",Roleplay & Avatar Sim,Morph Roleplay,minimal,0,Trending Music Experiences,1,https://tr.rbxcdn.com/180DAY-b6416df5dd35896321e7ceda2fd2da7f/512/512/Image/Png/noFilter,Slunki Games,Group,35599550,92,7308371,741808,11948,635,30,2025-02-08T11:34:58.013Z,2026-08-29T12:42:09.441Z
7113599041,vivid memory - cozy house [showcase/RP],"a cozy, nostalgic house :D feels like a place you'd find at your grandma's house

showcase/roleplay game

new update: Added winter!


tags: aesthetic nostalgic cozy cottagecore old house rp chill showcase room resting place rainy attic",Social,,minimal,0,Trending Music Experiences,1,https://tr.rbxcdn.com/180DAY-790eaa285269ffd58e6e556f3044aa48/512/512/Image/Png/noFilter,Soggy frog gang,Group,675478,219,8793648,120196,17691,581,25,2025-01-19T19:31:11.557Z,2026-09-06T22:33:25.6268122Z
7411615879,[Random Switch] Trend City RP 🎶,"🌃 Welcome to Trend City RP
""Where rhythm meets lifestyle""

Step into a vibrant world built for creators, performers, and dreamers.
Explore a lively city filled with neon lights, beach vibes, hidden caves, dance studios, and night clubs pulsing to the beat of your story.

🎤 Choose your role:
Kpop Idol — Rule the stage and shine under the spotlight.
Performer — Express yourself through every move and melody.
Social Creator — Capture the moment, create your trends, and share your vibe with the world.

🌴 Chill at the Beach, hang out at the Playground, rehearse at the Dance Studio, record in the Green Screen Set, or perform your best show at the Club.
Every place has its own rhythm, it’s up to you to find yours!

💫 Dance. Create. Connect. Become who you were born to be in the city that never stops moving.


Tags: Roleplay, Music, Dance, City, Creator, Idol, Performance, Club, Fame, Trend",Action,Music & Rhythm,minimal,0,Trending Music Experiences,1,https://tr.rbxcdn.com/180DAY-8607a33173f606f4a1b76f57532b6018/512/512/Image/Png/noFilter,OofMayy Studios,Group,3084988,1087,37456226,50685,20763,1491,40,2025-03-21T15:27:55.567Z,2026-09-04T23:03:29.204Z
1917762467,🎵 Free Boombox/Radio 🎵,"🎵Welcome To Free Boombox / Radio! 🎵
Here You Can: 
-Play your favorite music on the boomboxes!
-Explore the map!
-Use Admin Commands
-Hatch Eggs and get New Pets!
And More!

Join Our Group https://www.roblox.com/communities/4682762/XrTemp#!/about For A Permanent Speed Coil And Group Member Admin For Free Commands!

Update Logs:
NEW BOOMBOX SYSTEM
New Audios and updated boomboxes!!!
Brand new map!!

Shutdown / Server Refresh = New Update

Note: If You Buy Admin, Please Don’t Abuse It Or It Could Result In A Permanent Ban, all reports can be submitted in the group or through the server.
Admin Note: This game is NOT a social game whatsoever and is rated correctly. There is no social aspect to this game and is simply just a game to play music.

【Tags (ignore)】
Boombox, Radio, Admin, Free radio, free boombox / radio, boombox, boombox admin, music , free radio, music, boombox, music test, subwoofer, bass, free, free admin, admin, audioID, Audio",Entertainment,Music & Audio,minimal,0,Trending Music Experiences,1,https://tr.rbxcdn.com/180DAY-30d648282f0014d38454bf1bac2d25e3/512/512/Image/Png/noFilter,XrTemp,Group,4682762,16,4629285,13412,4221,1113,28,2020-08-02T17:41:37.377Z,2026-08-02T16:52:07.928Z
7485177375,FIND THE MIKU [249] [delay!],"you have spawned in a strange place. all that's here is Miku... Miku Miku Miku !!
explore the classic-style world and try find all the Mikus!! after all, that's the name of the game.. 📝

featuring vocaloids like Hatsune Miku, Kasane Teto, Emu Otori, the Yellow One, and more!
currently 249 Mikus to collect. Some are harder than others, so lock in!! Updates will be semi frequent! 👀

Update:
The update scheduled for 6th of July had to be temporarily delayed. Sorry for giving such a late notice. More info can be found on the community server.

Pre-Game + Post-Game Content & lore included! See what you can.",Adventure,Scavenger Hunt,minimal,0,Trending Music Experiences,1,https://tr.rbxcdn.com/180DAY-a1ec9ad9e7cd6c326f1abeaeb1c8db31/512/512/Image/Png/noFilter,gam time,Group,35756435,13,2308815,37130,6299,535,15,2025-04-04T09:27:57.773Z,2026-09-05T10:30:37.65Z
6919822640,Sprunki RP 3D [SUMMER],"Welcome to Sprunki RP 3D!

Thanks for playing!
Based on Incredibox Sprunki by NyankoBfLol, all credits go to him

LAST Update: SUMMER 🏖️
-New 2 BADGE Morphs
-New Beach Zone
-Fixed bugs

Follow us for more updates!

⚠️SOME CHARACTERS ARE STILL NEED TO BE REWORKED! PLEASE BE PATIENT.

You can turn into the Sprunki that you want! We also have our own characters!

👍 Be sure to like and favorite if you enjoyed our game

Tags: Sprunki, Incredibox sprunki, sprunki 3d, sprunki 2d, sprunki roleplay, incredibox, sprunki incredibox, roleplay, sprunki rp, spranki, rp, morphs, spranki, sprunki",Roleplay & Avatar Sim,Morph Roleplay,minimal,0,Trending Music Experiences,1,https://tr.rbxcdn.com/180DAY-45ab3252e6755cba569da8f3be84a70e/512/512/Image/Png/noFilter,Pranki Studios,Group,33092159,133,59918131,856646,20174,4750,35,2024-12-14T18:50:20.16Z,2026-07-30T20:09:28.956Z
8019620353,[🌊] EPIC: The Musical [OPEN TECH],"❕| Have you ever thought about an EPIC: The Musical Open Tech game on Roblox, but never found any? Well, good for you, because we have one! Join C.L StudioWorks for an amazing and funny experience with performances you wouldn't even expect! Come along for an unforgettable adventure through the Odyssey, and perhaps something more. . .

❔| Be sure to join the group to gain access to the backstage area!

JOIN OUR COMMUNICATION SERVER FOR MORE INFORMATION!

🤍 | Credits: 

Set / Map Builders: hcyleyy, not_stefaniee, muttypawz, And ThePuffyFish
Morph Maker: pooplovefaye, muttypawz, hcyleyy, not_stefaniee and ezraaxp, 
Animation Maker: javekairos
Animation GUI Maker: muttypawz
Teleport GUI Maker: ezraaxp
Clothing Designer: izzsfizzs
Auto-Song System: hcyleyy
Map: hcyleyy

All audio and musical concepts belong to Jorge Rivera-Herrans!",Entertainment,Music & Audio,minimal,0,Trending Music Experiences,1,https://tr.rbxcdn.com/180DAY-4f4e2bd4261152578bb06b30f4845eab/512/512/Image/Png/noFilter,C.L. StudioWorks,Group,839844396,96,4284241,27135,10955,474,40,2025-06-28T12:34:08.833Z,2026-08-29T20:27:07.479Z
7430288939,Chipeo's Choir 2.0,"WELCOME TO THE CHIPEO 2 SINGING GROUP 

",Simulation,Vehicle Sim,minimal,0,Trending Music Experiences,1,https://tr.rbxcdn.com/180DAY-2ecf5abbdf91e8c00e43a317b04448a4/512/512/Image/Png/noFilter,Gabrielchipeord,User,5489988084,177,8467093,10337,3752,532,20,2025-03-24T14:23:49.173Z,2026-09-07T02:01:09.6940513Z
7307246329,100 Players Musical Chairs,"Game shutdown = Update (those r important)
Exploiting leads to a permanent ban

🎶 100-Player Musical Chairs! 🪑🔥

Welcome to the biggest and most intense game of Musical Chairs on Roblox! Can you outplay 99 other players and claim the last seat standing? 🏆

🎵 Music stops... RUN for a chair!
🪑 Survive each round before the seats disappear!
⚡ Power-ups & twists keep the game exciting!
👑 Win rounds to earn rewards & show off your skills!

Join now and prove you’re the ULTIMATE Musical Chairs champion! 🎉

🔊 [LIKE & FAVORITE] for updates and new features! 🚀",Party & Casual,Childhood Game,minimal,0,Trending Music Experiences,1,https://tr.rbxcdn.com/180DAY-e205250a482df23934edf2e79869e1ff/512/512/Image/Png/noFilter,Cleanrot,Group,11991824,196,204085445,2330637,263193,45104,26,2025-02-28T14:34:03.827Z,2026-01-13T17:53:10.447Z
6273901846,💕 Guess the KPOP!,"Guess the KPOP!
🗺️ | Complete all the quizzes and become the top kpop fans in the game!

👍 | Please, like this game so I can be excited to keep updating this game!
🔔 | Make sure to hit the FOLLOW button to be notified of new updates!

🏷️ | Tags: KPOP, Kpop, kpop, K-POP, Guess The KPOP, Guess the KPOP, Guess the K-POP, guess the kpop, guess the k-pop",Party & Casual,Quiz,minimal,0,Trending Music Experiences,1,https://tr.rbxcdn.com/180DAY-3014feb84c141d372bbfdd99c2aa9603/512/512/Image/Png/noFilter,CheeseNPizza,User,299802406,38,5386556,28022,6225,822,30,2024-07-16T11:33:21.407Z,2026-09-02T13:36:50.299Z
7893515528,🎤 My Singing Brainrot,"🥚 Buy eggs
🐣 Hatch brainrot
🎶 Create epic brainrot music
💸 Generate money

👍 Like the game and join the group",Simulation,Tycoon,minimal,0,Trending Music Experiences,1,https://tr.rbxcdn.com/180DAY-df33272544c726d16f4828c56a39fc16/512/512/Image/Png/noFilter,LOL Beats Game,Group,36097789,103,301970094,248088,590007,20277,8,2025-06-11T20:22:08.143Z,2026-08-06T19:49:26.866Z
3510306533,Rockstar Gymnastics and Cheer Playground 📣,"⭐ Rockstar Gymnastics & Cheer Roleplay ⭐
✨ Flip, tumble, and roleplay with friends in the ultimate R15 gymnastics, cheerleading, dance & simulator game! 🎉

🤸‍♀️ Train on Bars, Vaults, Beams, Floor & Trampolines 🏅
🏟️ Compete in gymnastics & cheer competitions 🥇
💃 Customize outfits, hair, leotards, uniforms & makeup 👗
🏫 Join the Gymnastics Academy & Cheer Studio 📚
🏋️‍♂️ Become a coach, nurse, or squad leader 👩‍🏫

🌈 Perform flips, tumbling, backflips, back handsprings, cheer stunts, trampoline skills, and dance routines in this fun gymnastics + cheer roleplay simulator! 🎀

Tags:
gymnastics, cheer, cheerleading, flips, tumbling, backflip, backhandspring, trampoline, dance, roleplay, simulator, R15, academy, studio, gym, competition, show, performance, leotard, elite, platinum, skills, coach, nurse, hospital, rainbow, Gymnastics, Competition, Gymnast, Gym, Sports, Flip, Tumbling, Tumble, Cheer, Flipping, Acro, Olympics, Competition, Compete Competition, Sorority, Fashion",Roleplay & Avatar Sim,,minimal,0,Trending Music Experiences,1,https://tr.rbxcdn.com/180DAY-12ee662572215dc7f918756a860159bf/512/512/Image/Png/noFilter,Rockstar Gymnastics,Group,14629985,12,38333211,1532505,6966,2118,35,2022-04-17T19:28:39.027Z,2026-08-08T01:29:03.319Z
3110388936,[🌀 Obito Rework] Ninja Time,"🍥 🍜 Dive into a massive open-world adventure where you become a Shinobi in a world shaped by ancient clans, powerful bloodlines, and elemental mastery. 

🦊 Whether you want to become a rogue warrior feared across the lands or a village protector known for your honor, the choice is yours...

⭐ Bonus
⚡Mon-Tue: 1.5x Toki
⚡Wed-Thurs: 1.5x BOSS DROPS 
⚡Friday-Sun: 2x XP",RPG,Action RPG,mild,0,Trending in RPG,1,https://tr.rbxcdn.com/180DAY-002b1b518ff394879f87b86f59476ff8/512/512/Image/Png/noFilter,Boss Studio x Luxinn Games,Group,12955735,1966,87127762,262285,173327,18822,1,2021-11-23T02:37:41.22Z,2026-09-04T11:50:21.748Z
1016936714,[QOL] Your Bizarre Adventure,"『(7/17/26) UPDATE 1.7974』
➢ New Quality of Life changes, Bug Fixes, updated NPC/Item dialogues!
➢ Read the in-game patch notes for more update information!

Welcome to Your Bizarre Adventure, an MMORPG game that revolves around obtaining strong and unique spiritual abilities known as ""STANDS"", fighting gangs, PvP, and more! 

VIEW OUR SOCIALS BELOW FOR CODES, UPDATES, ANNOUNCEMENTS, AND MORE HELP

Give the game page a thumbs-up like for more codes!

2x item spawn rates every Friday, Saturday, & Sunday!

Private Servers:
➢ Gain VIP button inside your PS located in HUD Menu

Disclaimer:
➢ You will be banned for any exploiting with no appeals unless you have high quality video evidence that shows you getting falsely banned. Use a clipping app like ""Medal"" or ""Shadowplay"" to achieve this for your own safety",RPG,Action RPG,moderate,0,Trending in RPG,1,https://tr.rbxcdn.com/180DAY-f53df34b3a8e234a42cd2b3f356af290/512/512/Image/Png/noFilter,Bizarre Studios®,Group,3194064,1468,2249994010,1961615,1445277,180738,20,2019-02-02T05:23:55.273Z,2026-08-31T04:37:36.432Z
3936365689,[JUNGLE UPDATE] Clover Retribution,"R to equip a weapon if you have any.
G to equip your grimoire.
M to open the menu.

Join our chat for codes.

If you're confused about how to get spells, they're earned at different mastery levels & sometimes randomly when fighting.",RPG,Action RPG,mild,0,Trending in RPG,1,https://tr.rbxcdn.com/180DAY-51b4853605d3d6b3bcd237f61bc5f3dc/512/512/Image/Png/noFilter,Clover Retribution,Group,15890651,619,72174231,347787,201499,15209,1,2022-09-14T19:05:08.313Z,2026-09-06T18:11:12.0699254Z
10522327766,[Pokemon Brick Bronze] [Team Eclipse Simulator],"👥 Join the Looao Games Community Group to stay up to date with the newest uploads and updates. Enable group notifications to be notified the moment a new game goes live.

🔗 Group link: https://www.roblox.com/communities/10446751/Looao-Games#!/about
🎁 Group rewards:
• Free Monsters
• Extra PC Boxes

🕹️ Capture, battle, and explore in a thrilling adventure. Travel through the world of Roria, hunt rare monsters, build powerful teams, and work your way toward becoming a Master.

🔗 Community Server link: *available in the social links below the game page*
🌟 Join our Community Server and verify to unlock:
• Exp. Share
• Increased Shiny & Legendary chances

🌍 Play on any device. Desktop, Phone, Tablet and Console.

🛡️ Your progress is saved securely and forever. You'll never lose your adventure.

👍 Like and Favorite the game to support future updates.",RPG,Turn-based RPG,minimal,0,Trending in RPG,1,https://tr.rbxcdn.com/180DAY-7c5f66e95f7807858db05e3964dadc6d/512/512/Image/Png/noFilter,Create A Community Games,Group,161938307,2743,1729600,9109,3803,108,20,2026-07-18T06:48:51.763Z,2026-08-28T17:45:00.348Z
6048923315,[⚖️TRADING] KAIZEN,"Welcome to the world of KAIZEN! Navigate & discover hidden secrets, help those in need, and hone your Cursed Technique as you carve your own path to become the best Jujutsu Sorcerer of all time.

CODES :
BugsGone!

> ⛩️SUKUNA - report issues & give us feedback in server below!
> NEW CODE AT 200K LIKES!
> MAX LEVEL: 1200

🔹 GAMEPLAY

🔓 Explore to discover & unlock your Innate Technique
⚔️ Master different Fighting Styles & Weapons
💀 Defeat foes to rank up to become a Special Grade Sorcerer
🫂 Party with friends, complete missions, & more

🎮 CONTROLS (PC only | Console + Mobile in server below)

🛡️ F – Block
⚡ Q – Dash
🏃 Ctrl – Sprint
🥊 T - Companion
🐴 J - Mount
🧗 Double Space – Wall Climbing + Wall Running (unlocked at higher levels)",RPG,Action RPG,mild,0,Trending in RPG,1,https://tr.rbxcdn.com/180DAY-7c9b445837f75df0439837598bc46b75/512/512/Image/Png/noFilter,Lajebo Games x Kaizen,Group,34378400,1008,104864487,215458,192887,14125,14,2024-05-29T22:53:46.727Z,2026-09-06T22:13:24.0279739Z
10417987249,[NEW CLASS] Nebulous,"Made with full permission from LostVolBytes

Dodge everything. Destroy everything.

One ship against bosses built from blocks. Arenas drown in bullets, lasers and homing swarms. Weave through it, tear the boss apart block by block, then blow the core.

💎 LOOT EVERY BLOCK
Every block you shatter pays out. Cash out, upgrade, come back stronger, and watch the numbers get stupid.

🧬 90+ UPGRADES
Ricochet rounds, explosive bullets, homing swarms, turret drones, shields, rockets. Stack them until the screen melts.

🚀 31 FIGHTS
25 levels, 5 Guardians, and a final boss that sends five drones before the real fight even starts.

💀 PERMADEATH
Unlocked after your first clear. One life, triple resources. Die and the save is gone for good.

🏆 Top 100 leaderboards · 🎖️ Badges · 📱 Mobile + controller

Every pixel is drawn by a custom engine built from scratch.

🔜 COMING SOON
A level editor and more.

Join the group for +15% resources, permanently.

How far can you get?",RPG,Action RPG,minimal,0,Trending in RPG,1,https://tr.rbxcdn.com/180DAY-45be0229123d5a2c398b46fcbb084aab/512/512/Image/Png/noFilter,latent//state,Group,460520165,610,2402604,24000,12571,2193,1,2026-06-29T19:07:44.829Z,2026-09-06T17:04:53.5292284Z
3164075108,[OUTFITS] Dragon Soul | Anime MMO 🐲,"New code: 'apementor' for 7 dragon balls
❗Earn all GAMEPASSES for free with daily login 

Aug 30 - 2x week. Limited time only before it goes away again.
2x for Zenkai souls, Raid Crystals, Wishes

🐲 Every 1k likes = dragon ball spawns 🐲 
✅ Play with friends = get +10% Zenkai Souls, -1hr CD wishes, up to x5 XP ✅

UNLOCK APE Form by getting the Sayen Tail 🦍 

CONTROLS 
- E to lock on a target 
- R to transform / hold R to de-transform 
- Click to punch 
- C to charge ki 
- F to block attacks 
- Double space to fly (shift to fly faster, control to descend) 
- V to ki blast 
- Q after using moves to teleport behind your target 

Open world, anime style + rpg + adventure + fighting game! 
Warning: very flashy moves and cutscenes!
Game in DEMO (82%) ",RPG,Action RPG,mild,0,Trending in RPG | More When You Subscribe,2,https://tr.rbxcdn.com/180DAY-cd075ce6349a7eacf92696c2ce1ee408/512/512/Image/Png/noFilter,Dragon Soul (DS),Group,11908960,1950,284110351,740670,494921,27931,6,2021-12-13T21:30:54.58Z,2026-09-06T20:12:17.3037695Z
7359962123,An Average Campaign [Alpha v0.5.0],">> An Average Campaign is intended to be played with 3 - 4 players but supports 1 - 5 players <<

Embark in a classic, simplistic roguelike adventure full of inside jokes, references, and other random stuff.  

This game is intended to be difficult and may be frustrating to some people. Losing a run should be expected and information is key.

Inspired by Dungeons & Dragons, Arcane Lineage, and Slay The Spire.

Credits: 
huhuzh - Scripting, UI
Kario777 - Modeling
Yuml_I - Modeling
FringleMeench - Animations, VFX

Note: This game is in Alpha phase and is currently in heavy development. Some features are incomplete and bugs that may stall/freeze your game may appear.",RPG,Turn-based RPG,mild,0,Trending in RPG,1,https://tr.rbxcdn.com/180DAY-8c31a2f86744ec0da6c0e4a81f581886/512/512/Image/Png/noFilter,An Average Campaign,Group,35729591,3899,52899640,262373,84062,4956,50,2025-03-10T21:35:29.507Z,2026-09-06T04:12:25.0471965Z
1511883870,Shindo Life [250],"🔑 Welcome to Shindo Life (Shinobi Life 2)
🔷 Explore vast worlds, play many game modes, and mini-games. Battle various types of creatures known as spirits. Unlock and randomize many abilities, and awakens. Battle bosses for their unique Bloodlines and Abilities. Rank up and further your skills under mentors. Your Shindo adventure awaits! 

🔑 Join for Perks: 
🔷https://www.roblox.com/groups/4939446/RELL
🔷 https://www.roblox.com/groups/1226491/RELLWorld 

🔑 !cmds 
🔷Opens command panel in-game 

🔑 Game Day Bonus 
🔷Mon-Tue: 1.5x RELLcoins 
🔷Wed-Thurs: 1.5x BOSS DROPS 
🔷Friday-Sun: 2xp",RPG,Action RPG,minimal,0,Trending in RPG,1,https://tr.rbxcdn.com/180DAY-811d588b6816f26a4e873c91c37e7a79/512/512/Image/Png/noFilter,RELL World,Group,1226491,5163,2724174195,3072854,2239113,145707,5,2020-01-20T19:24:27.627Z,2026-08-10T18:37:33.861Z
7750955984,[GUILDS!] Hunty Zombie,"🧟 Hunty Zombie is an action-packed zombie hunting game on Roblox! Hunt or be hunted — the apocalypse won't wait. Master weapons, abilities, perks, and awakening

💥 NEW: Party Crasher Mode
🪏 NEW: Sandbox Mode 
🎧 Boombox weapon - Lay down some beat and defeat the Zombies with Style 
⏳ Scythe Returns + Evolution - another Limited Chance to unlock the OG scythe
👁️ Daggers Returns + Evolution - Fast movement and multiplication

🗡️ Hack‑and‑Slash Action
💥 Unique Weapon Abilities
🔮 Awakenings
🎯 Perks & Loadouts
🧟 Zombie‑Packed Dungeon

🎮 Controls
Ability 1 — Z / L2 / LT
Ability 2 — X / L1 / LB
Ability 3 — C / R1 / RB
Dash — Q / B / Circle
Perk — E / Y / Triangle
Awakening — G / D‑Pad Down
Switch Left — 1 / D‑Pad Left
Switch Right — 2 / D‑Pad Right
M1 — LMB / X / Square

⚠️ ALPHA — Game still in development. Bugs expected.
If codes don’t work, try a private server.",RPG,Action RPG,moderate,0,Trending in RPG,1,https://tr.rbxcdn.com/180DAY-727a0adcbe2bdf826c3349302844c421/512/512/Image/Png/noFilter,HZ DEV,Group,36015593,3273,711156565,891990,808421,37728,40,2025-05-22T21:52:28.25Z,2026-09-07T02:03:44.1849035Z
3846592040,[Withered Grove 🧿] Arcane Lineage,"⚠️WARNING ⚠️ This game sometimes contains bright, flashing lights and or screens, which may cause discomfort or seizures for players with photosensitive epilepsy. Player discretion is advised.

Controls:
Q - Dash
M - Meditate at a mat
B/Tilde (`) - Open inventory and status menu
Space - Activates QTEs, can be used to block/dodge and such instead of clicking.
Left Ctrl - Location Icons

Inspired by Platform Battles, made by 123maor

(All the music should be copyright free, credits to their respective owners)",RPG,Turn-based RPG,minimal,0,Trending in RPG,1,https://tr.rbxcdn.com/180DAY-a0f4261d34c52187a3877a7fca17ca62/512/512/Image/Png/noFilter,Arcane Lineage,Group,14870256,1958,131592189,182030,63110,17278,25,2022-08-14T19:46:31.467Z,2026-09-06T16:04:06.2503296Z
9073513091,[GUILDS!] Anime Apocalypse,"⚠️ [BETA RELEASE] — Expect frequent updates, new content & balance tweaks. Found a bug or got feedback? Join our community and help shape the game!

Welcome to Anime Apocalypse!
Anime Apocalypse is a fast-paced Anime dungeon hack-and-slash zombie game! Fight through zombie filled dungeons, obtain unique abilities, and play unique gamemodes!

Will you survive the Apocalypse?

⚔️ Hack-and-Slash Action
💥 Unique Anime Abilities
🏃 Unique Parkour Movement
🎯 Pets, Loadouts & More!

🎮 Controls
M1 — LMB / X / Square
Skill 1 — Z / L2 / LT
Skill 2 — X / L1 / LB
Skill 3 — C / R1 / RB
Skill 4 — V / R2 / RT
Gadget — E / D-Pad Up
Ultimate — G / D-Pad Down
Dash — Q / B / Circle
Slide — Ctrl / Y / Triangle",RPG,Action RPG,moderate,0,Trending in RPG,1,https://tr.rbxcdn.com/180DAY-61c85c6b9d21815b45790ec936cdd7ae/512/512/Image/Png/noFilter,Anime Apocalypse Dev,Group,534034976,2082,138988001,173863,160394,7806,30,2025-10-31T20:44:31.437Z,2026-09-06T23:26:48.5942704Z
4931927012,[UPD]🏀Basketball Legends🏀,"🏀Welcome to Basketball Legends! A new basketball experience with quick gameplay that lets players quickly join a 5v5 or select pickups. 🏀

Leave a like 👍 and favorite ⭐ for more Basketball Legends content! 

Join InfinitySports for 1.5X coins: https://www.roblox.com/groups/32333865/InfinitySports#!/about
",Sports & Racing,Sports,minimal,0,Trending in Sports & Racing,1,https://tr.rbxcdn.com/180DAY-1737050e199bd6e079f598c209204947/512/512/Image/Png/noFilter,InfinitySports,Group,32333865,5277,758229394,684224,655351,104134,10,2023-07-31T07:11:02.877Z,2026-09-05T14:27:04.558Z
7883776681,[UPD🏸] Racket Rivals ,"🎾RACKET RIVALS is a fast paced 3v3 Racket Game, with abilities, champions, a shuttle and chaos! This game is a combination of badminton, tennis, squash and volleyball, all rolled into one! 

CONTROLS:
SWING –  Left Click
POWER SWING – (Hold) Left Click
SET – E
DASH - Q
ABILITY - 1
AWAKENING - 2
EMOTES - V
BUBBLES - B

Unlock spirits with awesome abilities, summon powerful rackets, and get awakenings that give you crazy ultimates!

Made with ❤️ by Small World Games",Sports & Racing,Sports,minimal,0,Trending in Sports & Racing,1,https://tr.rbxcdn.com/180DAY-fe4c1f0621874e290d8f8b7770a36ccd/512/512/Image/Png/noFilter,⨯ Small World Games,Group,17140361,5350,549124843,4571244,1179895,61996,18,2025-06-10T10:38:09.4Z,2026-09-05T16:42:38.843Z
10418381226,[🐝 BACHIRA] Build A Blue Lock Squad! ,"This unofficial, fan-made game was created by devoted Blue Lock fans to celebrate the anime and share it with a wider community, spreading our passion and appreciation for the series!

⚽ BUILD A Blue Lock Squad! ⚽

Roll for the greatest strikers and egoists!

🌟 Roll 200+Blue Lock Characters from every arc
🎁 Free coins, daily quests & login rewards

Tags: soccer, football, build a soccer squad, soccer squad, football squad,
squad builder, soccer game, football game, world cup, world cup 2026,
collect players, soccer legends, football legends, roll, rng, best team,
ultimate squad, soccer simulator, football simulator, sports, blue lock",Sports & Racing,Sports,minimal,0,Trending in Sports & Racing,1,https://tr.rbxcdn.com/180DAY-4df3ebbe4a741e93e9c44d1e3180218c/512/512/Image/Png/noFilter,The LockerRoom,Group,6847005,3260,7118981,44442,51384,1221,15,2026-06-29T20:46:46.868Z,2026-09-06T17:37:20.0932848Z
7372152033,Realistic Golf ⛳,"Welcome to Blox Golf, the BEST and most REALISTIC golf game on Roblox!

The game is still in early access so a lot more features will be coming out soon!

Please report any bugs 🐛 to the server in the social links below! They will be fixed ASAP!

Thanks for playing, I hope you like the game :) ",Sports & Racing,Sports,minimal,0,Trending in Sports & Racing,1,https://tr.rbxcdn.com/180DAY-431817d8eedcf1a37da67d633d0d9ebc/512/512/Image/Png/noFilter,Sharkie212,User,60339241,1077,31453814,56153,16110,6127,14,2025-03-13T18:51:09.347Z,2026-08-28T21:07:52.102Z
6505338302,[UPD]🏈Football Legends🏈,"🏈 Welcome to Football Legends! A new football experience with quick gameplay that lets players quickly join a 7v7 or select pickups in the park. 🏈

Leave a like 👍 and favorite ⭐ for more Football Legends content! ",Sports & Racing,Sports,minimal,0,Trending in Sports & Racing,1,https://tr.rbxcdn.com/180DAY-84d7156108158ce03830b28a995c7bc4/512/512/Image/Png/noFilter,InfinityLegends,Group,34682858,1734,129292534,92280,67296,10480,14,2024-09-02T22:45:13.003Z,2026-08-29T22:26:35.12Z
1198533421,[UPDATE!] Midnight Racing: Tokyo,"New map expansion, 1 new remodel and 1 new car!

Version: Alpha v.1.1.

• Over 180+ unique cars to buy! 
• Great car customization!
• Advanced tuning!
• 7 different maps! 
• Challenge different players! 
__
MRT is a racing sim-cade where you can buy and customize between 180+ different unique cars to drive in a virtual recreation of Tokyo, Japan with its large highways and twisting mountain passes. Upgrade and modify your vehicle to advance in the ranks, communicate with your friends and compete with other players for money and status! This game is still in development. Expect bugs and unfinished features.

Follow the devs!
@bigcrazycarboy - https://www.roblox.com/users/29794179
@sixpenceRBX - https://www.roblox.com/users/111578179
@RedTerminator3000 - https://www.roblox.com/users/22243473
@AviaTuned - https://www.roblox.com/users/620479
@EnumBobbert - https://www.roblox.com/users/1989438211

Credits and Attribution available on DevForum",Sports & Racing,Racing,minimal,0,Trending in Sports & Racing,1,https://tr.rbxcdn.com/180DAY-4fccf83d06a3854ecabfb2507d8925e6/512/512/Image/Png/noFilter,devGem,Group,2776987,748,182492554,730801,254773,28858,8,2019-06-20T21:29:15.317Z,2026-08-28T23:27:50.867Z
7884563721,[🐉 NEW PARK] Arcade Basketball 🏀 ,"🏀 Welcome to Arcade Basketball! 🏀

Ready to become a hoops legend? 👑 Step onto the court and prove your skills in the most exciting sports game on Roblox! 🔥

⭐ FEATURES ⭐

INTENSE 1v1, 2v2, and 3v3 MATCHES 🆚 Go solo or team up with friends!

CUSTOMIZE YOUR LOOK 👕 Unlock fresh clothes, accessories 👟 & balls! 🏀

CLIMB THE LEADERBOARDS 🏆 Show 'em you're the GOAT! 🐐

SOCIAL HANGOUT 😎 Chill with your crew & show off your moves!

➕ NEW UPDATES drop regularly  ➕

Lace up & join the action! ⚡Play now! ⭐",Sports & Racing,Sports,minimal,0,Trending in Sports & Racing | More When You Subscribe,2,https://tr.rbxcdn.com/180DAY-1ecd36ae1f1abbd222d6c71d8ed7e9eb/512/512/Image/Png/noFilter,Arcade Basketball,Group,36093071,1107,136763518,844672,234024,27752,28,2025-06-10T12:50:54.18Z,2026-09-05T21:22:28.2637433Z
10476380360,[BETA] Sequence Basketball,"Sequence Basketball brings competitive basketball to Roblox with deep player customization, rewarding progression, and gameplay where every possession matters. Create your own build, develop your badges, master your playstyle, and compete your way to the top. 🏀

👍 Like and ⭐ Favorite the game to support Sequence Basketball and stay updated on new content and codes!

This game is in very early development and is open to the public for a bigger range of testing. Please stay patient with us as we fix all the bugs. Join our server to report bugs in the bug reporting channels. ",Sports & Racing,Sports,minimal,0,Trending in Sports & Racing,1,https://tr.rbxcdn.com/180DAY-5769ffa9e640ca272245032ea9b4fbe8/512/512/Image/Png/noFilter,ud,Group,4761890,775,1026639,4946,8665,573,1,2026-07-10T02:10:39.655Z,2026-09-07T01:54:11.7496579Z
8558141897,[HUGE UPD] Flag Football 🏈,"🏈 Flag Football

Step onto the field and experience fast-paced flag football like never before! The game is currently in early beta, so bugs and glitches are to be expected, but the core gameplay is ready for you to enjoy and compete in.

👍 Leave a like and favorite to support development and future updates!
⚡ Join the College Football Group to participate in league games and organized events.
❌ Report any bugs, glitches, or feedback in our Social Server — your input helps shape the game!

🏷️ College Football, Flag Football, CFB, Sports Simulation, Teamwork, Strategy, Competitive, Football 1on1, WR vs DB, Moss, Catch, Toss Up, Multiplayer, Friends, Mini-Game, Mobile, Xbox, OT7",Sports & Racing,Sports,minimal,0,Trending in Sports & Racing,1,https://tr.rbxcdn.com/180DAY-fa96f74b9b98a971631bb99c7e7eb7fd/512/512/Image/Png/noFilter,[CFB] - College Football,Group,33002973,1101,52396697,73879,32469,4121,14,2025-08-27T02:41:06.633Z,2026-08-26T16:36:06.935Z
10233164608,SHOWDOWN [1v1 Baseball],"⚾ Step up to the plate and become the star of the game!
No more waiting around for your turn to bat or pitch. Jump straight into the action and take control from the very first pitch.

🔥 A fast-paced 1-on-1 baseball showdown focused entirely on pitching and batting — no fielding, no downtime.
⏰ Games last only 3 innings, meaning every pitch, every swing, and every decision matters.
🏆 To claim victory, you'll need to dominate on both sides of the ball as an elite hitter and an elite pitcher.
⚡ Experience the ultimate two-way baseball battle!

💻 PC
• Pitching: WASD to aim + Pitch button to throw
• Batting: Move the PCI with your mouse + Left Click to swing

📱 Mobile
• Pitching: Drag on the screen to aim + Pitch button to throw
• Batting: Drag on the screen to move your Aim Cursor + Swing button to hit

🚧 Early Access: This game is still in active development.
Bugs may occur, and features may change as we continue adding updates and improvements.",Sports & Racing,Sports,minimal,0,Trending in Sports & Racing,1,https://tr.rbxcdn.com/180DAY-c1d65e1ba5568dd1d79d032c6e95f7cd/512/512/Image/Png/noFilter,3C SPORTS,Group,683246483,585,5932739,28774,6079,2029,40,2026-05-28T03:59:08.156Z,2026-09-06T17:35:28.89245Z
8181391950,[UPD] Neo Tennis,"🎾 Experience the thrill of tennis like never before! Can you become number one?

😎 Master unique styles and show off your skills on the court!

🌞 New content and updates coming soon — stay tuned!

👫 Party Mode [BETA] is now available for 2V2 rank!

🎮 Console, PC, and Mobile is supported!

👍 Like the game and join our group!",Sports & Racing,Sports,minimal,0,Trending in Sports & Racing,1,https://tr.rbxcdn.com/180DAY-b536e26a75141ea310f2c153744538ab/512/512/Image/Png/noFilter,Century Athletes,Group,36097435,1281,232796551,4482891,251667,26188,12,2025-07-17T08:08:06.74Z,2026-09-04T06:30:38.808Z
10718463698,[🏀] Start Your Basketball Career!,"🏀 START YOUR BASKETBALL CAREER!

👍 THUMBS UP (LIKE) the game for FREE CODES!
 CODE: ROTY FOR 10 ROLLS
👥 Join the discord for MORE FREE CODES! 

From an unknown rookie to a basketball legend... every choice is yours!

🎮 Build and manage your basketball player, then live season after season: training, games, media, locker room, transfers, injuries, and the basketball life.
⚡ Decisive moments — you take the shot.
🏆 Win championships, chase MVP awards, become a basketball legend, and climb the world leaderboard.
📈 Overall goes from 0 to ???. Almost nobody gets past 100...
🔁 Retire, beat your own records, and start your career again.
⚙️ Redeem codes in the Settings menu!

All players in this game are fictional. This game is not affiliated with, sponsored, or endorsed by any basketball organization, league, or professional player.",Sports & Racing,Sports,minimal,0,Trending in Sports & Racing,1,https://tr.rbxcdn.com/180DAY-0f3f490d35d70e42e105cdcd6ec7e25e/512/512/Image/Png/noFilter,Serdios Games,Group,904544304,468,242799,4261,3552,124,50,2026-08-16T01:59:33.482Z,2026-09-07T02:03:52.6218595Z
4666414595,[2X💵] NitroLab Drag Racing🚦,"Welcome to NitroLab Drag Racing! The most realistic and competitive drag racing experience on Roblox is here!

Drag race your way through drag classes: Bracket Racing, Index Racing, and Heads-up Racing, where every thousandth of a second counts. Whether you're fine-tuning your setup, buying/selling rare cars, or battling friends at the strip, NitroLab is built for drag racing fans who love speed.

NEW CODES AT 15K LIKES!!!

⚠️ Alpha Notice: Early version of the game, you may encounter bugs, incomplete features & performance issues.

🚗 Build, tune and customize your dream race cars
🏁 Drag race friends or go for personal bests on official NLDR tracks
🏆 Set records and earn exclusive trophies + badges
🥇 VIP Game pass will give you a 20% cash boost!
💎 Premium members will get loads of benefits + a tag in-game!

👥 Join our group & server for updates + organized racing tournaments!

🔔 Don't forget to FOLLOW + FAVORITE!",Sports & Racing,Racing,minimal,0,Trending in Sports & Racing,1,https://tr.rbxcdn.com/180DAY-5c6e1a22b19bc5b675f7dbdde3a2728d/512/512/Image/Png/noFilter,NitroLab Games,Group,33811793,467,5101425,33346,15742,2274,12,2023-05-10T21:24:52.247Z,2026-09-01T22:41:36.036Z
5666473198,Soccer: Touch Football,"Enjoy fun football/soccer matches with friends, featuring realistic ball physics and skill-based gameplay.

🔥 Shoot, pass, and score with precision
🏆 Compete in ranked matches & tournaments
⚡ Master timing, power, and angles
👥 Play with friends or against real players

Become a top player and dominate the field.

Controls:
WASD = Move
Space = Jump
Double Space = Salto
E = Emote",Sports & Racing,Sports,minimal,0,Trending in Sports & Racing,1,https://tr.rbxcdn.com/180DAY-ff334fa00f216e801072f511240ac361/512/512/Image/Png/noFilter,Touch Games,Group,10546822,2944,424278314,135248,102549,18275,10,2024-02-20T10:27:21.577Z,2026-09-03T13:14:46.465Z
10435851846,[SZN PASS] Hit Home Runs,"⚾ Swing your baseball bat
💥 Hit home runs for coins
🌳 Upgrade your Skills
🚀 Hit the ball farther!
",Sports & Racing,Sports,minimal,0,Trending in Sports & Racing,1,https://tr.rbxcdn.com/180DAY-ff4d225c60b7294dcd47ca06f0a81ff6/512/512/Image/Png/noFilter,Super Fun Sport Games,Group,200879839,777,20906152,206723,18358,2563,10,2026-07-02T23:36:31.735Z,2026-09-05T19:06:19.8327835Z
4293374620,FIFA Super Soccer,"The game is played as 4v4 in a packed stadium. Be the best goalkeeper, the midfield master or the star striker. Show off the best saves, deliver the assists, or score the most beautiful bicycle kicks. The choice is yours. 

CONTROLS: 
LMB - Shoot/Cross 
RMB - Low shot/Pass 
E - Slide tackle 
Q - Dribble 
TAB - Show leaderboard 
C - Unlock camera 
R - Wave (request ball) 


🎮 Made by Play! 🎮
This game used to be called Super League Soccer!",Sports & Racing,Sports,minimal,0,Trending in Sports & Racing,1,https://tr.rbxcdn.com/180DAY-ab2fd786a6324611c9695abc4630a62b/512/512/Image/Png/noFilter,Play! Football,Group,16790592,7086,1527208813,1067672,452297,102711,8,2023-01-16T19:20:52.88Z,2026-09-04T21:49:55.56Z
1871172282,Backstretch Battles Racing,"🏁 Are you ready to race for the win against others in the most intense racing game on ROBLOX?

Follow behind other players to get their ""Draft"" and give yourself a speed boost!
Please be respectful to others! If people don't want to be wrecked, avoid wrecking them!

UPDATE v2.59
🌞 Summer Lobby
💥 EXPLOSIONS?
✨ Impact Effects
 ⚙ Settings Overhaul
🎇 REVAMPED Apocalypse 2123 + Half-pipe
🌄 Charlotte Map
🗄️ BBR Server List + `🌎 Replay?`
🚗 2026 Car Pack & Revamped 2021 Meshes

Lost wins? Type '!revertstats'
Lost levels? Type '!revertdata'

🏁 Join our community server for the full changelog, custom schemes, reports and appeals!
📕 Product of Backstretch Battles. Game Credits devforum.roblox.com/t/3020327

Tags: NASCAR, Racing League, F1, racing, racecars, race cars, car, crash, driving, wrecking, wreck, NASCAR crashes, Daytona, Talladega, bb, bbr, straight line game, action, player vs player, pvp, race, customizable cars, drafting, blowover, blow over, slipstream, fun, arcade",Sports & Racing,Racing,mild,0,Trending in Sports & Racing,1,https://tr.rbxcdn.com/180DAY-ec777ac45af05f3e5687a9335dc3383b/512/512/Image/Png/noFilter,Backstretch Battles,Group,5147819,729,100457938,351732,172541,50922,16,2020-07-13T07:36:39.763Z,2026-09-01T21:47:41.509Z
10370802481,[⚽] Beatball,"⚽ BEAT THE BALL, BE THE BEST ⚽

Fast physics-based soccer inspired by Haxball & Rocket League. One kick button, pure skill, easy to learn, impossible to master!

⭐ NEW SEASON #2

🏆 RANKED 1v1, 2v2, 3v3, 4v4: climb the divisions every season
🎪 Official TOURNAMENTS every weekend
⚔️ CLANS: fight for the wins, ranked and tournament leaderboards
👥 Play with friends: parties up to 4 + custom rooms up to 16v16
🎨 Unlock skins, trails, goal effects & quick chats
📱 Play anywhere: PC, Mobile, Tablet & Console

🎁 CODES:

- SPAINWINNER (expires soon)
- LIKETHEGAME
- CHICKEN

Created by: chus_robloxx

soccer football futbol haxball sports ball ranked competitive tournament clans goal 1v1 2v2 3v3 4v4",Sports & Racing,Sports,minimal,0,Trending in Sports & Racing,1,https://tr.rbxcdn.com/180DAY-4d8a50ab11de5e23eb9facaa1987e1e7/512/512/Image/Png/noFilter,Lucentum Games,Group,1102575454,2058,82324730,270330,20135,7884,64,2026-06-21T16:53:57.412Z,2026-09-03T10:15:55.5Z
2459091562,[✨2X EXP + EXCLUSIVE TRAIL] RH2 The Journey (BETA),"🏀 RH2 The Journey is a basketball game series that introduces many new features. Controls and more information will be listed inside the game.

Leave a like 👍 and favorite ⭐ for more RH2 updates/codes!

THIS EXPERIENCE IS NOT FINISHED and it should not be treated as a finished experience.

RH2 currently supports:
-PC , -XBOX, -PS5, -MOBILE

Please report all bugs found!",Sports & Racing,Sports,minimal,0,Trending in Sports & Racing,1,https://tr.rbxcdn.com/180DAY-767f8670d5d27d5645de61b8282f0456/512/512/Image/Png/noFilter,BAX Studio,Group,5218591,2287,76695385,231702,129286,16889,1,2021-03-21T16:10:00.473Z,2026-09-06T22:02:27.9387744Z
7128251171,[S2] Superstar Baseball,"⚾️ Superstar Baseball ⚡

💛 Like the game and join Metavision for a 500 COIN BONUS!!

Step up to the plate against other superstars in Superstar Baseball, an anime-inspired, action-packed 7v7 arcade baseball game! Use special abilities and ultimate power-ups to take control of the field and outplay your opponents in casual but high-stakes matchups.

🔥 Unlock unique playstyles with powerful abilities and ultimates
🧢 Easy to play, competitive, and fun for baseball fans of all levels
🎽 Collect and equip gear, with more cosmetic options dropping soon
💥 Feel like a true slugger in every swing, pitch, and diving catch
",Sports & Racing,Sports,minimal,0,Trending in Sports & Racing,1,https://tr.rbxcdn.com/180DAY-4aa1351c5dd7d7f5d9aaf69d333d7149/512/512/Image/Png/noFilter,Metavision,Group,10302151,1006,99644374,231215,194970,16615,14,2025-01-22T23:24:25.377Z,2026-09-02T22:08:44.581Z
10368128654,[UPD1] Build A Basketball Dynasty,"🏀 Build your dream basketball dynasty!

📦 Open packs & collect 1,950+ players (2010-22)
🔥 Experience one of the most realistic basketball simulations on Roblox
🏆 Win Championships, dominate Leagues & climb Ranked
⭐ Collect rare Shiny cards and build the ultimate Starting 5

🔔 Likes the game and join the Group for more Updates!

Credits to HoliznaCC0 for his Music
",Sports & Racing,Sports,minimal,0,Trending in Sports & Racing,1,https://tr.rbxcdn.com/180DAY-87e8bebb151115564aea55d03663234f/512/512/Image/Png/noFilter,L3vi Studio's,Group,1102045545,633,1029134,19193,2352,397,25,2026-06-21T08:39:04.431Z,2026-09-04T16:27:41.806Z
16680835,Notoriety: A PAYDAY® Experience,"Notoriety: A PAYDAY® Experience is a fast-paced, first person co-op shooter that allows you to join the Notorious crew in planning and executing their next big heist.

HOW TO PLAY:
Upon joining, click the ""PLAY"" button which takes you to a list of public heists. You're also able to start your own heist from there.
Press [TAB] (Keyboard) or [SELECT] (Controller), or the gear icon (Mobile) when you're in the heist to view controls.

Players with Roblox Premium receive an exclusive suit, armor, and mask! 💎

Version 3.19 - April Fools!
- 🌙New heist: The Moon. Steal the moon itself!
- 🪓New weapon: Urutau Secondary SMG
- 👔New cosmetics in scrap shop
- ✨Bug fixes and improvements

Tags: Heist, Stealth, FPS, Strategy",Shooter,PvE Shooter,mild,0,Trending in Shooter,1,https://tr.rbxcdn.com/180DAY-c1ce934f7a3641d6ca8d054dcdbdd3fc/512/512/Image/Png/noFilter,Moonstone Games,Group,8918098,3844,535486534,2717492,593446,47770,80,2010-01-29T10:18:58.4Z,2026-09-04T02:35:19.108Z
10309128556,[UPD] HELLHOLE [🧟‍♂️],"ALPHA - bugs will be expected.

THE SURFACE IS GONE. THE ONLY WAY OUT IS DOWN.
HOW DEEP CAN YOU GO?

Games now save under the host only

Controls:

PC:
Click - Shoot
Shift - Sprint
R - Reload
Ctrl - Unlock Mouse

Controller:
R2 - Shoot
L3 - Sprint
X - Reload

🛗 DROP INTO THE SHAFT
🔫 GUN DOWN THE HORDE
🎁 CRACK OPEN EPIC LOOT
🧬 STACK ALL UPGRADES
💥 GO DEEPER. DIE. RUN IT BACK.

Like the game & join the group for updates! 👍",Shooter,PvE Shooter,mild,0,Trending in Shooter,1,https://tr.rbxcdn.com/180DAY-a96f4ef440f4fed376cdb3e30617a793/512/512/Image/Png/noFilter,Game Chefs,Group,9165165,2560,9620064,143252,173974,3347,50,2026-06-11T21:36:46.275Z,2026-09-07T04:42:45.8447983Z
9210599831,💢 AIMBOT,"Welcome to AIMBOT, a first person shooter game where you can use HACKS to beat other players! Challenge other players in the arena, the player with most kills WINS!

🔫 PLAY in the arena and DOMINATE others
♦️ Earn GEMS to unlock new HACKS!
📜 Complete tasks to unlock EXCLUSIVE rewards!
🎁 Open CRATES to show off RARE skins! 

🎮 Available on Desktop, Phones, & Tablets! (Console coming soon)
💜 Like and join the group for exclusive rewards!",Shooter,Deathmatch Shooter,mild,0,Trending in Shooter,1,https://tr.rbxcdn.com/180DAY-2532172fead8aa383e21cc06f6fa5111/512/512/Image/Png/noFilter,Hacking Headquarters,Group,231635532,984,10243147,292204,51495,2377,8,2025-11-20T23:11:00.453Z,2026-09-05T22:49:35.8393873Z
10648640958,Hood Rivals,"🎮 All platforms supported

⚔️ Queue into a match instantly — solo or with your party
🎯 1v1 , 2v2 , 3v3, Team Deathmatch & Free For All & Gun Game
🏆 Compete In RANKED Gamemode !
🔓 Level up to unlock new guns
🎁 Open cases for gun skins, shoes, watches & tattoos
🔥 Build your win streak and be the best
📊 Global leaderboard for Kills, Level, Wins, & Streak

💜 Like the game & join the group

⚠️ Exploiters, glitch abusers, and stat farmers get permanently banned. No warnings, no appeals.

❓Will you be #1 ?",Shooter,Deathmatch Shooter,mild,0,Trending in Shooter,1,https://tr.rbxcdn.com/180DAY-8024212253ec1de9e564c35165ff3afa/512/512/Image/Png/noFilter,A-Grade Productions,Group,512081418,4322,21229901,302992,21722,2104,30,2026-08-07T13:48:37.427Z,2026-09-06T21:40:05.0293964Z
10635348596,[UPD2] Machine Party 💥,"A collection of uniquely party games 
Support for 2 - 4 players 
Customize your test subject
Multiple devious ways of screwing your friends over",Action,,mild,0,Trending in Action,1,https://tr.rbxcdn.com/180DAY-9591d53d4e00a217474a419b01009d37/512/512/Image/Png/noFilter,Aura devs studio,Group,35175010,5712,11100151,70540,8672,1502,32,2026-08-05T11:21:17.748Z,2026-09-06T21:27:28.3595284Z
1998835206,[🌞] item asylum,"!! WARNING: THIS GAME CONTAINS FLASHING LIGHTS AND LOUD NOISES !!

a meme and reference-filled randomizer fighting experience. can it get more chaotic?

how the experience works: every time you respawn, you get 3 random weapons: a melee (first slot) a ranged (second slot) and a miscellaneous (third slot). use these to fight others.

join the group for 0.5x additional point multiplier (stacks with 2x points gamepass)
https://www.roblox.com/groups/6356872/JPX-Studios#!/about

(2.0x base multiplier every Friday, Saturday, and Sunday!)",Action,Battlegrounds & Fighting,mild,0,Trending in Action,1,https://tr.rbxcdn.com/180DAY-e1c2da4de5a383e0b2f3928097bce9aa/512/512/Image/Png/noFilter,Jean's Bizarre Community,Group,6356872,2295,589238051,1173627,511804,77142,30,2020-09-08T23:56:46.457Z,2026-09-02T01:14:58.797Z
10230942274,Ability Arena 💥,"Choose your ability and head straight into the arena. Unlock powerful abilities to dominate the arena!
Abilities can be unlocked by fighting other players and gaining hits.

There are currently 24 useable ability movesets in the game, more are on the way!

🎮 Platform Support
PC 💻 | Mobile/Tablet 📱| Console 🎮
(Xbox & PlayStation supported)

👍 Enjoying the game?
Leave a thumbs-up, it helps a lot!

⚠️ NOTICE:
Cheating, exploiting, or farming with alts will result in a permanent ban.",Action,Battlegrounds & Fighting,mild,0,Trending in Action,1,https://tr.rbxcdn.com/180DAY-e15732783f8b0998e8e9f955d1dfcdce/512/512/Image/Png/noFilter,Banjomeni,Group,179853653,6476,80433133,179965,211403,15350,20,2026-05-27T15:24:51.668Z,2026-09-06T06:25:22.5696411Z
5813007850,Iron Man: Reimagined,"Fight and challenge other players in iconic suits of armor. With many suits to choose from, take your battles to the stars and explore the other planets available. This is a game inspired by many others, created and refined to be the very best it can be.

Started as Multiverse: Reimagined before becoming Iron Man: Reimagined, the perfect sequel to a beloved superhero classic.

Credits:
DJSycon — Programmer, UI, Animator
0DoubleDonk_0 — Building
KnGHydrated — VFX, Builder
RGBErrors - HUD UI
saukwra — UI
CAIO_BRAZIL — War Machine / Mark 85 Suits
andrey_277 — Suit Models
KurtisCB, P6_PM, DaWolf09 — Thumbnails

Copyright © 2024 Universal Horizon.",Action,Battlegrounds & Fighting,mild,0,Trending in Action,1,https://tr.rbxcdn.com/180DAY-213f582d024c3c96eae6a5e905088595/512/512/Image/Png/noFilter,Universal Horizon,Group,5255525,1394,114356723,283253,110134,10755,50,2024-03-29T23:36:13.103Z,2026-09-05T20:55:19.843762Z
5456952508,Valley Prison,"Welcome to Valley Prison! A ""realistic"" prison role-play experience. 

🎆 Latest Updates:

(4/15/2026)
+ Added an icon above peoples heads if they cannot chat with you
+ Patched a few exploits

You can play as: 
- Inmate ; ESCAPE! 
- Corrections ; PROTECT! 
- Escapee ; ATTACK!
- Civilian ; EXPLORE!
- State Police ; ENFORCE!

🔔 Follow the game to receive update notifications. 
🎮 Join our Roblox group for more info!
💬 Join our Communications Server for Bans, Reports, etc.

Tags: Valley Prison, County Jail Roleplay, County Jail, Prison, Jail, Prison Life, Jailbreak, Prison Roleplay, Roleplay, CJRP, VPRP, Valley, County Jail Roleplay, Prison Life, Redwood Prison, Military, Prisoner, Inmate, Corrections, Guard, REVAMP, Game, Cops and Robbers, Valley Prison Roleplay,",Action,Open World Action,mild,0,Trending in Action,1,https://tr.rbxcdn.com/180DAY-a869beb02fb74e5162512a516bf7ef8b/512/512/Image/Png/noFilter,Valley Prison,Group,33269521,1984,108082917,204916,82534,22735,50,2023-12-28T16:47:53.17Z,2026-09-04T22:18:48.4Z
3085257211,Rainbow Friends,"🚌 It was supposed to be a normal field trip...
🌈 But the Rainbow Friends want to play.

Animations by krefix",Adventure,Story,mild,0,Trending in Adventure,1,https://tr.rbxcdn.com/180DAY-52711cf678d6a095888b0d4c8f893809/512/512/Image/Png/noFilter,Roy & Charcle,Group,1083606,4385,5096959371,3823980,1529919,302938,50,2021-11-14T00:47:31.59Z,2026-05-29T20:51:03.438Z
10414828414,Dreamality [DEMO],"⚠️ This is a short, unfinished, early access demo. We will release the full chapter (or smaller additions to chapters) when it is fully finished, features are still being built, things may change.

A slow, dream based narrative story game with quiet horror undertones, inspired by liminal spaces, dreamcore, and weirdcore!

Everything is easier to deal with tomorrow, right? You fall asleep, avoid your problems, and fall asleep again. In your dreams, you end up somewhere else, further from home, closer to something you can't put off forever. 

See our social links for announcements, sneak peaks, to report bugs, and more!",Adventure,Story,minimal,0,Trending in Adventure,1,https://tr.rbxcdn.com/180DAY-d842217e009217fe3a43812ecb69a2dc/512/512/Image/Png/noFilter,Frutiger Studios!,Group,791837250,680,532291,55782,9486,499,25,2026-06-29T05:45:38.693Z,2026-09-07T04:40:24.5540868Z
10226701629,[CHAOS] Clean The Library 📖,"👍THUMBS UP for more UPDATES at 150,000 LIKES 👍

🖥️ PC Controls:

E or Click: Pickup / Place book
Q: Drop book
Scroll: Switch top book
Right Click: Zoom In

🎮 Controller Controls: 

RT - Pickup / Place book
B/O - Drop book
LT - Cycle books
D-Pad - Abilities

📖 Your local library has been turned upside down and the books are everywhere! Unlock your inner librarian and help clean up the mess by sorting thousands of books hidden around the entire library!

👥 Cleanup alone or with friends!
🏁 Race for the fastest times on the leaderboard!
🔓 Earn upgrade and abilities to help make the job easier!

✨ Inspired by ""Librarian: Tidy Up the Arcane Library"" ✨

Project Lead: StarMarine
Programmer: No4hhhh
Modeler: Synpletic
Music: ZHRØ",Adventure,Scavenger Hunt,minimal,0,Trending in Adventure,1,https://tr.rbxcdn.com/180DAY-e7a0fd9ad6dacd48a9b7531188d93a5c/512/512/Image/Png/noFilter,Retro Library,Group,36090990,2415,92585681,335570,138401,11060,12,2026-05-26T19:23:58.97Z,2026-09-06T00:01:39.0127445Z
1318971886,Break In (Story),"Move in day! There are white brick balconies, an absence of drapes, nostalgic pictures lining the walls and the smell of new house. A wooden staircase leads upstairs where 12 beds wait lamely for occupants.
 
The night may be stormy, but there are 11 unfamiliar players for you to meet, and a house full of secrets waiting to be discovered. 

Oh, and the murderers. I almost forgot to mention the murderers.

Sincerely, your fren
Cracky4









special thanks to:
roytt - spanish translation 
viridial & korky5000 & resonating - building 
osyris & foryxev - scripting help
docsurrykat - npc design of background characters
samsonxvi & kerfoogle - quality assurance 
simdiggie & splashgameart - animations
defaultio - richtext
devsatwork - house
catfartswithrainbows - kitten
gkku - particles",Adventure,Story,minimal,0,Trending in Adventure,1,https://tr.rbxcdn.com/180DAY-2fc5f39ad2f3e05e52781c181e470e32/512/512/Image/Png/noFilter,Cracky4,User,2600997,1898,3007536088,4145449,1096755,121501,45,2019-09-09T23:20:17.843Z,2023-10-09T02:57:00.64Z
9796898051,[SEASON 1] Drill to Earth’s Core 🌎,"Can you Drill to Earth's Core?

Fight monsters, loot dungeons, and upgrade your vehicle.

But as you descend, you may discover there's more to the depths than just rock and monsters...",Adventure,Exploration,mild,0,Trending in Adventure,1,https://tr.rbxcdn.com/180DAY-879a7b942ab60f27d1d3b83ff0505676/512/512/Image/Png/noFilter,Game Name.,Group,14469199,4867,48717654,731477,58348,4653,30,2026-02-25T19:18:57.353Z,2026-09-05T20:10:05.8612218Z
3761186887,Apeirophobia,"Centered around the exploration and documentation. Stuck inside endless rooms, being watched from every corner. Brace yourself for puzzles to solve, and entities to hide from. escape from reality...

Credits:
The game was inspired by K. Pixels, some content is from The Backrooms Wiki.

For the best experience.
📈 Turn on max graphics.
🎧 Use Headphones.

WARNING!
This experience contains Sudden jumpscares, Flashing lights, and Loud noises.

Includes PC & Mobile & XBOX support.

Join our group to receive in-game perks!
https://www.roblox.com/groups/15422038
Also, join our community server for updates & sneak peeks!

TAGS: Backrooms, Horror",Adventure,Exploration,moderate,0,Trending in Adventure,1,https://tr.rbxcdn.com/180DAY-62d2edbcbadc9aeb5fe55e5c7c313457/512/512/Image/Png/noFilter,Polaroid Studios,Group,15422038,916,435147630,2324697,587543,51444,40,2022-07-19T04:55:56.56Z,2026-09-04T07:05:43.444Z
9643802350,🧟 Dig and Survive,"🧱 You live in an isolated mining town
🧟 Something has happened which has caused the dead to rise..

🔪 Defeat enemies 🪏 Dig for Scrap ⌛ Uncover what’s really going on

☠️ Survival gets harder as new threats and bosses appear the further you go
🤝 Best played with friends

🌟 ROBLOX Premium members get a starting class!
⚔️ Group members receive free rewards!

👍 Like, follow the game, and join the group!

🎮 Available on PC, mobile, tablet, and console!",Adventure,,mild,0,Trending in Adventure,1,https://tr.rbxcdn.com/180DAY-3e51128f716a5bf31a0206c14201e553/512/512/Image/Png/noFilter,im diggin it,Group,432985269,1819,1700429,18008,6487,561,20,2026-01-29T22:23:08.09Z,2026-09-06T23:52:03.3032952Z
4925010421,Interliminality (ALPHA 1.3.6),"A liminal space horror game that gets more difficult as it continues. Infinite lives, infinite possibilities.

This game is inspired by The Backrooms and Liminal Spaces!

You play as a group of teenagers sneaking into a building and realizing things aren't quite as they should be...

This is only an alpha!

Tags: Interliminality, Liminal Space, Liminal, Backrooms, Horror, Horror Game, Weirdcore, Story, Liminal Horror",Adventure,,moderate,0,Trending in Adventure,1,https://tr.rbxcdn.com/180DAY-b00d3e0f2e10b493512f6d545702e858/512/512/Image/Png/noFilter,Studio308,Group,11263294,1576,90710568,885577,189728,15767,60,2023-07-29T14:16:22.473Z,2026-09-05T02:47:58.587Z
972475338,🚩Expedition Antarctica,"❄️🚩Team up with friends or go solo and embark on an epic snowy adventure across Antarctica to reach the South Pole! 🚩❄️

Summit the highest Antarctic mountain and conquer the icebergs, glaciers and mountains. Reach the South Pole in this adventure roleplay world and even meet penguins along the way!🐧

👨‍👩‍👧‍👦 Join 'Playduo Studio' for +25% fall resistance! 
https://www.roblox.com/groups/4626344

🔔 Press the 'Follow' button for game news & leave a 👍 to support the game!

Developers: RPD777 and RJD12345",Adventure,,minimal,0,Trending in Adventure,1,https://tr.rbxcdn.com/180DAY-a8b48aeb8db5561affbab310807f9a13/512/512/Image/Png/noFilter,Playduo Studio,Group,4626344,2281,706468890,1871191,499260,81423,42,2018-12-30T09:43:12.993Z,2026-08-30T10:38:20.211Z
4807308814,Break In 2 (Story),,Adventure,,mild,0,Trending in Adventure,1,https://tr.rbxcdn.com/180DAY-41ffb2bddc7221f14610d9393765ba40/512/512/Image/Png/noFilter,,,,1716,,,344220,55819,,,
5807622548,RV Cooked? [UPDATE ⛈️ 🚐],,Adventure,,minimal,0,Trending in Adventure,1,https://tr.rbxcdn.com/180DAY-e23f900e5d77b335d86cf065ee8bc608/512/512/Image/Png/noFilter,,,,2753,,,197468,14192,,,
4221956550,The Butchery,,Adventure,,moderate,0,Trending in Adventure,1,https://tr.rbxcdn.com/180DAY-62ba11915d1e416f6a467601baf59327/512/512/Image/Png/noFilter,,,,1230,,,175518,24011,,,
6417564879,Mr.Mix,,Adventure,,mild,0,Trending in Adventure,1,https://tr.rbxcdn.com/180DAY-86b1a3be42cdefa4799341c384ccb8a5/512/512/Image/Png/noFilter,,,,1658,,,129712,23666,,,
4720386144,Ophelia [HORROR],,Adventure,,moderate,0,Trending in Adventure,1,https://tr.rbxcdn.com/180DAY-8e9245e6032679b0e8b8e51ac606fee0/512/512/Image/Png/noFilter,,,,1607,,,122657,11609,,,
7599404611,Route 06,,Adventure,,mild,0,Trending in Adventure,1,https://tr.rbxcdn.com/180DAY-da34175abeaa149ce73c2b2cf60b4719/512/512/Image/Png/noFilter,,,,696,,,31248,1735,,,
6413074235,A Long Road - BETA,,Adventure,,minimal,0,Trending in Adventure,1,https://tr.rbxcdn.com/180DAY-4d6abe529cb2ae284b6ffa0d1363b8c2/512/512/Image/Png/noFilter,,,,681,,,100411,12946,,,
7398552394,A desrt [SANDBOX],,Adventure,,minimal,0,Trending in Adventure,1,https://tr.rbxcdn.com/180DAY-09738c45db325bdd7fd2a6af50cc5ac1/512/512/Image/Png/noFilter,,,,5168,,,122948,14484,,,
4760747038,[UPDATE] Wonderland,,Adventure,,mild,0,Trending in Adventure,1,https://tr.rbxcdn.com/180DAY-eae5301fd6a542b6f0c3d717af776b7d/512/512/Image/Png/noFilter,,,,2076,,,199133,26862,,,
7488668004,🍰 Bake or Die 💀 ,,Adventure,,mild,0,Trending in Adventure,1,https://tr.rbxcdn.com/180DAY-09f5121a77e52c315b53c3fa4797aa69/512/512/Image/Png/noFilter,,,,8477,,,133311,11107,,,
8237105425,A Broken Dream,,Adventure,,minimal,0,Trending in Adventure,1,https://tr.rbxcdn.com/180DAY-1f7f2ec0c16078d2c6967651d4eb2d19/512/512/Image/Png/noFilter,,,,2181,,,327484,7422,,,
9826885587,Evomon[S2 AFK],,Adventure,,minimal,0,Trending in Adventure,1,https://tr.rbxcdn.com/180DAY-194e53374e4ad22dbc90583dde2a7ff3/512/512/Image/Png/noFilter,,,,6529,,,299455,8466,,,
2643072291,Frigid Dusk,"[ HORROR ]

📝Recent Updates
+ CHAPTER 1.2 Remaster Released!



📖 [ STORY ]
Years ago, a group of scientists at IBC Laboratory accidentally invented a new biological weapon. The weapon was stolen after a leak of its existence. However, they were unable to contain the experiments. You have been tasked to investigate the places where the weapon was used. Team up with your friends to uncover the mysteries of Frigid Dusk.


🎮[ COMPATIBILITY ]
- PC
- Mobile
- Console [ Lobby and Chapter 2.3 ]


⚙️[ RECOMMENDATION ]
 - Graphics settings at 4 +
 - High Brightness",Adventure,Story,moderate,0,Trending in Adventure,1,https://tr.rbxcdn.com/180DAY-15328be6b596fd48bd3dc8d65a00fa3c/512/512/Image/Png/noFilter,Idc Studio,Group,11036379,1551,94702153,977958,104992,21919,20,2021-06-06T01:33:54.703Z,2026-06-09T04:40:56.36Z
3349588628,Digital Piano 🎹,"🎹 Welcome to Digital Piano! 🎹

The ultimate online piano game that everyone can play.

Here you can:

💸 Click a player’s character to donate to them
🎹 Practice and play your favorite songs
🎵 Use AUTOPLAY to play songs with our in-game piano autoplayer
🎼 Use the built-in MIDI Autoplayer to play songs from a MIDI file
💬 Leave comments on other players’ profiles
⭐ Build your reputation with positive feedback from other players
🏆 Climb the leaderboards and show your progress
🛍️ Earn Notes Currency and buy items or titles
🌟 Hang out, perform, and meet other pianists

Premium Players gets +1.5x Notes Currency Boost

👍 Enjoying the game?
Please give the game a 👍thumbs up and add it to your ⭐favorites to support us! <3

Join the Digital Piano Org. Group to get a Supporter In-Game Chat Tag and Title!

Thank you for playing Digital Piano!",Entertainment,Music & Audio,minimal,0,Trending in Entertainment,1,https://tr.rbxcdn.com/180DAY-2986bc5ff42c2442896fc9be050aa059/512/512/Image/Png/noFilter,Digital Piano Org.,Group,14086245,284,57811656,1231948,38759,6359,25,2022-02-17T12:32:11.247Z,2026-07-25T11:38:12.868Z
9800616505,Beat Battles 🎵🎧 [BETA],"WELCOME TO BEAT BATTLES! 🎵🎧 [BETA] 
Made by Overtune

A music-making platform & competitive remixing game
from Iceland with love

- REMIX unique tracks with loops! 🎶
- MAKE your own music using our Piano Roll 🎹
- BATTLE against your friends on stage! 🎤
- VOTE for your favourite performance! 🎆
- UNLOCK new DJ Decks, stages, effects! 💿
- EXPAND your music catalogue 🎵
- LEVEL up your production and climb the billboards! 🏆
- SHARE your best tracks with friends! ❤️

Please 👍 LIKE and ⭐ FAVOURITE to support the game!

Tags: Music, DJ, Remix, Beat Battle, Loops, Rhythm, Creative, Competition",Entertainment,Music & Audio,minimal,0,Trending in Entertainment,1,https://tr.rbxcdn.com/180DAY-b15392d7a892585e22ad7a3313c6345a/512/512/Image/Png/noFilter,Overtune,Group,372468388,461,2176599,26947,6912,1261,25,2026-02-26T12:15:38.573Z,2026-09-04T17:29:41.586Z
1953956112,Visual Pianos 🎹,"Welcome to Visual Pianos, the best pianos on Roblox.

Play piano, perform with friends, and bring your favorite songs to life. We're a multiplayer music experience with customizable instruments, beautiful worlds, and spectacular visual trails.

🎹 Play solo, duet with friends, or perform for others. Show off your skills!
🎶 Choose from over 200+ different soundfonts; the largest collection on Roblox.
🎺 Type sf+ to mix and match up to 4 different instruments to play together!
🎨 Customize your piano, colors, trails, and visual effects. Express yourself!
🎛️ Play with QWERTY, MIDI, mobile, or tablet controls. Play VP wherever you are!
🤖 Type >auto to autoplay your favorite music sheets for free. 
🐾 Collect exclusive pets and discover more secrets throughout the game.",Entertainment,Music & Audio,minimal,0,Trending in Entertainment,1,https://tr.rbxcdn.com/180DAY-f3400933c30f445fd98dccdbdef636be/512/512/Image/Png/noFilter,Visual Piano Studios,Group,6720815,275,61496327,878647,44675,5197,25,2020-08-20T07:42:05.73Z,2026-09-05T06:06:06.281Z
10175155684,[FAKE COLLAB] Mrouse's Animations,"Mrouse's Animations

Place where you can take your avatar and use it in my meme/trending animations!
🎬 Put your avatar into viral meme and trending animations!
📸 Perfect for screenshots, videos and content creation!

‼ Recommendations:
Play on max graphics!
If you find a bug, please report it on our Ds server!
If you publish content with my animations on any platform, please include a link to the original product!

Credits:
+---------------------------+
Animator - MrouseYT
+---------------------------+
Developer - ThePetAndI
+---------------------------+
Artist - Miroolub
+---------------------------+
Assets - babuin_111
+---------------------------+
Game thumbnail - raneniya
+---------------------------+
❤ Special thanks also to all my testers!

Inspired By: Zyltex's Animations, Trending Meme Animations",Entertainment,,minimal,0,Trending in Entertainment,1,https://tr.rbxcdn.com/180DAY-8414896a600256de7bff00adad396702/512/512/Image/Png/noFilter,Mrouse's Store,Group,997188612,1017,2756109,27605,5565,763,15,2026-05-16T09:06:07.278Z,2026-09-03T15:02:04.86Z
10010371086,[🤖] Invincible Edit Test,"watch a tuff invincible edit of you or your friends
fly around, destroy the map, maybe even go to space!

Join the group for updates and future rewards:
https://www.roblox.com/groups/89229136

if you found a bug, you can join our group or community server and report it.


Inspired by Invincible
Inspired by the game Trending Meme Animations

We are not the creators of the music in this game. Every song and sound is made by its respective artist, original titles and all credits for each song are listed in the game.",Entertainment,,moderate,0,Trending in Entertainment,1,https://tr.rbxcdn.com/180DAY-ce1546d6309656fd061adf658f32d0de/512/512/Image/Png/noFilter,Tuff Edits,Group,89229136,408,41352025,141405,54657,2478,20,2026-04-09T07:57:37.926Z,2026-09-05T14:53:35.348Z
9671745030,[PSYCHO TEDDY] Luuynix's Animations,"Put yourself, your friends, or ANY Roblox user into any animation!
NEW ANIMATIONS:
Psycho Teddy (1 Player)
No Photography Edit (2 Player)

(As a solo developer, animations might take time to be released)

RECOMMENDATIONS:
For the best cinematic experience, I highly recommend playing on Maximum Graphics

(If you record a TikTok or YouTube video using these animations, please credit the game!)
Submit any bug reports to my community server linked under the game's description, or just join to hang out! :D

Tags: Luuy Anims, Animations, Meme Animations, Luuynix Anims, Meme, Funny",Entertainment,Showcase & Hub,minimal,0,Trending in Entertainment,1,https://tr.rbxcdn.com/180DAY-48e73121a4abd6de2fef404dd4ef54b0/512/512/Image/Png/noFilter,Luuy Studios,Group,679627128,525,14070092,93627,21828,1913,1,2026-02-03T21:05:52.017Z,2026-09-04T00:45:03.282Z
10506354213,[LAG TRAIN] Trending Meme Animations,"Trending Meme Animations
Place where you can take your avatar and use it in any ""Trending"" animation!
( in the game, you are presented with a large list of animations! where you can choose the animation you like :D )
( you can also choose any avatar, even your friend's avatar, and use it in the animation! )

⭐ Recommendations:

Play on maximum graphics!
(this will make the lighting look better in the animations)
If you publish any content with our animations on any platform, please mention the original product!
Please report any bugs to the ds server of the place

(Special thanks also to all the game testers <3)

🔨 game made by Reflections studio",Entertainment,,minimal,0,Trending in Entertainment,1,https://tr.rbxcdn.com/180DAY-a3d72ee63ffac1aa02fe136bd3a62ffd/512/512/Image/Png/noFilter,Reflections Studio!!,Group,644650481,233,7059320,53963,9679,1549,1,2026-07-15T09:40:35.754Z,2026-08-19T20:17:07.977Z
10302044098,[🎶] ClickBeats,"Welcome to ClickBeats! The music creation and rhythm game where every song is made by a player.

Build songs note by note in a full studio, play community tracks, earn rewards, and collaborate with friends.

🎹 Create music with 50+ instruments and effects
🎮 Play any song in rhythm/play mode and set high scores
🤝 Collaborate live with up to 3 friends
💰 Earn coins whenever people listen to your songs
📀 Collect songs into playlists, release your own albums
❤️ Your song could be the next front page hit

Join thousands of players creating and sharing music today!

👍 Like the game (pov games can't even check this) and join the group for rewards!

🏷️Tags: music creator, song maker, music studio, music producer, rhythm game, music sharing",Entertainment,Music & Audio,minimal,0,Trending in Entertainment,1,https://tr.rbxcdn.com/180DAY-ed54ea888f1a777d2555317b313b6eb5/512/512/Image/Png/noFilter,Coos Studios,Group,529007519,154,4064902,89800,6439,1485,50,2026-06-10T17:53:33.217Z,2026-09-05T22:49:57.0661973Z
10661293419,Memeify 🔥🎵,"Make your own 30 dollar song with a cool new editor to play and share them on Roblox 🎵

🥇 Invite up to 3 others in co-op mode to make songs together
🕹️ Convert them into a vertical-style rhythm game chart to play
🎹 Supports virtual piano/midi keyboard inputs for the editor
💵 Donate or receive tips from your songs and get Robux

🙏 Credits to GD Colon for the original thirtydollarwebsite ❤️
(this place was built to add on the former with new features like multiplayer creation, showcasing and mobile/console support)

If you enjoyed your time, make sure to 👍 It helps players find your cool songs!
🏷️ Tags: tdw, daw, 30 dollar studio, thirty dollar haircut, audios, mania, fnf, rhythm track",Entertainment,Music & Audio,mild,0,Trending in Entertainment,1,https://tr.rbxcdn.com/180DAY-ba3c4e72d34a99a82d31b87025265ce7/512/512/Image/Png/noFilter,Hub Network,Group,948622,117,259807,2927,402,110,100,2026-08-09T05:01:09.311Z,2026-09-07T03:02:41.4928871Z
1784051919,[New Update] Beat up simulator,"So, basically this is where you beat up n stuff

I also made an animation game!
https://www.roblox.com/games/8281431812/Gojo-Geto-Walk-Animation-Simulator

Btw get this model if you want to make a map for us or something
https://www.roblox.com/library/5521196596/Beat-up-simulator-template
go to our group for more instructions n stuff
",Entertainment,,minimal,0,Trending in Entertainment,1,https://tr.rbxcdn.com/180DAY-00dd852d674da79f2f30d364d4a5fe9f/512/512/Image/Png/noFilter,Imded Studios,Group,1123655,307,229347422,2108408,353301,20804,24,2020-06-04T06:40:17.307Z,2026-09-06T00:31:05.5772394Z
5283170248,better discovery,"a community based roblox game for finding other cool roblox games using ratings, reviews and genre tags

inspired by obscure game finder",Entertainment,Showcase & Hub,minimal,0,Trending in Entertainment,1,https://tr.rbxcdn.com/180DAY-f6c9a05b71d4392eba0d47b99d75d235/512/512/Image/Png/noFilter,Mariage Sorcière,Group,17412610,36,17359463,349308,136265,2494,1,2023-11-10T20:49:04.62Z,2026-08-28T23:32:01.464Z
9372077571,Street Beats 💿,"🎧 Start as a small beat maker and build your music empire!

📦 Claim your own booth
💿 Make beats using samples
🏷️ Sell your music or show it off to other players
👀 Get discovered
🔓 Unlock more samples, booths, and upgrades
🏆 Build your music empire

👍 Like the game and join the group to unlock a free booth!
🔔 Follow for updates!",Entertainment,Music & Audio,minimal,0,Trending in Entertainment,1,https://tr.rbxcdn.com/180DAY-14bd4eba6aac4ee2df718202da8929e5/512/512/Image/Png/noFilter,Unsigned Games,Group,34261317,108,15133746,67966,35373,2203,24,2025-12-17T13:20:50.333Z,2026-07-07T04:44:19.772Z
2938948258,Piano Music Sheet Practice,"Practice playing pieces on your digital keyboard as each note highlights and waits for input.

Tags: virtual piano, piano, keyboard, midi, qwerty, music, note, song, musical",Entertainment,Music & Audio,minimal,0,Trending in Entertainment,1,https://tr.rbxcdn.com/180DAY-f00525f94c33ca4549b89be9d712cab6/512/512/Image/Png/noFilter,Music Sheet Practice,Group,463833633,93,12823578,53270,13044,1286,1,2021-09-25T20:20:31.493Z,2026-06-22T15:10:42.334Z
9290676034,[REVAMP] KATSEYE: BEAUTIFUL CHAOS TOUR,"✨ Welcome to the KATSEYE <BEAUTIFUL CHAOS> tour roleplay game! Here, you can dive into the action and participate however you like—whether as a member, DJ, fan, or dancer.

🎤 Want to stay updated on developments, shows, and announcements?
Check out our Roblox group for all the latest news and upcoming events.

📌 Developed by Scorpio, Eazy, Evan, and Ángel.
Please note that this game is still under active development and will receive frequent updates.
All credits to HYBE and Geffen Records.

If you have any suggestions, feel free to share them on our group forum!

Tags: KATSEYE, Beautiful Chaos Tour, KATSEYE Roleplay, KATSEYE Tour, Daniela, Manon, Sophia, Yoonchae, Lara, Megan, Roblox, roleplay, concert, pop tour, lumine, kpop, dance studio",Entertainment,Music & Audio,minimal,0,Trending in Entertainment,1,https://tr.rbxcdn.com/180DAY-2c30b18aca91b89970ec158d995e0d99/512/512/Image/Png/noFilter,Iumine,Group,634445965,332,2141116,77143,3523,369,10,2025-12-03T11:43:25.17Z,2026-09-07T01:24:01.9170066Z
8292068736,The Block,"Welcome to The Block from Roblox Innovation Studio; Roblox’s “Main Stage” where the future of entertainment is co-created with YOU!

🔭 Discover What's Next: New artists and content creators that you’ll love.
🎧 Live & Immersive: Join and influence events in real-time.
⭐ Culture Unlocked: Connect directly with artists and celebrities.
🎤 Own the Stage: Express your unique POV, perform live, and flex your style.
👑 Exclusive Drop Zone: Score limited-edition UGC and real-world merch.
🚀 Co-create the Future: Play with new tech and influence what we build next.

Recently @ THE BLOCK: Aespa, Billie Eilish, BSlick, KATSEYE, Laufey, LE SSERAFIM, Miami XO, Netflix’s KPop Demon Hunters, Netflix’s Stranger Things: Tales from ‘85, overtonight, Parry Gripp, Roblox Creator Showdown, Sofi Tukker, Stray Kids, and The Knocks, The Rolling Stones, Tolou.

💥 Photosensitivity: Flashing lights. 🛍️ Merch: Real-world items available.

👍 & ⭐ favorite The Block for updates!",Entertainment,Music & Audio,minimal,0,Trending in Entertainment,1,https://tr.rbxcdn.com/180DAY-879e292d30c63f2644d4322658ab972d/512/512/Image/Png/noFilter,Live on Roblox,Group,13997470,180,138720765,366156,347881,33799,60,2025-07-29T15:45:48.33Z,2026-09-06T22:02:51.2475091Z
7452857402,[Update] Pad Thai Meme Animation,"Main Pad Thai Meme Animation
Update V11.9 🎉

All Game Pass 30% OFF🔥

- New 3 animations 👀
- Konosuba dance (2 Players)
- Let's Groove (2 Players)

-Early Access Animations 🎰
- Like baby you buggin (1 Players)



- Animations 🔥
- MEMES
- DANCES
- Trending Meme
- Funny memes

- Console 🎮 🕹️
Toggle Console Mode : Button X
Console Play Animation : Button A

-Credit 💳
Animator - kamguyza
Animator - gamemingTHG

Script - BlackHawks_s
Script - HaswelI 
Script - markahfi

Huge thanks for all the plays and support! ❤️",Entertainment,,minimal,0,Trending in Entertainment,1,https://tr.rbxcdn.com/180DAY-9eb3ae081feb9903c721c32ba78c337d/512/512/Image/Png/noFilter,KGZ Studio,Group,33409753,113,47820539,177035,60087,4224,1,2025-03-29T07:04:25.353Z,2026-09-05T01:28:42.274Z
4049540036,Chipeo Paradise ,"🚗🔊 Welcome to Chipeo Paradise (Beta)

Turn up the bass, grab your headphones, and experience car audio like never before. Chipeo Paradise is a car audio roleplay game built for true bass lovers. Buy your car from the dealership, tune your setup, and cruise the city while showing off your style and sound.

Meet up with friends, show off your builds at car meets, test your subs, and enjoy your favorite tracks. Everything here is about music, cars, and community—where your setup speaks louder than words.

💬 Community
Stay connected for updates, sneak peeks, music codes, events, and announcements. Join the community and help shape the future of Chipeo Paradise.

🚧 Beta Status
The game is actively being developed, with frequent updates, new vehicles, expanded features, performance improvements, and upgraded audio systems on the way.

👍 Support
Like and favorite the game to support development and help Chipeo Paradise continue to grow.",Entertainment,Music & Audio,minimal,0,Trending in Entertainment,1,https://tr.rbxcdn.com/180DAY-059029d564db1c37d3154f22e5593c54/512/512/Image/Png/noFilter,4kchriisnyc,User,3347973391,135,8124789,12159,5039,603,40,2022-10-26T00:06:35.72Z,2026-09-07T03:18:14.6428372Z
10298163167,🚦 [NEW] RH RANDOM DANCE (GTS),"Can you guess the current song?
Welcome to RH Random Dance (Guess the song)! A place where you can dance to your favorite songs & discover new tracks to enjoy ⭐

🧸 Collect Plushies & Cosmetics to level up your experience! 

🚦 KPOP - JPOP - PPOP & MORE~

Map built by Jay (@hyqojae) 
2026 RH STUDIOS",Entertainment,Music & Audio,minimal,0,Trending in Entertainment,1,https://tr.rbxcdn.com/180DAY-514be7bd10ffbef183245e4f3842f796/512/512/Image/Png/noFilter,RH Studios,Group,10004870,277,3426174,19813,4603,678,30,2026-06-10T00:40:05.093Z,2026-09-03T02:51:04.847Z
2227097851,🌟 Free Boombox/Radio 🌟,"🌟 Welcome! 🌟
──────────────────────────────────
This is a playground where you can play your music!
Shutdown = Update
──────────────────────────────────
Commands:
/Korblox
/Headless
/Char
/Rejoin or /rj
/re
──────────────────────────────────
Admin Note: This game is NOT a social game whatsoever and is rated correctly. There is no social aspect to this game and is simply just a game to play music.
──────────────────────────────────
👍 Do you like the game? Leave it a thumbs up and favourite! ⭐
──────────────────────────────────
Tags: #Radio #Free #Boombox #AudioID #Music",Entertainment,Music & Audio,minimal,0,Trending in Entertainment,1,https://tr.rbxcdn.com/180DAY-c1533cdfdb7b76849480006bcde2bef1/512/512/Image/Png/noFilter,[ ERRORR ],Group,10625014,165,6702776,13581,8266,775,50,2020-12-21T02:36:32.603Z,2026-09-05T16:37:52.36Z
9989800685,Watch Satisfying Videos,"🎬✨ Welcome to Watch Satisfying Videos! ✨🎬

Sit back, relax, and enjoy endless satisfying videos! 🍿😄
Choose from a huge mix of fun clips, colorful animations, oddly satisfying moments, slime videos, ASMR, funny content, and more! 🌈🌀✨

🛋️ Grab a seat
📺 Pick your favorite video
🎉 Discover new satisfying clips every time you play!

Perfect for relaxing, chilling, and having fun in Roblox! 💖

⭐ Like & Favorite the game to support us!
🔔 New videos added often!",Entertainment,Video,mild,0,Trending in Entertainment,1,https://tr.rbxcdn.com/180DAY-088b68ae184f306d5a633037eea78300/512/512/Image/Png/noFilter,ASMR Watch,Group,709468030,302,18787393,1602896,29971,2614,20,2026-04-04T16:53:50.904Z,2026-06-26T19:16:22.578Z
6357377403,[🎭SPY!] Dynamic Cutscenes Animation Game⭐🦂,"🎭NEW ANIMATION: Meet the Spy TF2 !

🎥 This animation game offers you custom dynamic animated cutscenes, not some dead unfunny dances or memes. but like actual fighting sequences and cinematic action movie scenery
✅ Feel free to use this game in your videos and post it anywhere, but please make sure to credit us !
🎞️ All animations are also original works made by talented contributors.

- Originally founded by tvdisko & MrKawasaki
This is a FANMADE game and we do not use stolen assets. All content is either original, credited.
NOTE : In accordance with Roblox maturity rules, gore contents has been removed from the game",Entertainment,,moderate,0,Trending in Entertainment,1,https://tr.rbxcdn.com/180DAY-26953d191f28e6200b1c983fef7b1e50/512/512/Image/Png/noFilter,tvdisko fangroup,Group,3520222,80,18791756,142431,33583,4328,1,2024-08-02T11:26:57.58Z,2026-08-30T15:02:33.061Z
8767964779,Virtual Band 🎸,"Virtual Band – Play Instruments Online

Make music, practice, perform for donations, or just hang out and listen with other players.
Tap/click on other players to mute/donate.

Features:
🎸 Virtual Guitar
🥁 Virtual Drums
🎹 Virtual Pianos
🎸 Bass Guitar
🪕 Acoustic Guitar

🛠️ This game is in early development, so expect updates, improvements, and new instruments.",Entertainment,Music & Audio,minimal,0,Trending in Entertainment,1,https://tr.rbxcdn.com/180DAY-30cadea27cd236b533c06574727de7f2/512/512/Image/Png/noFilter,FistQueen27,User,370658040,77,3677588,19447,3307,434,15,2025-09-21T09:05:27.1Z,2026-07-11T22:06:17.086Z
4723764956,🎥My Movie,"🌟Create your own movies, and watch a never-ending stream of videos by people just like you! It's just like YouTube!

🎬You're the man now, dawg!

🎓Inspired by Dwarf Fortress, which is a game for nerds.

👍If you like the game, give it a like and a favorite!

🚩Please REPORT videos that break the Roblox rules. Click ""Videos"", ""My Videos"", then click the flag icon to report a video.

Created by Kampfkarren & Megahammer ",Entertainment,Video,minimal,0,Trending in Entertainment,1,https://tr.rbxcdn.com/180DAY-00ecf876329f96830cfdaf121370b99a/512/512/Image/Png/noFilter,Good Ape,Group,3212936,10048,569397157,898231,507268,33956,50,2023-05-30T17:09:26.883Z,2026-09-06T16:50:24.5010336Z
5367389312,[🎵CUSTOM SERVERS] Sing It! Karaoke Battles [VC🎤],"🎶 Over 1500+ Karaoke songs! 🎶

🏆 Compete against other players to get the highest Karaoke rating! 🏆

📣 Earn cheers to unlock particles, winner emotes and more! 📣

🥇 Rank on the Karaoke leaderboards! 🥇

💎 Premium users earn 2x cheers by default (in-game Karaoke currency)💎

💰 Donations use gamepasses and can take up to a week to receive. The amount will be less than the amount shown in-game due to Roblox taxes. You can view your pending Robux in your transactions tab 💰

Thumbnail/Page Art Credits:

keijucat (Game Cover)
oneforallz_ (Banner)
moonastra_ (Banner)
doewist (Banner)
7ingshen (Banner)
bee_3276 (Banner)

🔎Tags: Karaoke, Karaoke Battles, Karaoke Vs, Sing, Song, Sing It, Hangout, Social, Socialize, Music🔍",Entertainment,Music & Audio,minimal,0,Trending in Entertainment,1,https://tr.rbxcdn.com/180DAY-0b35553bdb6e7834234d89503495da41/512/512/Image/Png/noFilter,Stupid Simple Games,Group,16475373,4849,387812091,1994638,162577,13915,12,2023-12-05T06:44:00.2Z,2026-09-06T20:12:17.9576542Z
4165164803,Clip It 😂🎬👗,"🎬 Welcome to Clip It – Roblox's Largest Content Sharing Network!

📽️ Record and share your clips!

👗 Edit fashionable outfits with our extensive catalog. Access the full Roblox catalog and shine in every scene! All purchases will be available in your Roblox inventory & can be used in all experiences.

🌍 Select from over 170 unique scenes for your clips!

💃 Animate your avatar with over 400 emotes. Dance, act, and meme your way to popularity!

😂 Make memes with Roblox’s public images & sounds!

🛡️ We moderate content to ensure it adheres to Roblox Community Standards. See something off? Use the Report button!
",Entertainment,Video,minimal,0,Trending in Entertainment,1,https://tr.rbxcdn.com/180DAY-6c15c8470839229e58f3a78523451b4e/512/512/Image/Png/noFilter,Neura,Group,14915384,3777,547842853,549634,177972,55666,32,2022-12-07T18:55:28.077Z,2026-09-04T23:27:02.919Z
5385674359,BEAT BOUNCE 🎶 (GEOMETRY DASH),"⚠️ Please provide feedback rather than disliking the game! ⚠️

🎶 Beat Bounce: The Ultimate Rhythm Adventure! 🚀🌟

🚀 Inspired by the classic rhythm game Geometry Dash, Beat Bounce takes you on a musical journey like no other! Navigate a vibrant world of obstacles while timing your moves to enchanting tunes. 🎵✨

🎮 Controls:
🖱️ Click or tap to jump
🔄 R for instant respawn

🔥 Features:
🌈 Colorful, smooth gameplay
🎨 Advanced level editor for endless creativity
🔍 Level explorer to find community creations
💫 Cool visual effects and game mechanics
⚡ High performance for a great experience
📱 Supported Platforms: PC, Mobile & Console

🎼 Music Credits: All credit for the music goes to the talented artists who created these amazing tracks.

💡 Join our friendly community to share your thoughts and report bugs! Find the link on our group page!

❤️ Support the game by following our developers: @arskadev & @kuel27

🆕 Version 18.2",Obby & Platformer,Runner,minimal,0,Trending in Obby & Platformer,1,https://tr.rbxcdn.com/180DAY-821b3162a87394a2dae1a1bf4a39207e/512/512/Image/Png/noFilter,Calf Productions,Group,4872233,1465,514525972,362528,265786,101172,50,2023-12-10T13:13:20.4Z,2026-09-06T11:45:04.7076816Z
83858907,[🍎] Speed Run 4,"Join in the fast paced fun and test your skill with this challenging platformer! There are dozens of unique levels to run and parkour through to victory. Each level has a unique song and appearance.. Can you reach all the final levels? Race your friends, or race against the clock and keep an eye on the timer, good luck!

Remember - you can unlock forbidden levels with stars.. and you can still unlock dimensions by beating the game of course.

Join our development team
https://www.roblox.com/My/Groups.aspx?gid=1234705

Speed Run 4's official Roblox Hat:
https://www.roblox.com/catalog/14607948233/Speed-Run-4-Head

Tags: Colorful, Super, Speed, Fun, Obby, Parkour, Teamwork, Run, Victory, Win, Faster, Platformer, Clicker, Easy ",Obby & Platformer,,minimal,0,Trending in Obby & Platformer,1,https://tr.rbxcdn.com/180DAY-ffcf22e41a17051fdc1628c6c545c0b7/512/512/Image/Png/noFilter,Vurse,User,41163986,868,1745838553,4553812,1036764,368549,30,2014-10-20T20:45:51.687Z,2026-09-04T16:16:33.731Z
6153964325,Chained Together [2-3-4-5 PLAYER],"Code CHAINS , UPDATE - 200 Coins

Can you reach the top?

---

Controls:

PC
---

Climbing: Jump into the object you are trying to climb.

Sprint: PC: Hold Shift

Roll: ""V""

Shiftlock: Press CONTROL ""Ctrl""

Hold ""E"" to pull partner up after they fall.

Mobile
---

Climbing: Jump into the object you are trying to climb.

Sprint: Press and hold ""Toggle Sprint""

Roll: Press roll button

Hold ""Interact"" to pull up partner.

Console
---

Climbing: Jump into the object you are trying to climb.

Sprint: Press and hold ""LT""

Roll: Press RT

tags: chained together,obby,hardest game,impossible,hardest obby,parkour,skill,challenge, only up,only up blox,2 player obby,1 player obby,4 player obby,3 player obby",Obby & Platformer,,minimal,0,Trending in Obby & Platformer,1,https://tr.rbxcdn.com/180DAY-9a2376862c7b3e875852910321c11153/512/512/Image/Png/noFilter,Archive Experiences,Group,32821364,1074,188280765,529507,52010,18166,30,2024-06-22T00:25:06.683Z,2025-08-15T02:34:22.307Z
6371309794,[UPD!!] 💪Ninja Challenge [BETA],"🔥 Can you beat Roblox’s Most Difficult Obstacle Course? 🥷

💸 Earn 2x Cash + 2x Wins all weekend! 🏆

🧠 Inspired by the adrenaline fueled TV shows 📺 American Ninja Warrior and Sasuke,  your speed and agility will be put to the test as you fight against the clock through these thrillingly difficult obstacles. 🚀 Will you prove your skills and emerge as a Ninja Warrior by conquering Roblox's hardest obby? 🏆 Or will you fall like many have before? 👑 One way to find out!

🔨 Game Credits:
https://devforum.roblox.com/t/ninja-challenge-credits/3139813",Obby & Platformer,,minimal,0,Trending in Obby & Platformer,1,https://tr.rbxcdn.com/180DAY-174fac7699d5bcaf490be968d135087e/512/512/Image/Png/noFilter,Ninja Challenge,Group,34740193,2809,736951967,451310,217506,61824,5,2024-08-04T21:12:33.487Z,2026-09-05T04:41:08.659Z
10509305389,Don't Drop The Balloon🎈[2 Player],"🎈 DON'T DROP THE BALLOON! 🎈
The ultimate 2 PLAYER challenge! Team up with your best friend and keep the balloon in the air — if it touches the ground, it POPS! 💥

❓ HOW TO PLAY:
🤲 Work together — don't let the balloon fall!
🏆 Beat all the levels with your friend!
🎈 Unlock cooler balloons in the shop!
💰 Earn Balance as you play!

🔥 New levels & balloons added every week!",Obby & Platformer,,minimal,0,Trending in Obby & Platformer,1,https://tr.rbxcdn.com/180DAY-68f381da2f56cba0b7cecef096418152/512/512/Image/Png/noFilter,Cone in Cone,Group,34268813,846,2148766,9891,1438,594,16,2026-07-15T19:23:54.719Z,2026-09-06T09:51:53.0268788Z
10110316965,[MAHORAGA] Would You Rather: Anime Abilities Tower,"⚔️💥🖐️ Would You Rather: Anime Abilities Tower 🖐️💥⚔️

🚪 CHOOSE A DOOR. GET A POWER. BECOME THE STRONGEST!

⚔️ Choose from 50+ unique anime abilities!
🔥 Every door gives you a different power!
💥 Use insane skills with epic VFX & animations!
🏟️ Enter the Arena and knock your opponents off!
🏆 Be the last one standing to earn a Win!
👑 Collect Wins and climb the ranks all the way to SSS!

👍 Like, ⭐ Favorite and share with your friends!

🎁 Join the group to unlock Admin Characters:
https://www.roblox.com/communities/35451825/Big-Labs

📌 Tags:
Anime Tower, Slap Tower, Gear Tower, Lucky Block Tower, Anime Slap Tower, Anime, Slap, Troll Tower, Troll Button, Obby, Pinning Tower, Slapped Tower, Tower Obby, Troll Is A Pinning Tower 4, Tower Of Hell, Troll, Troll Tower Button, Button Troll, Troll Pinning Tower, Troll Button Towers, Obstacle, Tower, Troll Is A Pinning Tower, Troll Towers, Trolling Tower, Tower Of Sky, Tower Of Sky, Tower Of Hell, Would you rather, sukuna, gojo, power",Obby & Platformer,Tower Obby,mild,0,Trending in Obby & Platformer,1,https://tr.rbxcdn.com/180DAY-e27ae812bf800241c17b9d1dd96248d9/512/512/Image/Png/noFilter,Big Labs.,Group,35451825,1571,8447505,650428,5974,1021,28,2026-05-02T01:44:04.277Z,2026-09-06T00:22:03.7441634Z
7720654467,Blockies [2-3-4-5 Player Obby] ,"🎮 Blockies!

A game FOR 2, 3, 4, 5 PLAYERS where you’ll need to work together to reach the end! 🤝
But be careful ⚠️ without using your freeze ability (key E), you won’t make it! ❄️

🧱 Blockies features 96 levels:
🌿 Grass: 1–8
🏜️ Desert: 9–16
❄️ Snow: 17–24
🍄 Mushroom: 25–32
🌃Neon: 33–40
🏯 Japan: 41–48
🚗 Cars: 49-56
🐓 Farm: 57-64
⭕✖️ Playtime: 65-72
🌊 Ocean: 73-80
🌋 Lava: 81-88
🪽 Heaven 89-96


⌛ Completing all levels takes around 3 hours on average.

Good luck, and don’t forget teamwork with your friends! c:

2 player, 3 player, 4 player, 5 player, teamwork, coop jirka",Obby & Platformer,,minimal,0,Trending in Obby & Platformer,1,https://tr.rbxcdn.com/180DAY-180f22c45ec7279967f588752b063823/512/512/Image/Png/noFilter,ByBalsa,Group,4476087,2382,90499357,243175,37863,4638,12,2025-05-17T18:39:36.44Z,2026-09-06T21:10:28.4480331Z
9564490170,Roll in a Cart,"Welcome to Roll a Cart!

Ride a cart through tricky obstacles 🛒 
You have BRAKES— use them wisely and try not to break the cart 💥😅
Go through obstacles to reach the checkpoints!

From Ironbyte 🤍",Obby & Platformer,,mild,0,Trending in Obby & Platformer,1,https://tr.rbxcdn.com/180DAY-7e6857017da3f5b366ef953bae29f176/512/512/Image/Png/noFilter,Ironbyte x Jelly,Group,1072579917,999,47667843,571950,92550,25451,23,2026-01-15T13:33:57.86Z,2026-07-28T03:31:24.541Z
7364297396,Webbed! ❄️ [2 Player Obby],"⚠️THIS GAME IS MADE FOR 2 PLAYERS⚠️

The two spiders 🕷️ have become webbed together 🕸️,  and only through teamwork  can they overcome the tricky terrains ahead. In this 2-player obby, each spider can cling to walls and swing across gaps by shooting their web.

🎁 LIKE AND JOIN THE GROUP FOR A FREE REVIVE 🎁

🛠 If you experience lag, it is recommended you switch to a private server (free).",Obby & Platformer,,minimal,0,Trending in Obby & Platformer,1,https://tr.rbxcdn.com/180DAY-3f32bd94d5086e8eeb18280b3bcd1ac1/512/512/Image/Png/noFilter,studio arsenic,Group,35605287,1928,454834398,667629,104916,16138,12,2025-03-11T22:03:38.767Z,2026-07-04T10:43:36.841Z
10236023188,ASMR Tower [W4],"ASMR Tower is a relaxing tower obby filled with satisfying slime, squishy, and keyboard click sounds. 🎧

Climb through ASMR Tower and enjoy satisfying sounds with every step! 🎧

Experience waxed butter slime, squishy effects, keyboard clicks, and more as you make your way through a relaxing tower obby. Play, climb, and enjoy a soothing ASMR atmosphere.

squishy, needoh, squishies, obby, obstacle course, parkour, platform, jumping, tower obby, squishy obby, rainbow tower, stages, checkpoint, collect, trade, trading, satisfying, slime, jelly, bouncy, gooey, soft, blob, cute, kawaii, preppy, casual, chill, fun, easy obby, hard obby, asmr",Obby & Platformer,Tower Obby,minimal,0,Trending in Obby & Platformer,1,https://tr.rbxcdn.com/180DAY-29df2bf216aaaeed4a44047256d517dc/512/512/Image/Png/noFilter,3 Studio,Group,1086681946,1539,113968101,288489,317506,10619,15,2026-05-28T16:40:10.078Z,2026-08-31T01:41:05.837Z
10019914160,[⏰UPD] MrReal's Glitch Obby,"🚀 Welcome to MrReal's Glitch Obby 🚀

Are you ready for the ultimate test of skill, precision, and patience?
Step into a world where bugs become features!
This is officially the best and most advanced glitch obby on the entire Roblox platform! 👑

📈 What Awaits You?
100+ Unique Stages powered by glitches.

The game gets harder every 10 levels, scaling from simple, all the way up to catastrophic!

Master the Controls: Utilize various keybinds for emotes and clips to outsmart the obstacles.

Show off your skills, master the physics, and prove you are the ultimate glitcher on Roblox!

👍 Support the Game!
Enjoying the challenge? Don't forget to leave a LIKE 👍, favorite the game, and join our community to stay updated!

Shutdown = Update

Tags:
difficulty chart obby, dco, glitch obby, per difficulty, easy, hard, impossible, stages, fun, challenge",Obby & Platformer,Classic Obby,minimal,0,Trending in Obby & Platformer,1,https://tr.rbxcdn.com/180DAY-3005896a154f363cf6d67b645bc25fd2/512/512/Image/Png/noFilter,We develop gamings lolzzzzz g.,Group,393746681,934,5674746,19931,19411,4104,30,2026-04-11T09:43:15.185Z,2026-09-07T03:01:14.8020164Z
6371484684,Dying2Parkour DEMO,"Welcome to Dying2Parkour; an open-world parkour game where you evolve your movement skills to conquer the ever-expanding world! Master your parkour skills, discover hidden routes, and push your limits as you progress through a environment built for exploration and freedom.

Currently in its demo stage, Dying2Parkour offers a glimpse into what’s to come. Future updates will introduce new features such as skill trees, minigames, party systems, time trials, gears, and more, all designed to enhance the gameplay and make the game seem more alive.

Inspired by the Dying Light franchise, Dying2Parkour reimagines its core parkour mechanics into a new and standalone experience with its own style and identity.",Obby & Platformer,,minimal,0,Trending in Obby & Platformer,1,https://tr.rbxcdn.com/180DAY-3e23bcd5efa2c5dae03c98305395c2ea/512/512/Image/Png/noFilter,RedScarf Studio,Group,34740410,176,8434095,60240,19445,4211,40,2024-08-04T22:02:41.313Z,2026-08-14T02:39:45.246Z
8401518398,[W36] Obby But You're on a Scooter,"Obby But You're on a Scooter! 💛

🛴💨 Race, jump, drift, and speed your way through 100 challenging scooter stages! 
🏁 Test your skills, master tight turns, hit boosts, and see how far you can go.  
🏆 Can you beat all 100 stages? 


Tags: Obby, Obby But, Obby But you're, Scooter, Scooter Obby, Obby but you're on a Scooter",Obby & Platformer,,minimal,0,Trending in Obby & Platformer,1,https://tr.rbxcdn.com/180DAY-caa1dd5ab8351b7ca0aa3ca5282beab1/512/512/Image/Png/noFilter,BINARY TECH,Group,34181511,2137,100214885,83873,16583,6697,10,2025-08-10T16:55:38.033Z,2026-09-06T01:10:18.2554029Z
8238863102,Tower of Zombies 🧟 ,"Battle endless waves of zombies as you climb the tower to face 5 powerful bosses!

⚔️ Every tower is randomly generated so no two runs are the same!
🔫 Buy and upgrade weapons, unlock camos, and customize attachments!
🔥 Test your skills in Hard and Extreme modes for the ultimate challenge!

Please report any issues or bugs on our group forums. Thanks 😁",Obby & Platformer,Tower Obby,mild,0,Trending in Obby & Platformer,1,https://tr.rbxcdn.com/180DAY-4d42ed28cc7325f3df1f7cf4b358a8c9/512/512/Image/Png/noFilter,Undead Dev.,Group,32426262,1597,314231575,2283449,209907,10433,35,2025-07-23T19:22:02.807Z,2026-07-29T22:41:59.006Z
323675642,Flood Escape 2 🌊,"The flood does not stop for anybody. Whether it be water, acid, or lava, you must stay dry at all costs by pressing buttons and working as a team to escape the flood! With over 150+ community-made maps of varying difficulty, Flood Escape 2 offers a unique parkour experience with different abilities such as Swimming, Sliding, Diving, Walljumping, & Ziplining!

📅 NEW CONTENT ADDED REGULARLY
⚠️ Many different modifiers and events to switch things up!
🏅 Hundreds of badges to collect!

Create your own Community Maps for Flood Escape 2, and see other maps made by the community: https://www.roblox.com/games/11951199229

🏆 4x Bloxy/RIA Award Nominee!
🥇 2x Bloxy Award Winner!

Flood Escape 2 © Crazyblox Games 2017 - 2026",Obby & Platformer,,minimal,0,Trending in Obby & Platformer,1,https://tr.rbxcdn.com/180DAY-ecb4cd69eb4e87b7fe0ff63458b2d7b5/512/512/Image/Png/noFilter,Crazyblox Games,Group,3196771,353,597158652,2219504,543599,123229,20,2017-04-13T14:33:17.21Z,2026-09-02T18:08:59.906Z
6215464786,Chained [2 Player Obby],"⚠️THIS GAME IS MADE FOR 2 PLAYERS⚠️

Navigate a thrilling obstacle course with a friend. Chained together, you'll need to cooperate to reach the end. But it won't be easy—you're chained, so teamwork is key! 🔑

🎁 You can win a free Chain by liking the game and joining the group 🎁 -> https://www.roblox.com/groups/34327520/1-Day

Controls :

PC 💻 : HOLD ""E"" TO PULL
MOBILE 📱 : PRESS PULL BUTTON -- STOP PULLING : PRESS PULL BUTTON BACK
CONSOLE 🎮 : HOLD ""R2/RT"" TO PULL

obby, platformer, obstacle course, parkour, difficulty chart, tower, hard, impossible, lava, wraparound, 2 player obby, fun obby, Parkour, Mega, Fun, Obstacle Course, Long, Parkour Obby, Easy, buddy, buddy buddy, Chained Together [2-3-4 PLAYER]",Obby & Platformer,,mild,0,Trending in Obby & Platformer,1,https://tr.rbxcdn.com/180DAY-a253d5312ba27af823783b04ad235b1c/512/512/Image/Png/noFilter,1-Day,Group,34327520,1174,431880495,10468983,139196,27506,15,2024-07-04T17:46:30.063Z,2026-09-03T12:19:57.441Z
10232373522,Would You Rather: Diva Tower 💄,"Welcome to Would You Rather: Diva Tower 💄

climb tHe tower by choosing bEtween two doors every stage
each choice changes youR outfit… 💖

get different hairstyles, clothes, face accessories, necK accessories, and more to build your style to make the best outfit possIble 💅

eVery run feels different with millions of outfit combinations to discover 🎲

make it to the top and see how your final outfit turns out
then compare your look with your frIends and See who got the Best style 😆

like the game 👍 And join the group for extra perks
keep Coming bacK for more surprises 🎀


(the mask reveals more than it conceals)",Obby & Platformer,Tower Obby,moderate,0,Trending in Obby & Platformer,1,https://tr.rbxcdn.com/180DAY-4c4f37a3809e66713b0ffdd67cbdc334/512/512/Image/Png/noFilter,Diva Gamez,Group,223213788,1075,18368413,943701,52588,5794,32,2026-05-28T00:01:34.181Z,2026-09-06T17:28:52.5467029Z
4850044287,Together [Party Game],"Make your way through teamwork-based levels with your friends!

-- v --
JOIN OUR GROUP FOR A FREE HAT IN-GAME! 

Feel free to leave level suggestions in the group forums,
I read everything posted there!",Obby & Platformer,,minimal,0,Trending in Obby & Platformer,1,https://tr.rbxcdn.com/180DAY-e72992cc89517eee91d66af72e4d2234/512/512/Image/Png/noFilter,Maxx Fun,Group,12010570,5999,707646693,1441023,185584,31904,70,2023-07-08T19:25:49.69Z,2026-06-22T21:13:12.947Z
3264581003,Eternal Towers of Hell,"Conquer hundreds of towers across vast worlds ranging from effortlessly easy to catastrophically difficult.

💎 Roblox Premium members will receive a free trail in-game!",Obby & Platformer,Tower Obby,minimal,0,Trending in Obby & Platformer,1,https://tr.rbxcdn.com/180DAY-53a5298a4c01b6c9c81eb21fcdb790f2/512/512/Image/Png/noFilter,ETERNITγ,Group,4777338,836,117928819,193300,101496,25679,1,2022-01-17T00:20:38.113Z,2026-09-05T21:09:07.8173627Z
10430413968,Squishy Ball Tower,"Climb a colorful tower as a squishy ASMR ball!

Stretch, bounce, and wobble past obstacles without falling.
Every hit deforms your ball in satisfying ways!

* Real soft-body physics
* Relaxing ASMR sounds
* Step on keyboards and pop objects
* Collect coins to unlock skins and gear
* Beware of the troll ahead!

Can you reach the top?

VIP servers are free! If you experience lag or other issues, try playing in one.

👍 Like and favorite the game for new towers and future updates!",Obby & Platformer,Tower Obby,minimal,0,Trending in Obby & Platformer,1,https://tr.rbxcdn.com/180DAY-95e6e9a228e6322f7cb77eb3876ebe02/512/512/Image/Png/noFilter,Softbody Labs,Group,1064783427,4775,15143230,344790,17772,3514,30,2026-07-02T01:22:22.34Z,2026-08-30T05:41:49.884Z
10289201563,[NEW RIGS] Chameleon! 🎨,"🎨 Paint & Seek!

Blend in, hide smart, and survive the seekers! In this hide-and-seek game, painters can paint over their characters to match walls, floors, furniture, and the environment around them. Use your colors wisely, disguise yourself, and become almost invisible before the seekers find you! 👀

🏃 Hiders: Paint yourself, blend into the map, and stay hidden until time runs out.
🔎 Seekers: Search carefully, spot suspicious shapes, and catch every hidden player.
🎨 Paint System: Change your look by painting your character to match the room.
🧠 Strategy: The better you blend, the harder you are to find!

Can you become the ultimate camouflage master? 🌈

Tags: Hide and Seek, Paint, Painter, Chameleon, Camouflage, Blend In, Color, Colors, Roblox Hide and Seek, Meccha Chameleon, Hiders, Seekers, Survival, Disguise, Painting Game, Prop Hunt, Stealth, Mini Game, Multiplayer, Color Match",Party & Casual,Childhood Game,minimal,0,Trending in Party & Casual,1,https://tr.rbxcdn.com/180DAY-6dd102c0d7db9022546cccf9402f9f1e/512/512/Image/Png/noFilter,Palette Games | PGS,Group,264167235,5514,63069876,133356,13863,3784,15,2026-06-07T22:15:02.172Z,2026-08-21T06:25:38.435Z
2137105308,Trivia! Roblox Game Show [Jeopardy],"👍 LIKE THE GAME FOR NEW QUESTIONS! 👍
🥳 For every 1000 likes, 100 new questions are added

📺 Be a contestant in a realistic quiz game show
🧠 Test your knowledge by answering questions from many categories
😃 Play solo or create a party with up to 4 of your friends
🏆 Different game modes, such as competitive play and solo play
📈 Climb to the top of the leaderboard

📨 Have any suggestions or bugs to report? Let us know in the community forum!",Party & Casual,Quiz,minimal,0,Trending in Party & Casual | Learn & Explore,2,https://tr.rbxcdn.com/180DAY-35628a2f9a5acb0a58112bd4bad0b428/512/512/Image/Png/noFilter,L27 Dev,Group,5183060,905,53403510,166814,38238,13064,50,2020-11-12T10:15:03.247Z,2026-08-25T22:01:51.829Z
9449993534,Guess the Slapper,"One person sits 🪑 while everyone else stands behind them... 👥
Everyone takes turns slapping 👋 the sitting person until they guess who slapped them... 🤔
If you react quick enough, you can dodge the incoming slap! 👋💨😱
Last One Standing Wins! 🏆🔥

i based this game off a video i saw LOL. it was like these kids playing the same game but one kid kept getting slapped cause he kept guessing the same person over and over again. ",Party & Casual,,mild,0,Trending in Party & Casual,1,https://tr.rbxcdn.com/180DAY-eea2d0b4f201b2db10d9f2cb60e9d88b/512/512/Image/Png/noFilter,sinhaleseunit,User,5334604846,3151,41620054,53276,13020,5500,30,2025-12-28T01:59:01.07Z,2026-08-28T03:10:52.683Z
6049736902,Spelling Race,"Show off your spelling skills! The faster you answer, the more blocks you earn! 

✨ Create a free private server to play with friends.",Party & Casual,,minimal,0,Trending in Party & Casual,1,https://tr.rbxcdn.com/180DAY-ab614b6b953a55ad1f3656d756f55680/512/512/Image/Png/noFilter,Team Ry LLC,Group,34341414,1568,79863171,102994,61639,7164,12,2024-05-30T04:37:20.16Z,2026-09-05T17:14:33.2116674Z
4826476142,dingus,"Update: Added VIP server controls (gamepass)

the best game ever made honestly 🍔 The game is in very early development - nothing is final
Thumbnail by @m0cx4

Votekicking isnt available for people without chat right now, this will be changed soon!
to votekick people: type '!votekick {name_here}'
for example: '!votekick AnnoyingGuy123'
without the '",Party & Casual,,mild,0,Trending in Party & Casual,1,https://tr.rbxcdn.com/180DAY-54f181973fdbb94ddff3f9ea67b0aa94/512/512/Image/Png/noFilter,DecimalCubed,User,68786021,524,104741109,551931,168988,22798,50,2023-07-01T19:32:32.867Z,2026-09-06T23:45:04.0316108Z
6369934270,💀 Hide or OOF!,"Hide or OOF is a combination of hide and seek and prop hunt! The game was previously called Hide or Die.

🫣 AS HIDER: Morph into props and hide around the map, get weapons and use powers to distract the seekers. DON’T GET CAUGHT!
👀 AS SEEKER: Try to find the hiders and kill them. Once you kill them they’ll join your team. FIND ALL HIDERS!

🪙 Collect coins to get better powers and weapons!
⭐ Premium Players get a FREE Diamond Blaster skin and faster AFK Presents!

Made with 💙 by 1CoaI, alextubbaa, xJa_ys, Drawees, skyfloans",Party & Casual,Childhood Game,minimal,0,Trending in Party & Casual,1,https://tr.rbxcdn.com/180DAY-49a6e25b0419c4c71da6b9a0b8fb6553/512/512/Image/Png/noFilter,0 CCU Games,Group,34736529,1710,794484062,9660762,371542,58497,16,2024-08-04T15:42:54.2Z,2026-08-31T22:51:15.275Z
10579389074,[UPD] ZOO or OOF 2💥,"[beta] ZOO or OOF 2! 🦓💥

The animals are on the loose again!

🐾 Play as an Animal and escape the zoo.
🔍 Play as a Zookeeper and catch them before they get away.
🎮 Explore different gamemodes, maps, and challenges.
🌳 Unlock new animals, skins, and rewards as you play.

Will it be a clean escape… or a massive OOF?

⭐ Like and favorite the game!
🔔 Enable notifications for updates and events!
👥 Join our group to stay connected!

🧸 All weapons are fictional, and the animals are harmless dummies. It’s all just fun!",Party & Casual,Minigame,mild,0,Trending in Party & Casual,1,https://tr.rbxcdn.com/180DAY-3b4c7cf69d0ccfef979434ecea43a9c5/512/512/Image/Png/noFilter,Dropping a Banger,Group,35916263,2657,14071758,33402,17130,2265,18,2026-07-27T14:50:47.115Z,2026-09-04T16:57:41.025Z
10113997049,[UPD] Violent Party!,"A wide variety of unique, violent party games to play against your friends!

More minigames coming soon

A game inspired by Machine Party.",Party & Casual,Minigame,mild,0,Trending in Party & Casual,1,https://tr.rbxcdn.com/180DAY-690392c8895163550ac87420fef30e3e/512/512/Image/Png/noFilter,Machine Party X,Group,459938445,4237,15630109,187765,37621,5381,22,2026-05-02T17:07:00.794Z,2026-09-06T23:42:03.5633173Z
10438013523,🕹️ Endless GAMES [NO ADS],"🕹️ Welcome to Endless Games!
A whole arcade in one place — quick runs, big highscores. Hop between classics, beat your friends, and master every game!

⭐ Check the socials for codes
🎮 Games within a game",Party & Casual,Minigame,minimal,0,Trending in Party & Casual,1,https://tr.rbxcdn.com/180DAY-db920866535c77279395e1f5a7596828/512/512/Image/Png/noFilter,Studio Heat,Group,358991183,2870,49958898,282723,185900,15048,35,2026-07-03T09:27:32.229Z,2026-09-05T12:56:02.981Z
10521797740,50 Player BINGO!,"⭐ Welcome to 50 Player BINGO!

-Compete against 50 players in fast-paced Bingo!
-Be the first to complete your card and win!
-Earn cash, unlock cards, and climb the leaderboard!

👍 Like The Game and Join The Group!",Party & Casual,Minigame,minimal,0,Trending in Party & Casual,1,https://tr.rbxcdn.com/180DAY-0eb88d32ebf08a45e6fab248df9eac72/512/512/Image/Png/noFilter,Turret Sims,Group,204295404,7458,38688223,85399,55324,12188,40,2026-07-18T04:30:05.704Z,2026-09-04T19:15:36.834Z
1668992109,Total Roblox Drama,"Welcome to ROBLOX's most dramatic game show: Total Roblox Drama! 
The only fan game authorised by Fresh TV, the creators of Total Drama Island! 
Play anonymously while you're put through some crazy challenges. 
You'll need to make friends, utilise your skills & create alliances in order to survive and win the grand prize.
Do you have what it takes to be the winner of... Total Roblox Drama?!?

[GAME MODES]
•⛺ Camp
•✈️ Expedition
•🎬 Movies",Party & Casual,Minigame,minimal,0,Trending in Party & Casual,1,https://tr.rbxcdn.com/180DAY-968466b1086d9146a22b657796dccbfb/512/512/Image/Png/noFilter,Mojo's Games,Group,3661096,2940,807193737,1037474,321369,65916,50,2020-04-12T11:27:32.19Z,2026-06-08T17:41:16.87Z
8017401632,Wavelength! [BETA],"A secret angle is hidden on the wheel between two opposites… can your friends read your brainwave and find it? 🧠⚡
(REQUIRES 2 PLAYERS)

How to play:
Each round, one player becomes the Psychic and sees the secret spot on the wheel.

- The Psychic gets a topic (like Spicy 🌶 – Not Spicy 🧊) and gives one clue.

- Everyone else moves the pointer to where they think the clue lands on the circle.

- The closer you are to the secret spot, the more points & gems you earn 💎

Controls:
💻 PC - Click & drag the pointer, or use ←/→
📱 Mobile - Drag the pointer with your finger
🎮 Console - RT/RB + LT/LB to move the pointer

Earn gems, flex your brain, and see who’s truly on your wavelength 😈✨

Inspired by Wavelength from TikTok, and Telepathy!

Tags:
Board game, Fun, Party, Party Game, Guess, Brainrot, Topics, Team, Friends, Puzzle, Thinking, Brain, IQ, Hard, Wheel, Hangout, Social, Mini Game",Party & Casual,,minimal,0,Trending in Party & Casual,1,https://tr.rbxcdn.com/180DAY-5776280e31be8f574bf97e88596a1a7f/512/512/Image/Png/noFilter,Brainwave Arcade,Group,785660953,1074,62312609,149549,51748,3479,25,2025-06-28T06:42:26.413Z,2026-08-30T22:35:17.49Z
9758027784,TimeBomb AnkleBreak!,"Welcome to TimeBomb AnkleBreak!
You have 15 seconds to pass the bomb to someone else before it explodes.

How to Play:

💣 Hold the Bomb: the clock is ticking! Touch another player to pass the bomb.

Features:

🎵 SFX: Lots of different sounds

I will be adding way more sounds in the future!",Party & Casual,Minigame,mild,0,Trending in Party & Casual,1,https://tr.rbxcdn.com/180DAY-d753ae15d89e36a3fd9ac14bc42e9778/512/512/Image/Png/noFilter,Notrox Studios,Group,364514508,2039,77259447,110873,53779,11193,8,2026-02-19T14:47:44.673Z,2026-09-06T07:20:26.8236299Z
1836146838,Bloxy Bingo,"Welcome to Bingo, a game where you can play Bingo with friends and others!

We have plenty of Bingo to play:
🇬🇧 British Bingo (90 Ball)
🇺🇸 American Bingo (75 Ball)
🇲🇽 Lotería (54 Picture Ball)
🕹️ Arcade Bingo (80 Ball)


Show your style with custom markers, mascots & themes, then celebrate victories with custom calls, dances & tracks! 
Private servers are available for parties – they allow for control of game selection, speed & caller - but have reduced gem rewards when few play.

❓ FAQ: https://devforum.roblox.com/t/bb/872274
📜 Game Manual: https://devforum.roblox.com/t/bb/860980",Party & Casual,,minimal,0,Trending in Party & Casual,1,https://tr.rbxcdn.com/180DAY-3f0cb134dbd791cde865f292c3a633fa/512/512/Image/Png/noFilter,Bloxy Bingo,Group,6012484,2471,501026088,1359044,345924,65632,80,2020-06-27T18:38:18.617Z,2026-09-06T20:46:35.6106713Z
5239362765,DON'T GET ELIMINATED,"🎪 COMPETE IN WILD MINIGAMES
🗳️ VOTE OUT OTHERS… AND DON’T GET ELIMINATED!

A GIANT ICECREAM CONE LOOKIN' MAN FORCES YOU TO COMPETE AGAINST OTHER PLAYERS IN THE MOST TERRIFYING GAMESHOW OF ALL TIME. HOP IN FOR A FUN AND CHAOTIC PARTY GAME WITH FRIENDS!

INSPIRED BY TOTAL ROBLOX DRAMA AND OUTLASTER
GAME TRAILER BY @SCAREMOUCH",Party & Casual,Minigame,mild,0,Trending in Party & Casual,1,https://tr.rbxcdn.com/180DAY-1d5a371ac15eb59bdcbe9c24a0024d53/512/512/Image/Png/noFilter,Badass Experiences,Group,9825692,1566,387911913,486443,167438,68233,50,2023-10-28T19:33:37.553Z,2026-09-06T02:28:02.7333539Z
10421901778,[SCHOOL] Clean Everything,"👍 Like to support the game & get more updates 👍

Progress automatically saves 💾

Current in-game maps : Toy Store, Pet Store, Bakery, Restaurant, School

The stores are in total chaos — hundreds of items are everywhere! Pick them up and sort them back onto the correct shelves.

🧹 Grab & sort hundreds of scattered objects
📦 Match each one to its correct shelf
✨ Buy upgrades & unlock abilities to sort faster
⭐ Clean the whole store
🔼 Rebirth — keep permanent point bonuses
👥 Play solo or team up in a party!

🎮 CONTROLS

🖥️ PC
- E or Left Click — Interact
- Q — Drop
- 1 / 2 / 3 / 4 — Abilities
- T — Upgrades

📱 Mobile
- Tap anywhere — Interact
- On-screen buttons for abilities & menus

🎮 Console
- RT — Interact
- B — Drop
- LT — Swap item
- D-Pad — Abilities
- Y — Upgrades   X — Shop

💎 BONUSES
- Roblox Plus — start every game with +5 points
- +10% walkspeed for every friends",Puzzle,,minimal,0,Trending in Puzzle,1,https://tr.rbxcdn.com/180DAY-483e8ca36efefd9da3b34e27a88cd654/512/512/Image/Png/noFilter,BTM's Group,Group,9685715,4310,11398185,67804,24294,1540,15,2026-06-30T14:34:57.407Z,2026-09-06T12:21:34.1346731Z
8851542818,[UPDT🦆] Detective Duck,"Will you solve the crime scene?!

Detective Duck is a unique puzzle game similiar to an escape room, where you will find yourself in different maps. Your ultimate goal is to find the criminal! 

🎮Play solo or with a group of up to 5 players!
📱This game is suitable for mobile players!

Private servers support up to 10 player groups!

❗Join the group for updates and sneak peeks!

Make sure to like 👍 and favorite ⭐ if you enjoyed, this greatly supports development! Thank you!
turn on notifications so you will know when new rooms will be released :)",Puzzle,,minimal,0,Trending in Puzzle,1,https://tr.rbxcdn.com/180DAY-f04787f098a65fee2fe41d6c08c85d46/512/512/Image/Png/noFilter,Protocol: Anomaly,Group,35639298,3489,56761053,348908,84516,3946,30,2025-10-02T10:02:55.927Z,2026-09-06T12:12:43.5554125Z
7983308985,Last Letter 💬,"Welcome to Last Letter! Play word games against people where every last letter counts, stay 2 steps ahead or you'll get eliminated💥

- NO P2W, every styles are viable and depends on how you use it 🧠
- Spin styles and use its ability to spice up the gameplay 🔥
- Get spins with codes, by logging in daily or by completing tasks 💰
- Buy items in shop to flex on people lol

The game is in beta, expect bugs and major changes

Join the group to redeem codes 🎁
if you enjoy and wish to support the game, Like 👍️ and Favorite ⭐️ for more updates

Searching answers mid game is against the rules but searching after is encouraged in order to learn new words

Codes:
500KMEMBERS
450KLIKES
400KLIKES

pls report bugs (or tell me if you have any feedbacks)

UI Icons designed by Freepik
Lobby theme by @SomeUnknownPlayer33",Puzzle,Word,mild,0,Trending in Puzzle,1,https://tr.rbxcdn.com/180DAY-bda8ee18059a0ce791469800b83baaa3/512/512/Image/Png/noFilter,MmiiGames,Group,35222573,745,134262941,233509,484945,19843,30,2025-06-23T17:55:08.67Z,2026-09-06T21:51:27.701506Z
10641300771,[🌈] Color Stack,"🌈 Welcome to Color Stack!

Sort the colorful blocks and complete each stack before your opponent! 🧱🎨

🧠 Plan your moves carefully
⚡ Race against other players
🧩 Take on tricky color puzzles
🏆 Become the fastest stacker
❤️ Colorblind-friendly options available

Easy to learn. Hard to master.

👍 Like + Favorite the game for updates and rewards!

Join the group and use forums to connect with me directly! ",Puzzle,,minimal,0,Trending in Puzzle,1,https://tr.rbxcdn.com/180DAY-6b590f744e4188a4bbc0b6153a493026/512/512/Image/Png/noFilter,Cool Table Games,Group,472758473,2887,6001182,82541,5122,550,22,2026-08-06T12:02:17.433Z,2026-09-07T02:46:51.5083271Z
10516219809,[NEW MAP] Clean the Anime Figures,"NORMAL STORE - MAP 2 IS OUT!
-Completely new anime and characters!

The anime figure store is messed up! Figures of characters from your favorite shows are just absolutely everywhere in the store, and they need your help to pick them all back up!

🖥️ PC Controls:
E - Pick up / Place
Q - Drop
Numbers - Switch Figure
T - Unlock Mouse

🎮 Controller Controls:
RT - Pickup / Place 
LT - Drop
Upgrades - Y
Close Menu - B

👍Like the game if you enjoy and want more updates!",Puzzle,,minimal,0,Trending in Puzzle,1,https://tr.rbxcdn.com/180DAY-25ba65166b18471b2dd2c17e1a880f6c/512/512/Image/Png/noFilter,Jobless Cleaners,Group,461377311,2601,3298198,53182,6607,485,20,2026-07-17T04:23:28.151Z,2026-09-07T01:46:57.1159218Z
1258866324,Defusal 💣,"Welcome!
In this game, the Defuser comes face to face with a ticking time bomb full of puzzle modules! 💣⚡

Play with friends, or go in solo!

👥 Multiplayer mode: the Defuser must communicate to the Experts, who have instructions on how to solve each module.
Solve all of them as fast as you can before the bomb explodes! And don't make too many mistakes...  💥⌛

👤 Singleplayer mode: assume the roles of both the Defuser AND the Expert! How will you manage solo?

Can YOU defuse the bomb? 💣

This game is our take on the great game Keep Talking and Nobody Explodes! (you should check it out!)

💰 Plus Subscribers receive a +15% XP bonus in Casual!! ",Puzzle,Escape Room,minimal,0,Trending in Puzzle,1,https://tr.rbxcdn.com/180DAY-9b0a035eb5b8a53238bce6cd0a3a4429/512/512/Image/Png/noFilter,Polygon Interactive,Group,4811485,608,49505810,669368,93277,15319,40,2019-08-01T21:43:00.887Z,2026-09-02T12:03:08.911Z
10380743712,📋STOP! Think Fast💡,"Welcome to STOP! Think Fast!!

Test your speed, memory, and creativity in this fun word game. Choose answers before the others, complete the categories, and shout ""ENOUGH!"" when you're done. Can you think fast and beat everyone?

📝 Complete words according to the indicated letter 
⚡ Be fast before someone says ""ENOUGH!"" 
🏆 Compete against other players and prove who knows the most 
😂 Answer funny categories with your friends 
💰 Earn rewards while playing 
🎁 Collect daily prizes and unlock surprises 
🛒 Visit the store to get items and upgrades 

👍 Don't forget to like and add the game to favorites if you're having fun! 

Enough, Stop, Wordplay, Letters, Categories, Friends, Fast, Roblox, Fun",Puzzle,Word,minimal,0,Trending in Puzzle,1,https://tr.rbxcdn.com/180DAY-21555e07dfc6b28c3ff0bb47016c7a9a/512/512/Image/Png/noFilter,Veltrane Games,Group,468804612,2989,4443105,14496,1189,256,30,2026-06-23T10:54:46.553Z,2026-09-06T11:15:27.2422125Z
7709793220,ESCAPE ROOM - Deluxe Edition,"Get ready for a thrilling challenge!
You’ve been locked inside a series of mysterious rooms and have only 60 minutes to escape. Use your logic, creativity, and teamwork to solve puzzles and uncover hidden clues. Every second counts — will you make it out in time or be trapped forever?

For a deeper immersion, we recommend keeping a pen and paper nearby.
Some puzzles will require you to jot down important clues — they could be anywhere: on the walls, hidden in decorations, under objects, or tucked inside unexpected places. Click around the room to interact with anything that looks suspicious or interesting.
If you're playing with friends, communication is key. Remember, you're not escaping alone — you're a team. Working together and combining everyone's thoughts is always better than going solo.

Tags:
Mystery, Escape Room, Puzzles, Multiplayer, Escapelovers, Brain Teaser, Mind Game, Logic, pen and paper, teamwork. Riddle",Puzzle,Escape Room,mild,0,Trending in Puzzle,1,https://tr.rbxcdn.com/180DAY-a07c7b17ae8d341bd03371106c58fc83/512/512/Image/Png/noFilter,EscapeLovers,Group,5898748,658,14493859,205653,11900,2510,50,2025-05-16T03:07:22.997Z,2026-09-07T03:30:01.7265699Z
10502793346,Animash,"Create rare animal fusions. Trade them, battle them, level them up! This is the Roblox edition of my game Animash.",Puzzle,Match & Merge,mild,0,Trending in Puzzle,1,https://tr.rbxcdn.com/180DAY-aa96083737f8b042c7d31ccecd4c55b7/512/512/Image/Png/noFilter,TheFlrstHybrid,User,9026526791,1251,6871189,68578,59756,2004,10,2026-07-14T15:14:25.187Z,2026-08-31T00:40:07.326Z
953622098,Word Bomb,"💣 Inspired by BombParty on JKLM!
👋 A major update to Word Bomb is coming soon. Enable notifications and follow the group for more details.

📚 COMMANDS
To see a list of all commands, visit this link:
https://devforum.roblox.com/t/commands/3025377

🙂 Please do not be mad at others for helping people or using Google, learning is encouraged, and it is NOT cheating!

🎮 It's a pass-it-on bomb game! Type words containing specific letters to pass the bomb on to somebody else.
The bomb ticks faster and faster the longer a round goes on. The last man standing wins!

👍 Good for learning new words, quick typing skills, reaction time, and for obtaining very high IQ.",Puzzle,Word,minimal,0,Trending in Puzzle | Learn & Explore,2,https://tr.rbxcdn.com/180DAY-24635c5bfa0499734f3216bc042f61e3/512/512/Image/Png/noFilter,OMG,Group,4585943,102,108033831,543244,207891,33750,9,2018-12-16T03:18:57.89Z,2026-09-03T12:01:06.081Z
5905501282,Wordie🧩,"🧩🎉Welcome to WORDIE where you have to guess a 5 letter word in 6 attempts.

Guess the hidden word in six tries, guided by color-coded clues: green for correct letters in the right spot, yellow for correct letters in the wrong spot, and grey for incorrect letters. Challenge yourself and see how many words you can solve! 🧠

😊Most Relaxing Game on Roblox

👍If you like the game please consider giving a thumbs up and a favorite, it helps me a lot!

Inspired by NYT Wordle
Tags: wordle,word,word game, guess word",Puzzle,Word,minimal,0,Trending in Puzzle | Learn & Explore,2,https://tr.rbxcdn.com/180DAY-5e4c1965277ddd9a9f1e1874e3084df8/512/512/Image/Png/noFilter,Puzzle Empire.,Group,34241464,216,83961399,1756381,107335,25558,12,2024-04-23T09:25:06.453Z,2026-09-07T02:13:44.639341Z
9702840627,🤔Hot or Cold: Guess the Word!,"💡 Got ideas or suggestions? 👍 Like the game to unlock the feedback box — we read every single one!

🧠 A secret word is hidden. Can YOU find it first?
Type any word — the game tells you how close you are!
🟢 Green = you're right there
🟡 Yellow = getting warmer
🔴 Red = way off

Race against real players every round. First to crack it wins!

🏆 FEATURES
✅ New secret word every round
✅ Real-time multiplayer battles
✅ Easy to learn, hard to master
✅ Smarter than any other word game on Roblox",Puzzle,Word,minimal,0,Trending in Puzzle,1,https://tr.rbxcdn.com/180DAY-6d67d0c50be890ca4b5b04196acd2b81/512/512/Image/Png/noFilter,Context Works,Group,110442708,233,10758473,190900,154654,5243,12,2026-02-10T02:20:23.937Z,2026-07-16T04:08:16.014Z
5156590883,🍉 Watermelon GO! [2.0] [Fruit Game],"🍉 The biggest Watermelon GO! update EVER is here!

✨ WHAT'S NEW:

🔮 18 brand-new Charms
☁️ 18 new Clouds
🖼️ 3 Player Frame Chests

🎨 Complete UI overhaul!

🏆 OG Player Reward Chests - a special thank-you to everyone who's been here sinc

How to play: 
🍉 Click to Drop the Fruit! 
🍇 Merge fruit into bigger fruit!
🍊 Be careful not to overflow the basket! 
🏆 Climb the Friend Leaderboard 

📱 🎮 💻 Available on Mobile/Console/PC

Inspired by Suika Game (Watermelon Game) 

🔔 Join the community through social links to receive exclusive updates! ",Puzzle,Match & Merge,minimal,0,Trending in Puzzle,1,https://tr.rbxcdn.com/180DAY-819a30d12b20a67390ec65e016e8f557/512/512/Image/Png/noFilter,Akio-gg,Group,16915944,195,74420320,240089,111654,10318,12,2023-10-05T03:39:24.367Z,2026-08-30T21:53:46.537Z
8080493298,A Grabpack Test [HUGGY WUGGY],"Developers:
- Elian3103 (Scripting, Building & Modeling)
- Enryprew_br (Scripting)
- Rixxles (Scripting, Building & Modeling)
- Maki (Building)
- JTMMachinima-JTM (Animator)

Contributors:
- ScaryTvMan1-funkyfriday412 (Helped make the yarnaby map)
- Kitafuzzi (helped build new rooms for map 4)
- Aithermoving (coded most of the cosmetics menu)

 ❗IMPORTANT

10% Of models from mob (like huggy)
10% Of models from sketchfab
80% Of models remade by us

The troll hand and all cosmetics are models by us, not from Mob
If a mob employee is seeing this, and considers something breaks their rules, please contact us.

Credits to Mob Entretaiment

Keybinds:
PC:
[Scroll / Number Keys] - Switch Hands
[Q] - Hand Wheel
[Left/Right Click] - Shoot left/right hand
[Shift] - Sprint
[T] - Unlock Mouse
[F] - Flashlight
[V] - Blacklight

Controller:
[Y Button] - Switch Hands
[L1/R1] - Shoot left/right hand
[L3/Joystick Press] - Sprint
[R2] - Crouch
[Back/Select Button] - Pause Menu
[B Button] - Flashlight",Puzzle,,minimal,0,Trending in Puzzle,1,https://tr.rbxcdn.com/180DAY-f1c5f027f0f40260c900b80838c08b19/512/512/Image/Png/noFilter,PREW - X,Group,1070365105,943,249356408,291136,87837,14726,10,2025-07-05T18:07:02.217Z,2026-08-17T12:30:57.651Z
10500510693,🧸 Sort the Plushies!,"👍 LIKE THE GAME FOR MORE CUTE PLUSHIES 👍
💾 HOST'S PROGRESS SAVES!

🧸 The Plushie Store is a mess! Help sort and clean over 1300+ Plushies!

📋 Sort the fallen plushies and put them back on the correct shelves
🧼 Wash the dirty plushies in the sink
💵 Gain cash
📈 Upgrade your power ups
🌱 Unlock classes, upgrades, and play new maps

👥 Clean solo or team up with friends to work faster!
🔓 Earn upgrades and powerups to help make the job easier!
🏆 Finish cleaning up the fastest and rise the ranks of the leaderboards!",Puzzle,,minimal,0,Trending in Puzzle,1,https://tr.rbxcdn.com/180DAY-0b2af2af735d8d5d68d32509919c1d0d/512/512/Image/Png/noFilter,Plushmageddon,Group,464570849,710,818169,11170,2881,266,20,2026-07-14T04:46:39.161Z,2026-09-07T00:03:15.7031004Z
10115434390,🧩 Word Connect,"👍👍👍👍👍👍👍👍👍👍👍
🎉 500 LIKES = NEW UPDATE!  👍
👍👍👍👍👍👍👍👍👍👍👍

🧩 Connect letters. Build words. Climb the leaderboard.

Slide your finger across the board to link letters and uncover words as fast as you can. The longer the word, the bigger the score 💥

🎨 Unlock stylish board themes as you level up and make the game your own
🧠 90-second rounds that test your speed and vocabulary
⚡ Quick, competitive gameplay that keeps you on your toes

Think you can spot the longest word before time’s up?
",Puzzle,Word,minimal,0,Trending in Puzzle,1,https://tr.rbxcdn.com/180DAY-86bc498f0c804b2fa4f73083780a8f8f/512/512/Image/Png/noFilter,Context Works,Group,110442708,611,4060773,14985,12665,894,10,2026-05-03T00:19:12.636Z,2026-06-05T07:48:19.378Z
10515406328,Clean the Animal Daycare!,"👍 Leave a THUMBS UP for MORE UPDATES! 👍

🐕The pups have flipped the daycare upside down and the worker has QUIT! Unleash your inner organizer and sort through HUNDREDS of items! And get the daycare back to BRAND NEW!

🖥️ PC Controls:

CLICK - Interact / Place
F - Drop
Q - Shop
U - Upgrades
Z,X,C,V - Abilities
T - Unlock Mouse

🎮 Controller Controls:

RT - Interact / Place
LT - Drop
X / Square - Shop 
B / Circle - Upgrades 
DPAD - Abilities

🤝 Clean up solo or team up with friends!
🏁 Race to earn the fastest cleanup times on the leaderboard!
🔓 Unlock upgrades, helpful tools, and special abilities to make every cleanup quicker and more fun!",Puzzle,,mild,0,Trending in Puzzle,1,https://tr.rbxcdn.com/180DAY-a035854ff0b01315898766176a5a4289/512/512/Image/Png/noFilter,Animal Daycare,Group,1062983657,523,6617400,68248,4176,620,20,2026-07-17T00:11:21.765Z,2026-09-06T12:14:13.0270692Z
4170977322,IQ Test 🧠,"💡Welcome to the IQ Test!💡

🤓Do you want to prove that you're a genius? Then this is the perfect place for you!

📝Find out what your IQ is!

👍Give a Thumbs Up👍 and ⭐Join the Group⭐ for free skips and if you want to see more updates!

[Floor Code: 5072]",Puzzle,,minimal,0,Trending in Puzzle,1,https://tr.rbxcdn.com/180DAY-5b1c4c7d3331021ef3927aaf1e2189e9/512/512/Image/Png/noFilter,Cranky Games,Group,10458237,2337,307158657,15421975,353612,30215,12,2022-12-10T03:33:02.603Z,2026-09-06T07:59:51.3904578Z
10408282469,[2 PLAYER] Incommunication,"Welcome to Incommunication. Your mission is to defuse a bomb. Too bad your teammates can't quite help you the normal way.

[🙊] The mute knows what to do, but cannot speak.
[🙉] The deaf cannot hear the world, but can read every gesture from the mute.
[🙈] The blind cannot see the panel, yet only their hands can save you.

Communicate. Misunderstand. Defuse. Or explode trying.

Inspired by Lefto Studio's ""BOMBANANA!""
• IF YOU STREAM THIS GAME PLEASE TAG BOMBANANA!
• Copyright is owned by Lefto Studio
• If you enjoy this please go check out the original game on Steam

[ IT IS RECOMMENDED YOU USE ROBLOX VOICE CHAT OR TEXT CHAT INSTEAD OF EXTERNAL APPS ]",Puzzle,Escape Room,minimal,0,Trending in Puzzle,1,https://tr.rbxcdn.com/180DAY-ce7e1841a9da93067ec070c9debbceb4/512/512/Image/Png/noFilter,Incommunication,Group,680567918,2632,20784677,126313,8676,1383,13,2026-06-28T05:38:18.387Z,2026-08-22T16:59:05.82Z
10649457157,AI Interrogation 📁,"You are locked in a room with a suspect who refuses to talk. You have 10 tries to get a full confession out of them. Every word matters.

HOW TO PLAY:
💬 Type: Enter your questions into the terminal.
⏳ 10 Tries: If you fail to get a confession, they walk free.
🛑 Be Smart: If you are too mean, they shut down. If you are too nice, they lie.

FEATURES:
🤖 Smart AI responses.
📂 6 Unique Base Cases.
🏆 Daily Cases: A brand new case every single day.

👍 Enjoying the game? Please leave a LIKE and FAVORITE! It helps support my work as a solo dev and keeps the updates coming!

#AI #Interrogation #Detective #Simulator #Police #SmartAI #Chatbot #Mystery #Logic #Crime #Investigation #Roleplay #Puzzle #Story #Suspect #Truth #Evidence #ColdCase #LawEnforcement #Detective #Ai interrogation",Puzzle,,minimal,0,Trending in Puzzle,1,https://tr.rbxcdn.com/180DAY-a8afa9d1ece1ab3afc086d67f6c4694c/512/512/Image/Png/noFilter,TrueTalk AI,Group,403831670,631,3901793,81220,22081,8148,1,2026-08-07T16:08:58.266Z,2026-09-05T23:39:00.3652677Z
10189903609,Finish The Word! [ SUMMER ],"Poodle -> Elephant -> Turtle! Keep the chain alive in this fast-paced word game!

Each round, say a word that starts with the last letter of the word before it. The longer the game goes, the harder it gets.

💬 One word at a time
🔁 No repeating words
⚡ Think fast or get knocked out
🐶 Use pets to gain special abilities
🧠 May the sharpest brain win

👍 Like the game and join the group for future updates!",Puzzle,Word,minimal,0,Trending in Puzzle,1,https://tr.rbxcdn.com/180DAY-0a0e077966deef70265c47bb2de7db2b/512/512/Image/Png/noFilter,Table Game X,Group,189805512,4575,70638314,116325,70730,6807,25,2026-05-19T11:08:32.912Z,2026-09-04T15:28:37.245Z
6113928308,🔑Project: Escape Room [NEW MAP],"NEW MAP OFFICE OUT NOW!

Your goal is to escape!
~~~~~~~~~~~~~~~~~~~
Project: Escape Room is a difficult escape room game where you will find yourself stuck in different unique maps. Your goal is to escape, solving puzzles and using the environment to your advantage!

⚠️This game is much more challenging than other escape room games, expect to be tested!
✅If you are new to escape rooms, consider trying beginner mode!
🎮Play solo or with a group of up to 5 players!
🔐There are currently 11 maps with many more to come!

Private servers support up to 10 player groups!

❗Join the group for updates and sneak peeks! https://www.roblox.com/communities/35660393/Serif-Games

Make sure to like 👍 and favorite ⭐ if you enjoyed, this greatly supports development! Thank you!",Puzzle,Escape Room,minimal,0,Trending in Puzzle,1,https://tr.rbxcdn.com/180DAY-19e72c38f903c1dcc65b1e2384fcc749/512/512/Image/Png/noFilter,seriif,User,93869458,1372,85332762,445985,130728,10263,15,2024-06-13T16:38:31.237Z,2026-08-10T14:20:34.17Z
4858558391,Terminal [Escape Room],"🧩 RIA26 BEST PUZZLE NOMINEE 🧩

Can you escape? 🕵️

DISCO-TECH OUT NOW!! 💃🕺🔌

In this Escape Room game, uncover the sinister secret of Leisterez as you escape multiple life-or-death scenarios: a runaway train, an abandoned train tunnel, a mysterious underground bunker, a research lab, abandoned headquarters... why is this happening? Who set all this up? Find out now! 

If the Standard Difficulty is too frustrating, there are Beginner Modes featuring entirely reworked puzzles to be more accessible to those who are younger or new to Escape Rooms! 

Available for groups of 1-5 Players, but we recommend playing in a group for the best experience! 

[Recommended you play with a pencil and paper! Writing things down might be helpful]

Tags: Escape Room, Puzzle, Puzzle Game, Riddle, Riddle Game, Escape, Puzzle Game With Friends, Escape, Timed Game, Collaboration, Collaborative, Escape Game, Logic Game, Brain Game",Puzzle,Escape Room,minimal,0,Trending in Puzzle,1,https://tr.rbxcdn.com/180DAY-723efbd3ea2e4dec08cf1ce63645eb0c/512/512/Image/Png/noFilter,CCF Studios,Group,8648619,2192,66653828,558492,103746,13540,50,2023-07-11T04:53:44.857Z,2026-09-07T04:16:24.0749466Z
10222476236,👗Catalog Avatar Runway,"👑 EVERY OUTFIT YOU MAKE IS SENT TO CATALOG AVATAR SHOPPING!

No requirements, no grinding. Any outfit you put real effort into is automatically ported over to Catalog Avatar Shopping, where you can look at it whenever you want:

https://www.roblox.com/games/86145498709536/Catalog-Avatar-Shopping

⏳ Heads up: imports can take a while. Runway runs far higher CCU than Shopping, so there's a large backlog

💃 Avatar Runway is a social fashion runway game where players vote on themes, design avatar looks, walk the runway, rate outfits, and compete for the top podium spots.

✨ Create your own style, build the best look for each theme, use catalog items and emotes, and show off your outfit in front of other players.

🗳️ Vote for the next theme and watch every round become a new fashion challenge.

🏆 Compete with friends and other players to earn wins, climb the leaderboards, and become the top runway model.

✅ Purchased items are added to your Roblox inventory and can be used across Roblox",Roleplay & Avatar Sim,Dress Up,minimal,0,Trending in Roleplay & Avatar Sim,1,https://tr.rbxcdn.com/180DAY-476ea9343f6979b65ddab80b0cdb6bef/512/512/Image/Png/noFilter,Context Works,Group,110442708,7401,20027993,86619,36110,3012,15,2026-05-25T21:46:54.235Z,2026-09-07T05:13:46.3365479Z
10404293465,🦈 DEVOUR 🦑 Eat Fish & Ocean Animals,"🌊 Welcome to DEVOUR.🦈
A realistic ocean survival game!
Start small, hunt for food, and evolve into the ocean’s most dangerous creatures.

🐟 Eat to grow with NO size limit!
🦈 Unlock stronger predators!
⚔️ Fight other players and climb the food chain!
🌊 Explore the reef, open ocean, or THE DEEP if you dare..
👑 Become the apex predator!

In THIS ocean, every animal is either THE HUNTER, or THE HUNTED..

⭐ Favorite the game for updates!
👍 Like the game for new creatures!

Devour is a multiplayer fish survival game where you eat smaller fish, grow bigger, evolve into sharks and prehistoric sea creatures, and dominate the ocean!

🏷️ fish survival, ocean survival, feed and grow, fish evolution, predator, shark, fish, ocean, sea, jellyfish, turtle, whale, bloop, megalodon, simulator, orca,, crab, squid, octopus, underwater, deep sea, prehistoric, mosasaurus, water, aquarium, feed and grow fish, fish: feed and grow, ocean game, animals",Roleplay & Avatar Sim,Animal Sim,mild,0,Trending in Roleplay & Avatar Sim,1,https://tr.rbxcdn.com/180DAY-048a0e521c269f30a7b11d203e3b2d3c/512/512/Image/Png/noFilter,Elasmonian Games,Group,109771238,717,2528841,18257,10924,2346,60,2026-06-27T14:25:39.774Z,2026-09-06T05:09:11.7597415Z
1165835263,SCP: Site Roleplay (CONSOLE UPDATE!),"Hidden beneath the frozen tundra of Northern Canada lies SCP Foundation Containment Site-64, an ultra-classified facility controlled by an organization that studies and contains the supernatural. Site-64 operates at the brink of catastrophe at all times, facing constant escape attempts by dangerous anomalies, violent sabotage by Chaos Insurgents or Hostile Test Subjects, and a relentless scientific drive to research, even when doing so endangers the world.

Defend the facility as a Security, discover the unknown as a Scientist, endure dangerous experiments as a Class-D, or fight to dismantle the Foundation as an Insurgent or Hostile Test Subject. 

SECURE. CONTAIN. PROTECT.

📋Gameplay Rulebook: https://devforum.roblox.com/t/4715675

⚙️V4.1.0 Patch Notes:
https://devforum.roblox.com/t/scp-site-roleplay-patch-notes/4853901",Roleplay & Avatar Sim,Morph Roleplay,moderate,0,Trending in Roleplay & Avatar Sim,1,https://tr.rbxcdn.com/180DAY-66852f5b29653ea3d4e530717182e0e5/512/512/Image/Png/noFilter,SCP: Site Roleplay Community,Group,2935212,467,90809712,261166,113338,17952,50,2019-05-28T00:06:28.68Z,2026-09-07T05:19:12.2688442Z
9807783902,Steal The Show! 🎤⭐,"Please note that we are in BETA mode right now, so check week-by-week as we add new features and polish the game!

Welcome to Steal the Show — the live music showdown where YOU run the stage! 8 players take turns performing, and everyone votes on everyone else. Pick a song, build an outfit, design your show, then perform LIVE while the other 7 players rate you. Only one can steal the show. ⭐
 
🎶 HOW TO PLAY 🎶
🎵 Pick your song & build your outfit
🎆 Design your own stage show — lights, effects & visuals
💃 Take turns performing — when you're NOT on stage, you're the judge! 
👑 The player with the most stars from the crowd is crowned the winner!
 
 
❤️ LIKE + ⭐ FAVORITE to help the show grow!
🎧 Plays on Desktop, Mobile & Tablet

🎩 Created by 365roshan 
 
✨ Special thanks:
🏟️ @LuxVeau — stadium assets
💡 @gabys2005 — lights
🕺 @ryzieisq — body bundles
🎤 @WhoseTrade - headset mic",Roleplay & Avatar Sim,,minimal,0,Trending in Roleplay & Avatar Sim,1,https://tr.rbxcdn.com/180DAY-cad55d210b1429dfa6313880bcb56bb7/512/512/Image/Png/noFilter,Steal the Show Group,Group,506844320,965,4028923,28391,5414,1479,8,2026-02-27T17:59:18.65Z,2026-08-31T12:32:22.58Z
10601273666,[FLOOD] Grow A Colony🐜,"👑 Ever wanted to be the queen and rule over your own ai colony?
🐜 Get Workers for food, and Majors & Drones for fighting
🐝 Defeat Bugs Creatures and Colonies for more ants and Food

UPDATE: 5.9
Fixed: Few bugs
Added: Now The Raid System Has 3 Waves

Tags: bug, insect, arthropod, spider, ants, termite, bee, wasp, mantis, hive, swarm, life, undergrowth, grounded, animal, nature, wild, survival, life, alien, simulator, sandbox, rp, roleplay, tree.",Roleplay & Avatar Sim,Animal Sim,mild,0,Trending in Roleplay & Avatar Sim,1,https://tr.rbxcdn.com/180DAY-17137ce01111d1a2f2c313d5bcc52078/512/512/Image/Png/noFilter,sebcaddy1,User,1435436910,1777,3732441,21854,10075,2125,12,2026-07-31T02:03:40.344Z,2026-09-07T05:19:55.4068715Z
1742264997,SCP: Roleplay,"Welcome to SCP: Roleplay!

Join the Foundation to help protect a top-secret research facility!
Study strange creatures and anomalies called SCPs, keep them contained, and stop them from escaping.

Play as a Prisoner (Class - D), Scientist, Guard, and unlock more teams as you progress.
Climb through the ranks, make discoveries, and help protect the world from the unknown. 

Secure. Contain. Protect.

(Licensing Attributions can be found on the Roblox devforum ""scp-roleplay-game-rules"")

[NOTE] To access different modes such as Infection, you can use the Modes button on the right side of the menu.",Roleplay & Avatar Sim,Morph Roleplay,mild,0,Trending in Roleplay & Avatar Sim | More When You Subscribe,2,https://tr.rbxcdn.com/180DAY-2b58a2a9d6733cc792157f9edfd48108/512/512/Image/Png/noFilter,SCP | Roleplay Community,Group,5479038,1494,502179738,1285524,670846,72798,50,2020-05-16T15:32:09.563Z,2026-09-01T15:14:02.62Z
3308103880,[🩸] Maple Hospital 🍂,"🍂 Maple Hospital is a highly functional and realistic hospital roleplay experience built with the help of a licensed nurse!

- Diagnose and Treat Illnesses🦴
- Help Nurses and Doctors 🩹  
- Endure Surgery as a Patient 💔 
- Save Lives with an Ambulance 🚑  
- Discover the Secrets of Maple Hospital 🔍

Please thumbs up 👍 and favorite ⭐ if you enjoy the game!

🍁Unlock Receptionist Role if you join Marizma Games! 

Categories: Town, Roleplay, Hospital, RP , Maternity, Baby, CNA, ICU, PACU, Pregnancy, Sick, Daycare, Dentist, Pets, Vet, Simulator, Pharmacy, EMT",Roleplay & Avatar Sim,Life,minimal,0,Trending in Roleplay & Avatar Sim,1,https://tr.rbxcdn.com/180DAY-c1a82fd6550e3605dfc600089a58d355/512/512/Image/Png/noFilter,Marizma Games,Group,3763098,4197,1812261222,2052834,485368,76255,50,2022-02-01T20:46:41.673Z,2026-09-07T00:51:44.5768652Z
6774320049,Dubai 🏡RP [Props! ✨],"🌴 Welcome to Dubai RP!

✨ Own Dream Homes
🚗 Drive Supercars
👨‍👩‍👧 Raise a Family
🏖️ Explore Dubai
🎢 Ride Attractions
🛥️ Drive Yachts & Helicopters
👮 Become Anything You Want!

Create your dream life, make friends, and explore the biggest Dubai roleplay adventure on Roblox!

👍 Like + Follow + Favorite for FREE rewards!",Roleplay & Avatar Sim,Life,minimal,0,Trending in Roleplay & Avatar Sim,1,https://tr.rbxcdn.com/180DAY-bcb6bccc7470d09e92c75f82d50a514c/512/512/Image/Png/noFilter,GameOver Productions.,Group,33807855,6994,237672665,893594,77638,10330,30,2024-11-09T02:32:42.667Z,2026-09-07T04:38:47.244717Z
6845400164,Rate My Avatar 2 🔊,"🌐 Join our RMA Studio group for exclusive perks & updates! 
https://www.roblox.com/communities/7633818/RMA-Society#!/about 

⚠️ Not affiliated with Names Are Not Important, Whitestar Studio, or original moderated Rate My Аvatar experience. No IP used. All rights reserved. DMCА claims will be countered 
⚠️ Complies with Roblox ToS & Community Guidelines. Safe space for vc, avatar styling & social fun 
Please contact for takedown. 

🎯 Welcome to Rate My Аvatar 2, the next-generation Rate My Аvatаr! 
✨ Discover fresh outfit inspo & seasonal themes 
⭐ Rate avatars by style, creativity & originality 
🎤 Use your mic, hang out & vibe with friends in VC booths 
💎 Unlock badges, cosmetic rewards & achievements 
The official, safe reimagining of the classic avatar rating experience. 

🏷️ SEO & DISCOVERY TAGS 
RMА2 · Rate My Аvatаr · VC hangout · voice chat social",Roleplay & Avatar Sim,Dress Up,minimal,0,Trending in Roleplay & Avatar Sim,1,https://tr.rbxcdn.com/180DAY-a6429280bef86cdca9e64a8ce93a7f6e/512/512/Image/Png/noFilter,RMA Society,Group,7633818,657,66379669,582437,34760,8878,75,2024-11-27T03:03:36.403Z,2026-09-05T01:23:30.366Z
2065706268,Outfit Loader Testing Place,"Try on outfits & get inspired to create your perfect avatar!

🛍️ Browse items of different outfits!
🛒 Any purchase made in-game will stay on your Avatar!

Free Private servers in Testing Place!

How to load outfits:
1. Click the button on the screen called 'Load User' and input the username of the player you want to see outfits for.
2. Now the outfits will load, click on them to see the items and try the outfit!

",Shopping,Avatar Shopping,minimal,0,Trending in Shopping,1,https://tr.rbxcdn.com/180DAY-bcf88e8729ca7d3673249f3d52526baf/512/512/Image/Png/noFilter,coded clothing,Group,5542249,377,159114481,406178,71762,17540,10,2020-10-11T02:15:21.223Z,2026-09-04T20:24:47.149Z
9076692567,[CATALOG🛍️] UGC Creator 🎨,"👀 Create your own custom UGC! 👀
We help your UGC dreams come true. 
Join and create custom Faces, Hats, or More! Also browse our Catalog of community-made items!

✨ New UGC added every week!
👍 Like the game to support future updates!

⬇  ⬇  ⬇
Note: UGC made in this game CANNOT be published to the catalog.
Only you will receive a copy in your inventory.

🚨 Roblox's Rules Apply! 
Uploading items in violation of the TOS will result in swift punishment.

Beta-V1.1.2",Shopping,Avatar Shopping,minimal,0,Trending in Shopping,1,https://tr.rbxcdn.com/180DAY-5784d1ddeabcf6545fbf17856ea770cc/512/512/Image/Png/noFilter,Build a UGC,Group,918368221,411,30480576,141889,39892,7889,15,2025-11-01T07:33:29.84Z,2026-09-01T20:49:38.345Z
10205184118,[UPDATE] SELL YOUR AVATAR,"Buy items from other players’ outfits to earn Coins! When someone buys an item from your outfit, you earn Coins too. Use your Coins to get avatar items you can wear in every Roblox game!

How to Play:
• Create an outfit and put it on your booth! 🎨
• Shop outfits made by other players! 🛍️
• Earn Coins when you buy avatar items! 🪙
• Earn Coins when someone buys an item from your outfit! 💰
• Spend your Coins on avatar items you can wear in every Roblox game! 🎁

✅ All in-game avatar item purchases will be added in your Roblox inventory & can be worn in all games!

Lagging? USE A FREE VIP SERVER
ROBLOX PLUS PLAYERS GET AN EXCLUSIVE BOOTH!",Shopping,Avatar Shopping,minimal,0,Trending in Shopping,1,https://tr.rbxcdn.com/180DAY-b6a9e8e8c1e5d16b5a699f48392e39b7/512/512/Image/Png/noFilter,SELL THE AVATAR,Group,80339534,432,18584764,57249,47829,2854,20,2026-05-22T19:26:45.907Z,2026-09-01T18:09:29.496Z
9753458401,StyleMe [BIG UPDATE],"🎨 StyleMe, Where Dreams Come True! 💅✨

Welcome to StyleMe, fashion game where you can become a stylist with your own shop! 🏪

Or.. get styled! Ask other players to style you outfits! 👔

🏪 RUN YOUR OWN SHOP
Open your very own boutique! Design and sell your outfits and help people get a fashion taste! 🧚‍♀️

👔 BE A STYLIST
Become a professional stylist and help customers find their perfect look! Mix and match clothes, accessories, and create outfits that make everyone say ""WOW!"" 🎯

🛍️ GET STYLED
Find your own stylist. Ask other players to put together the perfect outfit for you 🎉

🌟 ENDLESS CREATIVITY
Express yourself through fashion, connect with other fashion lovers, and create looks that are totally YOU! 💎 

Join and start your fashion journey today! 🚀
",Shopping,Avatar Shopping,minimal,0,Trending in Shopping,1,https://tr.rbxcdn.com/180DAY-aeb99718ee786123738bad7a6ba1043e/512/512/Image/Png/noFilter,StyleMe Group,Group,682962450,369,9410107,31810,8997,1847,17,2026-02-18T19:56:22.723Z,2026-09-06T20:23:05.0345653Z
10751153610,[🛍️] LARP SHOPPING ,"WELCOME TO LARP SHOPPING
Join the group!
https://www.roblox.com/communities/133101449/LARP-COMMUNITYs#!/about

get your items if you cant afford for the real one :)
I DONT OWN THE ITEMS THE ITEMS IS FROM THE CATALOG!
⚠️ only working game dont play or trust the other game or it will take your robux⚠️ ",Shopping,Avatar Shopping,minimal,0,Trending in Shopping,1,https://tr.rbxcdn.com/180DAY-a55ad48dfb7fea839efc41905fc3c98f/512/512/Image/Png/noFilter,ScriptingZek,User,11076312210,37,182907,6449,440,167,50,2026-08-22T03:11:19.938Z,2026-09-06T16:50:30.1164826Z
9098253051,FACEPAINTING! UGC CREATOR 🖌️,"🎨 WELCOME TO FACEPAINTING!!!

🖌️ Draw and design your own custom face directly in-game, then upload it straight to Roblox as UGC!

✅ All in-game purchases are added to your Roblox inventory and can be used on your avatar across all games!

⚠️ Please make sure all uploads follow Roblox’s Terms of Service!

UGC must pass Roblox moderation before it can be worn. UGC uploaded in-game cannot be put on sale!

🔁 Share Codes
Share codes are the same as the catalog ID of your UGC!

🖼️ Decal Importing
The recommended decal size is 512x512!

🖱️ Keybinds
Pencil: V
Brush: B
Airbrush: A
Eraser: E
Smudge: S
Bucket Fill: G
Eyedropper: Q
Select: R
Shape: L
Move: M
Reflect: F
Scale: C
Rotate: T

Toggle Symmetry: X
Toggle Lasso Mode/Axis Lock: D
Increase/Decrease Brush Size: [ ]

Thumbnail credits in alt text!",Shopping,Avatar Shopping,minimal,0,Trending in Shopping,1,https://tr.rbxcdn.com/180DAY-f9bc13d5434f99318ca92d08802ddad1/512/512/Image/Png/noFilter,FACEPAINTING,Group,703971079,202,31017814,2234806,43901,4708,1,2025-11-04T02:07:07.5Z,2026-09-06T01:45:36.4533273Z
9209811415,🎞️ Emote Catalog,"A catalog dedicated to real creators, not reuploaders.🛍️
Browse through the whole Marketplace, Create Outfits and Spend Time with your Friends.🔍
No Limits, powering creativity✨

Support artists, shop authentic.🛒

consider reporting reuploaders in the Community Forum.
#ProtectCreators🛡️",Shopping,Avatar Shopping,minimal,0,Trending in Shopping,1,https://tr.rbxcdn.com/180DAY-681eb7035066ecb1e7c963d862788bbb/512/512/Image/Png/noFilter,"L,XOXO",Group,10783491,1099,49422780,116886,17451,1711,20,2025-11-20T20:25:22.26Z,2026-08-30T01:31:44.404Z
9459951439,🛍️ Tiramisu Outfit Catalog,"Tiramisu lets you try on Catalog Items and 100,000+ Community Outfits for Free!

✅ All purchases made in-game will show up in your Roblox inventory and can be used in every game!
💎 Roblox Plus users get a 10%+ discount on almost every item!

✨ Browse our curated catalog of Community Outfits and Matching Pairs for your next avatar, or create your own!
🌍 Find Trending Outfits and discover tons of new styles!

Avatar Creator, Catalog Creator, Outfit Creator, Avatar Catalog",Shopping,Avatar Shopping,minimal,0,Trending in Shopping,1,https://tr.rbxcdn.com/180DAY-35b2d992504b23171d3306dddef05113/512/512/Image/Png/noFilter,tira miss u,Group,137808077,256,7907835,155297,12145,666,10,2025-12-29T11:43:17.12Z,2026-09-06T23:50:38.4186747Z
8005378926,Catalog Avatar Editor,"Avatar Creator lets you design and customize your dream avatar completely for free.

You can try on millions of catalog items including accessories, hats, limiteds, bundles, clothing, and animations to create a look that fits your style.

Mix endless combinations to experiment with new outfits. Whether you’re exploring fresh styles or building your perfect Avatar, Catalog Avatar Editor gives you the freedom to express yourself.

✅ All purchases made in the game are available in your Roblox inventory & can be used in all games. ✅

Get a free private server to use all gears.

If you enjoy the game, don’t forget to leave a 👍 Like and ⭐ Favorite to support the experience!

Tags: Avatar Creator, Outfit Creator, Outfit Loader, Avatar Customization, Clothing Trends, Social, Friends, Creativity, Outfit Store, tt, Catalog, Headless, Korblox, Outfit Ideas, Catalog, Outfit Loader, Fits, Matching, Outfit Render, Valk, try on shopping, hangout, Christmas Outfits, Creativity, Y2K, Catalog X",Shopping,Avatar Shopping,minimal,0,Trending in Shopping,1,https://tr.rbxcdn.com/180DAY-2d6f397bfb673d99e3e90fffc3973012/512/512/Image/Png/noFilter,Catalog X,Group,6266801,1051,36944540,828123,6715,1264,20,2025-06-26T18:09:37.803Z,2026-08-16T02:55:52.815Z
9796643263,Avatar Maker,"Avatar Maker provides a premium Catalog Avatar Editing experience. Browse and try on thousands of Items and Community Outfits for free!

🛍️ Try on accessories, hairs, bundles, animation packs & more for FREE.
🌍 Browse, create & share community-made outfits.
✅ Items you buy in-game are added to your Roblox inventory & work in every game!

Use '/cmds' to see a list of our in-game commands. If you don't have chat, you can view the commands menu by pressing the dots button on the top right.
Private servers are free and support Building Tools with command '/btools'.

🔄 Regularly updated with new features & improvements!",Shopping,Avatar Shopping,minimal,0,Trending in Shopping,1,https://tr.rbxcdn.com/180DAY-13a581cadf43e3e87ccd953debaadecc/512/512/Image/Png/noFilter,Avatar Maker Club,Group,585759509,837,24440787,921890,5134,1432,25,2026-02-25T18:07:48.79Z,2026-08-08T19:44:02.101Z
6478300087,+1 Speed Honey ASMR | Keyboard Catalog,"🎧 Made for ASMR fans:
Also with an Built in catalog to make ur dream Roblox avatar
Buttery-smooth movement, crisp satisfying key-Honey sounds, candy-Honey visuals, and chill background clicks — the perfect blend of adrenaline and relaxation. ✨",Shopping,Avatar Shopping,minimal,0,Trending in Shopping,1,https://tr.rbxcdn.com/180DAY-16558056cc59e473c41c0e855f74a7b7/512/512/Image/Png/noFilter,Very fun obeys and games!,Group,34858876,327,78926389,5486186,13504,4198,12,2024-08-27T20:11:32.347Z,2026-08-28T17:33:11.413Z
2652888345,Avatar Simulator,"Let's morph into other player by clicking on the avatar or your friends.

You can try on clothes, emotes, Animation of Roblox Avatar Shop.

If you like it, you can buy it in this game.

We are trying to make this experience a nice space, if you have any problem with the game or want to make a suggestion let us know in our group:
https://www.roblox.com/groups/14855884

👍 Likes help the game grow!
The more support we get, the more updates we can make!

tags:Avatar,Morph,Friend,Emote,Ragdoll,Outfit,Catalog,Random,Dress",Shopping,Avatar Shopping,minimal,0,Trending in Shopping,1,https://tr.rbxcdn.com/180DAY-90dc04cd13b3cfe0b30c583a0ffcf632/512/512/Image/Png/noFilter,Avatar Simulator Group,Group,14855884,2036,258056684,121333,20338,5712,24,2021-06-10T03:26:26.067Z,2026-09-06T12:37:13.515878Z
9868579866,[UPD] Classic Catalog [500k! 🥳],"A faithful recreation of Roblox's original catalog. Browse, try on, and discover thousands of Roblox-created items!

Key Features:
🗓️ Filter items by the year they were created.
📦 Browse themed collections like Korblox, Bluesteel, Gift Cards, and Toy Codes.
📜 Discover where items came from: original Tix prices, events, gifts, and more.
👕 Browse and publish community outfits made by other players.
✅ Everything you buy goes to your real Roblox inventory and works in any experience.

Roblox-created items only. UGC accessories work by ID or if you have them in your inventory, but layered clothing, UGC bundles, dynamic heads, and makeup are unavailable for use and don't show up in the catalog, keeping it classic.

Private servers are FREE

Music by OSRSBeatz

tags: avatar, outfit, creator, maker, editor, customize, classic, nostalgia, retro, oldschool, tix, items, accessories, catalog, marketplace",Shopping,Avatar Shopping,minimal,0,Trending in Shopping,1,https://tr.rbxcdn.com/180DAY-c02a37e48520ab24bfaae233f31851cf/512/512/Image/Png/noFilter,Catalog Fanatics,Group,402484893,25,527459,20663,1823,165,30,2026-03-11T20:35:45.053Z,2026-09-06T21:10:55.0155677Z
10188861194,🛍️Catalog Avatar Shopping,"Catalog Avatar Shopping lets you try on the whole Roblox catalog for free — accessories, hair, bundles, animation packs and more. Build outfits, save them privately, and publish your best looks for the community to browse, wear and heart. Filter by theme, character or tag to find your style, then hit an emote and show it off.

✅ Anything you buy in-game lands in your real Roblox inventory and works in every experience.

🔗 Share an outfit code and your friends wear your exact fit.

💃 Playing Avatar Runway? Outfits you build there import straight here: https://www.roblox.com/games/97577741629233/Avatar-Runway

⏳ Imports take a while — Runway runs far higher CCU, so there's a backlog. Your outfit isn't rejected, it's pending. It will show up.
",Shopping,Avatar Shopping,minimal,0,Trending in Shopping,1,https://tr.rbxcdn.com/180DAY-92f6a248384156b68ee613ed612c3e72/512/512/Image/Png/noFilter,Context Works,Group,110442708,313,1298811,5958,2653,193,25,2026-05-19T05:47:22.81Z,2026-09-07T00:15:10.5363016Z
10178501358,[R6] Matching / Clothing Outfits,"
#TRAPSTAS — MATCHING OUTFIT IDEAS 🖤

Your next favorite fit is waiting. Step into #TRAPSTAS and discover 100+ fully styled outfit combinations made FOR TRAPSTAS BY TRAPSTAS! 🧢

🖤 Shop complete looks or mix and match pieces
💵 Purchased items are added directly to your Roblox inventory
🔥 Find Baddie, Matching, Streetwear, Y2K, Emo, Soft Fashion looks and more
🧢 Build your own style with fits, accessories, and matching pieces
📲 Join the group for new outfit inspiration, accessories, and updates

All outfits are styled by #TRAPSTAS 🖤

🚫 Please note: UGC accessories featured in this experience are created by their respective owners. I do not claim ownership of any third-party accessories, brands, trademarks, or copyrighted designs.",Shopping,Avatar Shopping,minimal,0,Trending in Shopping,1,https://tr.rbxcdn.com/180DAY-1e921410af5d98fac7a75f811d904c05/512/512/Image/Png/noFilter,trapstas,Group,34843309,1,321976,24641,1213,95,15,2026-05-16T22:33:40.742Z,2026-09-07T05:05:24.2628534Z
9981600427,[NEW] Jujutsu Outfits,"✨ Welcome to Jujutsu Outfits ✨ 

We have over 800+ outfits for the very popular anime JJK! 
Don't worry this is not just another ordinary anime outfit game. We have the highest quality JJK outfits!

🛒 Over 800+ Unique Cosplays! - Itadori, Gojo, Sukuna, Hakari and more!
👍 Don't forget to like and favorite the game and share it with your friends!
✅ All items purchased will be added to your inventory and can be used in all games!
💜 Outfits for all of your favorite JJK characters are available here!

If you are a fan of Jujutsu Shenanigans or Jujutsu Infinite then this is the right place for you!",Shopping,Avatar Shopping,minimal,0,Trending in Shopping,1,https://tr.rbxcdn.com/180DAY-51b6e592a3bfcca530ecde5526afbae6/512/512/Image/Png/noFilter,Matching Anime Outfits,Group,34820310,15,806443,27245,1357,140,8,2026-04-03T09:36:31.45Z,2026-08-29T18:31:46.456Z
10267638347,🛍️ Avatar Catalog,"Avatar Catalog lets you try on thousands of catalog items and player-made outfits to build your perfect avatar!

🛍️ Try on accessories, hair, limiteds, bundles, animation packs, emotes & more
🌍 Browse our collection of trending community outfits, or create and share your own
✨ Mix & match items to create your perfect look

✅ All purchases made in-game are added directly to your Roblox inventory and can be used across all of Roblox!

Avatar Catalog, Avatar Creator, Catalog Avatar Editor, Outfit Loader, Outfit Creator, Outfit Ideas, Avatar Customization, Try On, Shopping, Community Outfits, Matching, Clothing, Limiteds, Headless, Korblox, Hair Combos, Emotes, Hangout, Friends",Shopping,Avatar Shopping,minimal,0,Trending in Shopping,1,https://tr.rbxcdn.com/180DAY-bc9ad5014e770d0c767a645f6e49dff0/512/512/Image/Png/noFilter,RETAIL THERAPY.,Group,320872961,673,4169587,275920,803,257,22,2026-06-03T22:55:31.108Z,2026-09-06T00:14:36.4887954Z
1651278324,[🌊] Free Items Game!,"No robux? No Problem! Here everything is 100% FREE, 100% of the time!! 😁
This game will either directly give you the free items, or explain exactly how to get them! (let us know if we're missing any free items)

⚠️ DISCLAIMER: We don't make these items, and we can't make free items. Roblox makes them and we just put them in our game. Please consider this game a fan game made by fans of free items.

🥚 This game used to be the unofficial EggHunt in 2020.

Credits:
🎵 Music by Roblox
📜 Scripter: AngelGoPokemon
🦖 Owner: Buildosaurus",Shopping,Avatar Shopping,minimal,0,Trending in Shopping,1,https://tr.rbxcdn.com/180DAY-e00a0b53ccb69d9bc7133369eb712a77/512/512/Image/Png/noFilter,Buildosaurus,Group,4679520,108,352449027,1070077,272410,28606,20,2020-04-04T10:11:02.043Z,2026-09-06T10:12:31.6981475Z
9448458879,[1000✚] PEKORA OUTFIT IDEAS🥕,"👋 -Welcome to PEKORA OUTFIT IDEAS -

Try on or buy 1000+ PEKORA avatar outfits
All purchases are sent directly to your Roblox inventory✔️

Includes styles like oldroblox, Da Hood, 2017, 2021, classic, rich style and more..

Thanks for playing and supporting the game! 🤍

Tags: Grunge, Emo, Emo Outfits, Aesthetic, Softie, Y2K, Y2K Outfits, Roblox Outfits, Outfit Loader, Outfit Shop, VKEI, Vkei, Coquette, Acubi, Baddie, Softie, Slender, Gothic, Chibi, Anime, Cute Face, DH Style, TT, Headless, Korblox, Outfit Store, Try On, Steal Outfits, Matching Outfits, Matching Fits, Hair Combos, jado, jadox, jadostyle, Hair Combo Shop, Catalog Outfits, Roblox Clothing, Robloxfits, pekora, pek, p, e, k, o, r, a, peko, blue, pekora, PEKORA, Пекора, korone, KORONE. https://www.roblox.com/communities/1057407482/s-st4r-r#!/about",Shopping,Avatar Shopping,minimal,0,Trending in Shopping,1,https://tr.rbxcdn.com/180DAY-624f6011e3911f7a91e2c6292abae6dd/512/512/Image/Png/noFilter,s st4r r,Group,1057407482,6,493820,18781,830,153,12,2025-12-27T20:52:11.6Z,2026-08-31T16:41:18.277Z
7710406091,[1300+ Outfits] xx3t Outfit Shop,"🎀 Welcome to xx3t Outfit Shop! 🎀

💖 Many cute & trendy outfit ideas 💖
🎀 We have Solo Outfits, Matching Outfits, and holiday-inspired outfits! 🎀
🛍️  Buy any outfits and items you like! All purchases will go to your inventory 🛍️
✨ Like & Favorite the game to stay updated with the latest releases! ✨

🛠️Made by K1znl🛠️

Tags: solo outfit, matching outfits, outfit ideas, outfit ideas for boys and girls, cute outfits, matching outfits, solo outfits, holiday outfits,evade outfits, scene outfits, kawaii, cute fashion, dollette, aesthetic, pick me, dh

",Shopping,Avatar Shopping,minimal,0,Trending in Shopping,1,https://tr.rbxcdn.com/180DAY-50831acdea4e3f01ac34633a2e4519c2/512/512/Image/Png/noFilter,xx3t,Group,33770733,12,910873,16973,972,253,6,2025-05-16T06:05:26.733Z,2026-09-05T10:47:35.014Z
2130958010,🛒 Classic Outfit Shop (Old Roblox Avatars),"Welcome to the original Classic Outfit Shop! The perfect place to buy Old Roblox outfits. 🛍️

MOST FITS ARE MADE BY ME, MINIMAL UGC USED

2006-2015 and 2010-2019 inspired outfits. (Both eras are in seperate sections)

If you want your outfit in this game, let me know! (Or if you want your outfit removed.)
https://www.roblox.com/communities/35608992/Classic-Association#!/about

Tags: old outfits, classic outfits, classic, og, og outfits, outfit ideas, pekora, forsaken outfits, og, retro, nostalgic, outfit ideas, old roblox, catalog, catalog editor, cheap",Shopping,Avatar Shopping,minimal,0,Trending in Shopping,1,https://tr.rbxcdn.com/180DAY-fb4eb03b55e36f9d3164008121ca1da5/512/512/Image/Png/noFilter,∶-D,Group,5100007,15,12026048,97517,11859,2909,20,2020-11-08T23:57:00.217Z,2026-08-29T01:44:53.189Z
9561559371,Crazy Avatar Hub ,"THIS GAME IS FULLY COMPLIANT WITH ROBLOX’S TOS. ONLY OFFICIAL AVATARS APPROVED BY ROBLOX FOR SALE.

👍 Like & Favorite to support the game!
🛒 Instant Inventory: Every item you buy goes straight to your Roblox avatar.
📱 Private servers are FREE! Use emotes and less lag.
🔄 Updated frequently — new outfits, bundles & glitches drop often!
😣 Avatar isn't working? Post on the group forum for HELP! 
📝 A fast, stylish shop for glitchy/troll avatars. Browse curated UGC bundles, chaotic accessories, and cursed combo fits in one clean hub.

tags: glitched avatar, avatar outfits, troll avatar, cursed avatar, avatar shop, UGC outfits, Roblox avatar, catalog outfits, glitch outfits, catalog avatar creator, CAC , chaotic avatars, free ugc",Shopping,Avatar Shopping,minimal,0,Trending in Shopping,1,https://tr.rbxcdn.com/180DAY-2be0f3aede8b7b3f4b0c9ee5f6885b6e/512/512/Image/Png/noFilter,Unstoppable Creations Studio,Group,387190308,14,6818405,335372,5724,1661,8,2026-01-14T22:18:07.363Z,2026-09-07T02:23:28.9969065Z
5339656333,Anime Outfits [3500+],"Welcome to Anime Outfits! 👘

👒 3,000+ anime outfits & cosplays - from JJK, One Piece, Demon Slayer & every anime you love. Walk up to any mannequin and try it on instantly.

🛒 Wear them for real! Every outfit is made of real Roblox catalog items - anything you buy in-game is added to your avatar and yours to keep forever.

📌 Updated almost weekly with new outfits & sections.
👍 Like & ⭐ Favorite to support us - it really helps!

💬 Group for updates & support: https://www.roblox.com/groups/32031558/Outfitable/

Anime Outfits, Anime Cosplay, Anime Cosplay Outfits, Anime Avatars, Anime Outfit Ideas, Anime Avatar Ideas, JJK, Jujutsu Kaisen, One Piece, Demon Slayer, Mini Plushies",Shopping,Avatar Shopping,minimal,0,Trending in Shopping,1,https://tr.rbxcdn.com/180DAY-db20376278c54e696569104e572b86ad/512/512/Image/Png/noFilter,Outfitable,Group,32031558,15,13024370,300514,18358,3113,20,2023-11-26T18:52:34.237Z,2026-09-06T16:57:26.0523971Z
10405217453,[999+] Niche Archive Outfit Ideas,"wlc 2 Niche Archive Outfit Ideas

🪦 999+ unique R6 outfits for both male & female!
🪦 all purchases made in-game will be available in your inventory
🪦 walk up to any outfit and click any outfit to try it on + buy!

leave a like to help us grow :P

JOIN THE GROUP FOR MORE UPDATES & TUFF CLOTHING: https://www.roblox.com/communities/474102160/niche-corner#!/store

・if you want your outfits removed let me know in -> /ossifi
・all fits were taken from CAC

Tags: R6, R6 outfits, R6 avatars, outfit ideas, outfit loader, outfit shop, outfit store, Da Hood, niche outfits, emo, emo fits, vkei, VKEI, aesthetic, avatars, matching fits, hair combos, trendy outfits, cute outfits, grunge, streetwear, fits, matching, homestore, home store, try-on, mall, avatar shop, cute face, anime, gothic, catalog, headless, korblox.",Shopping,Avatar Shopping,minimal,0,Trending in Shopping,1,https://tr.rbxcdn.com/180DAY-060baca45a62863cde5b71d9910977ab/512/512/Image/Png/noFilter,niche corner,Group,474102160,11,73046,3532,176,24,10,2026-06-27T17:29:30.257Z,2026-08-26T01:54:22.53Z
1715617820,[NEW] Outfit Loader,"Try on outfits & get inspired to create your perfect avatar!

🛍️ Browse items of different outfits!
🛒 Any purchase made in-game will stay on your Avatar!
🌟 PRIVATE SERVERS 10R$ ONLY!

How to load outfits:
1. Click the button on the screen called 'Load User' and input the username of the player you want to see outfits for.
2. Now the outfits will load, click on them to see the items and try the outfit!

",Shopping,Avatar Shopping,minimal,0,Trending in Shopping,1,https://tr.rbxcdn.com/180DAY-bcf88e8729ca7d3673249f3d52526baf/512/512/Image/Png/noFilter,coded clothing,Group,5542249,23,235554678,744502,110902,25103,10,2020-05-04T16:57:57.12Z,2026-06-17T14:45:56.963Z
10516888336,[👽] Catch 1 Billion Ducks,"🦆 Hunt ducks with your dog and become the richest! 🤑

⚔️ Equip your weapon
🐶 Prepare your dog
🦆 Shoot ducks
💰 Sell your ducks and upgrade
🤑 Become the richest!

Shoutout to: 1 Billion Ducks on steam! This game is inspired by them. Go check it out!

Controls

🖥️ PC: Left Click / R / E / Esc
🎮 Console: RT / X / A / B
📱 Mobile: Use the on-screen buttons for shooting, reloading, interacting, and navigating menus.

🚧 The game is still in beta, and we’re improving it every day!

Enjoy the game! Feel free to leave a like and join the group to support us! 👍",Simulation,Incremental Simulator,mild,0,Trending in Simulation,1,https://tr.rbxcdn.com/180DAY-0fd2d352e7f1a796749ff9e8c19f39cb/512/512/Image/Png/noFilter,Billion Duck Hunters,Group,1010818854,6253,66423810,1197264,288880,5436,18,2026-07-17T07:46:11.094Z,2026-09-07T00:04:03.9396408Z
2979369058,Pummu Talladega,"Pummu Talladega is a NASCAR-style car game, (though it's NOT affiliated with NASCAR). You'll find a wide variety of cars from all eras, with incredible crash physics—especially the soft-body cars, which you can spawn in VIP servers! Updates typically once a week, and there is a lot planned for the future of this game including a career mode! 

Note: To race with AI, you'll need to create and join your own private server.

Group: https://www.roblox.com/groups/11559306/Pummu-Studio-s#!/about 

Credits: Stunod Racing and NR2003 for some of the meshes and paint schemes.",Simulation,Vehicle Sim,minimal,0,Trending in Simulation,1,https://tr.rbxcdn.com/180DAY-09d880c0e15a811451ff6b5732b686ac/512/512/Image/Png/noFilter,ninjawarrriorr,User,55020627,2804,168394717,262527,87512,18678,14,2021-10-07T12:32:51.997Z,2026-07-21T22:52:27.313Z
8420907710,[UPD🔥] Drift Tag,"Welcome to Drift Tag 🚗💣 
Pass the bomb, dodge your rivals, and be the last driver standing!

❗ JOIN A LOW PING SERVER FOR BETTER HITBOXES

Grab a car and hit the streets in a high-speed game of hot-potato. Tag other players to pass off the bomb before the timer hits zero.
🎮 Gamemodes only occur with 4 or more players in a server, [🔥] streaks are uneffected.
🏴‍☠️ Private server owners get permission to edit round/map, announce, and kick players. 
🚩 Report players via /report

💨 Features:

💣 Fast-paced bomb-tag rounds
🚗 Unlock 20+ cars as you progress
🎁 Open cases for rare vehicles & big rewards
🏆 Earn badges for clutch plays & win streaks
💰 Earn cash every round to unlock more

TAGS:
drift tag, bomb tag, cars, racing, driving, drift, car game, tag, hot potato, multiplayer, party, survival, unlocks, cases, abilities, progression, money, speed, cars game, skills, fun, competitive, chaos, vehicle, last one standing",Simulation,Vehicle Sim,mild,0,Trending in Simulation,1,https://tr.rbxcdn.com/180DAY-760bb36c652818ad2865ba5da743d308/512/512/Image/Png/noFilter,Tandem Labs,Group,1039703573,2043,64231805,5243472,183997,35524,10,2025-08-12T19:15:16.16Z,2026-09-06T17:46:03.0100418Z
2783797267,[💨AIRTIME💨] American Plains Mudding,"🚜 Pioneering vehicles, trailers, and customization on Roblox. We ain't corporate cash-grab; we’re a project built on faith, grit, and a love for the machine.

🚨 9/5 Update
- New ATV (Advanced Suspension)
- New Off-road Course (Near Spawn)
- More Airtime (~20% More)
- Bug Fixes

🌽 APM is a one-of-a-kind roleplay world built on your suggestions. We prioritize quality over quantity, pouring our hearts into every update to deliver the most advanced vehicles, trailers, and customization to Roblox. So grab your friends and take to the mud pits, test your skills with towing, or head to the fields for some farming - from boating and off-roading to creating your own unique builds and setups. We are pushing the boundaries of what's possible on Roblox.

Like 👍 and Favorite ⭐ the game to obtain a vehicle!",Simulation,Vehicle Sim,minimal,0,Trending in Simulation,1,https://tr.rbxcdn.com/180DAY-be2ef4320009051d1ed1679997e861fb/512/512/Image/Png/noFilter,American Plains Mudding,Group,4548068,9120,680918862,7746692,364321,41216,15,2021-07-29T15:11:10.903Z,2026-09-07T04:01:14.4362134Z
1525626450,Rensselaer County,"Join our Community Group: https://www.roblox.com/communities/5499489/Rensselaer-County-Official

If you're on PC, when in vehicle, press 'E' three times to set your gearing to Drive. 'E' and 'Q' are used to switch gears.

Welcome to Rensselaer County! Located in New York, hit the road and embark on an immersive driving adventure. This open-world driving game offers lots of opportunities for exploration, with a vast network of roads, an interstate, and charming houses to discover.",Simulation,Vehicle Sim,minimal,0,Trending in Simulation,1,https://tr.rbxcdn.com/180DAY-2371008ab20f6b8b5f2d15d1c8c1f293/512/512/Image/Png/noFilter,Rensselaer County Official,Group,5499489,4060,326519531,859483,384858,21784,30,2020-01-28T00:40:54.047Z,2026-09-04T22:58:15.978Z
31970568,Theme Park Tycoon 2,"In Theme Park Tycoon 2 you get your own plot of land to build your own theme park on, together with your friends! Construct a range of rides the way you want and design your own roller coasters to truly make your park your own! Select from hundreds of scenery pieces to decorate your park further!",Simulation,Tycoon,minimal,0,Trending in Simulation,1,https://tr.rbxcdn.com/180DAY-cdddc8bcd502f7c749cd5ea7692ba940/512/512/Image/Png/noFilter,Den_S,User,1741242,4146,1613555914,6087519,2078595,256609,6,2012-01-02T05:48:04.77Z,2026-08-31T13:57:04.175Z
7094518649,Restaurant Tycoon 3 [📜] ,"[📜] Objectives System Update - Added many more interesting quests/objectives to the top of your screen. No longer will you be stuck with boring objectives like ""Cook 5 dishes"" 😍

🧑‍🍳Welcome to Restaurant Tycoon 3

[HOW TO PLAY]
👨Click to serve customers!
🍔Cook dishes for the customers!
💸Collect their bill!
🍝Build and upgrade your restaurant!

📂 Updates & Credits https://devforum.roblox.com/t/restaurant-tycoon-3/3670704
⭐ What's changed since Restaurant Tycoon 2? https://devforum.roblox.com/t/t/3636102",Simulation,Tycoon,minimal,0,Trending in Simulation | More When You Subscribe,2,https://tr.rbxcdn.com/180DAY-3bc99c45138c4b80a6fffcb594eb219d/512/512/Image/Png/noFilter,Ultraw,User,13042801,7127,358327605,860531,378530,18629,6,2025-01-16T11:24:38.103Z,2026-09-05T09:55:36.198Z
8719555347,[🚚Wrecker!🚚] Southern Mudding 🚜 OffRoading,"Welcome to Southern Mudding! Explore a map purpose built for the off-road, using your selection of pickup trucks, semi trucks, trailers, classic cars, American muscle cars, and more! Whether you're here to off-road, play with friends, roleplay, or customize your vehicles, there's something for everyone!

🚨 September 4th Update
- New Fully Functional Rotator Wrecker!
- New Sleeper Cab Semi Truck!
- + More!

🚜 SM is built around depth, realism, and steady improvement. We focus on delivering vehicles that feel right, customization that matters, and updates that add real gameplay — not just surface changes. From heavy towing and deep mud runs to hauling, boating, and dialing in your perfect truck setup, everything is designed to work together. We plan our updates entirely around your suggestions and value the community.

👍⭐ Thumbs up if you like the game and want new updates!
❗Updates every Friday!",Simulation,Vehicle Sim,minimal,0,Trending in Simulation,1,https://tr.rbxcdn.com/180DAY-f5b6252561539563cab615cd27b767f5/512/512/Image/Png/noFilter,Southern Mudding,Group,33504096,9637,388959243,576677,210013,16437,10,2025-09-15T04:28:37.477Z,2026-09-04T17:47:55.196Z
21164849,Pilot Training Flight Simulator,"We’re closing in on 900k likes! Leave a rating and help us reach this huge milestone!

Welcome to Pilot Training where you can fly a wide range of different aircraft ranging from the mighty An-225, to the adorable Piper Cub.

Currently 96 Aircraft: ✈️ ",Simulation,Vehicle Sim,minimal,0,Trending in Simulation | Learn & Explore,2,https://tr.rbxcdn.com/180DAY-4489b6de164d0f681144267b847d340a/512/512/Image/Png/noFilter,Pilot Training Club,Group,2794513,2604,788241974,1842299,860672,62699,20,2010-01-04T12:59:06.023Z,2026-08-23T17:26:23.824Z
79301772,🔨Plane Crazy🔨 [UPDATE],"Build anything you can imagine, show it off to your friends, or battle with it!
✈️ Planes • 🚗 Cars • 🚤 Boats • 🚀 Rockets
🚂 Trains • 🤖 Mechs • ⚙️ Machines • 🏠 Houses

🌎 Physics sandbox • 👥 Multiplayer • ⚔️ PvP • 🕊️ Peaceful mode

Create everything from working machines to detailed showcase builds.",Simulation,Sandbox,minimal,0,Trending in Simulation | Learn & Explore,2,https://tr.rbxcdn.com/180DAY-cd6cb3d4f256072bdca899b969925777/512/512/Image/Png/noFilter,Plane Crazy Developers,Group,4518168,3447,495749616,1981734,397217,98122,12,2014-07-16T16:19:40.94Z,2026-09-06T17:37:17.3840922Z
911750776,Broken Bones IV,"Welcome to the fourth instalment in the Broken Bones series.
Built in 2018, expanding on the original 2009 game and it's sequels.

Broken Bones is the original ragdoll simulator game on Roblox. Jump off cliffs and break bones to unlock new levels, upgrades, utilities and much more!



Sixth Annual Bloxy award winner!

The fifth Broke Bones game can be found here:
https://www.roblox.com/games/11179373590/Broken-Bones-5
",Simulation,Physics Sim,mild,0,Trending in Simulation,1,https://tr.rbxcdn.com/180DAY-5f5357fbd382c68c740ea8c6f3155be3/512/512/Image/Png/noFilter,Zaquille,User,1660343,2648,1511513118,4453946,1397911,185303,30,2018-11-07T22:30:04.797Z,2026-08-08T22:34:36.843Z
10454554751,[🌊 ] Unbox ASMR!,"📦Unbox ASMR Toys! 🎧Relax & collect! 🔓 Unlock new crates!

✨ Unbox rare ASMR toys!
⬆️ Upgrade your collection!
🎧 Enjoy relaxing sounds!
📦 Unlock better crates!
👥 Play with Friends for more cash!

👍 Like the game and join the group for ⚡ 2 FREE workers!

🔔 Follow for updates and special codes!",Simulation,Tycoon,minimal,0,Trending in Simulation,1,https://tr.rbxcdn.com/180DAY-8d95b4decb13fb261396aab7bf79b9ff/512/512/Image/Png/noFilter,ASMR Labs,Group,1110056661,3697,107638887,2200620,294615,10052,6,2026-07-05T22:19:27.638Z,2026-09-07T04:18:15.1345092Z
10263732883,[UPD 1.5] TBOD^2 [Tycoon But One Dropper: SQUARED],"1 squared is still 1.

it is essentially just a tycoon game but with a twist... you only have one dropper? (as the name of the game suggests)

but how will this work? well, you have some cool upgraders

you unlock new ways to generate money as you progress through the game.

will you reach the top of the leaderboards?",Simulation,Tycoon,minimal,0,Trending in Simulation,1,https://tr.rbxcdn.com/180DAY-ed8b01a59feba084015cf3cd21003b17/512/512/Image/Png/noFilter,BOG [But One Games],Group,34689430,1268,2092329,20751,5455,1002,8,2026-06-03T03:31:24.828Z,2026-09-07T01:00:56.9487752Z
10246108265,[UPD] Navy War,"⚓ NAVY WAR - Build your FLEET, expand your NAVY, and command powerful BATTLESHIPS to RULE THE SEAS!

⭐ HOW TO PLAY:
• Build your base and grow your ECONOMY 🏝️
• Upgrade your docks, shipyards, and FACTORIES ⚙️
• Build powerful WARSHIPS and expand your FLEET 🚢
• Unlock DESTROYERS, CRUISERS, BATTLESHIPS, SUBMARINES, and AIRCRAFT CARRIERS ⚓
• BATTLE other players and DOMINATE the OCEANS 🌊

💡 PLAY YOUR WAY:
• Build a wealthy and advanced NAVAL BASE.
• Create the strongest FLEET on the seas.
• Or balance your economy and military to become unstoppable.

Start small, build a mighty fleet, and rule the oceans!

👍 If you enjoy the game, leave a thumbs up! It really helps us!
🐞 Found a bug? Please report it on the Roblox Community!",Strategy,,minimal,0,Trending in Strategy,1,https://tr.rbxcdn.com/180DAY-196eed718503d449e8a7dc65f904eb48/512/512/Image/Png/noFilter,Parabola MMOVEMENT,Group,206413768,3689,12296697,100294,57839,2018,6,2026-05-30T14:30:00.118Z,2026-09-06T21:49:07.9022465Z
4938220315,[ASTRO COLLOSSAL SPEAKERGUY] Skibi Defense,"⭐ Make sure to Like and Favourite the game for more updates! And join the community server for more information! (Visible only to 13+) ⭐

EPILEPSY WARNING! This game contains flashing lights.

Join the group for a 25% credits boost!

This game is still constantly updating! if you experience any bugs make sure to report them to us!

Skibi Defense Currently supports: 💻  📱
(PC,MOBILE)

KEYBINDS:
📥 1-0: Quick Unit Select
🏆 E: Upgrade
💰 X: Sell
🔎 Q: Change Target Mode
🔄 R: Rotate
🔴 Z: Pause / Unpause

Developed by Archkos Studios!",Strategy,Tower Defense,minimal,0,Trending in Strategy,1,https://tr.rbxcdn.com/180DAY-05dee909b21ea6d0932f668b1defd801/512/512/Image/Png/noFilter,Archkos Studios,Group,15933961,1468,474209184,752973,187969,15504,50,2023-08-01T20:57:54.767Z,2026-09-07T05:18:14.9426561Z
7685678300,Control Europe,"🌍 Control Europe

Pick any modern European country and start your conquest!
⚔️ Capture cities, grow your army, and crush your enemies.
🏙️ Upgrade cities to boost your income and manpower.
🧪 Unlock technology to increaser your army speed and strength.
🤝 Form alliances with other nations… or backstab them when the time is right.
🗺️ Out-strategize your enemies and take control of all Europe!



🚨Private Servers have a Save/Load map feature! 🚨


👍 Like & Favorite for more updates!",Strategy,,minimal,0,Trending in Strategy,1,https://tr.rbxcdn.com/180DAY-cadbea43f7b3880d89ae991eeb16603c/512/512/Image/Png/noFilter,Hidden Studio.,Group,6206301,1235,274383307,734451,324393,19943,14,2025-05-11T13:39:26.053Z,2026-09-05T09:56:49.283Z
4778845442,[LEGACY] Toilet Tower Defense,"🚽 Toilet Tower Defense ⚔️

🌟 Step on a platform to start a match!
⚔️ Place cameramen and powerful units to fight back against invading toilets!
🏆 Beat waves to win, or survive as long as you can in Endless Mode!

Made by Telanthric and iamEvan!",Strategy,Tower Defense,minimal,0,Trending in Strategy,1,https://tr.rbxcdn.com/180DAY-362363b63e6049bf3abcfa485ac61950/512/512/Image/Png/noFilter,Telanthric Development,Group,15022320,2779,6181074369,1536805,1343448,226843,30,2023-06-17T07:34:01.93Z,2026-08-16T00:28:03.542Z
6069634717,Sorcerer Tower Defense [NAOYA],"First Jujutsu Kaisen Tower Defense game on Roblox!

⬆️ Update 31.0 
 
The Culling Game is here!

Fight various culling players and obtain them as units, open orbs and gain amazing loot!

New units:
- Projection Sorcerer [NEW SPECIAL GRADE]

- Claws Sorcerer [FREE BATTLE PASS]
- Explosive Sorcerer [PREMIUM BATTLE PASS]

- Justice Sorcerer
- Lightning Sorcerer 
- Kogane


📝 3 New Codes!

✅ Place down jujutsu sorcerers and defeat curses! Get the strongest sorcerer!
Game is inspired by jjk anime, however some manga units are included!

🅰️ VERSION ALPHA This is an early release of the game and may contain bugs, we are always working on fixing all issues as soon as they come up, please be patient if an issue occurs, 

➕ Premium Benefits: More Coins and Gems per minute for staying in the AFK zone!

Tags: sukuna, gojo, yuji, kaizen td, mahito, cursed energy, gojo satorou, tower defence, special grade sukuna, king of curses",Strategy,Tower Defense,minimal,0,Trending in Strategy,1,https://tr.rbxcdn.com/180DAY-8507650e77ca66d664dc19e94377bbf5/512/512/Image/Png/noFilter,Peanut Butter Entertainment,Group,34401723,1902,185493711,254803,398784,11397,50,2024-06-03T13:06:13.67Z,2026-08-30T16:26:24.32Z
2621511041,Ronopoly,"A Roblox themed real-estate game where you go around the board buying various popular Roblox games adding servers to them to increase landing fees. 

In this game you can win by getting three monopolies {a group of same colored games}, a full side of the board, all of the Tycoons or forcing all other players into bankruptcy.



Message to Developers:

Ronopoly depicts some of the most famous games on Roblox. We hope you're happy with your game being on the board, if not please get in touch.",Strategy,Board & Card Games,minimal,0,Trending in Strategy,1,https://tr.rbxcdn.com/180DAY-074f1219f0f009630cbee7b592656cd3/512/512/Image/Png/noFilter,Late Shift Games,Group,5426701,3524,69295713,267467,62346,25520,200,2021-05-28T10:37:52.52Z,2026-09-06T21:25:38.4252364Z
3541611379,⚔️PVP MODE Tower Defense X: BETA,"PVP mode is officially here, build up your enemy loadouts and take home wins.

All out Tower Warfare! Deploy your towers from the air, land, and sea. Rival against powerful enemies and bosses before they destroy your towers.

Join the group for bonus starting cash in your games!",Strategy,Tower Defense,minimal,0,Trending in Strategy,1,https://tr.rbxcdn.com/180DAY-3bd93859b73bd16b7c0946c8be407698/512/512/Image/Png/noFilter,Tower Defense X,Group,14733518,634,408169528,334828,331934,19897,50,2022-04-30T06:57:56.987Z,2026-09-02T03:09:23.776Z
5665954430,♠ Twenty One,"Twenty One is a 1v1 survival card game.

Your main goal is to reach 21 and defeat your opponent.
The loser approaches their demise.

You're tied to a chair. 
[ARENA] is watching.
Your existence is at the mercy of the cards.

RULES can be found in the game!

Create a closed room and click start to play against a bot!

Based on RE7 DLC: Banned Footage - 21",Strategy,Board & Card Games,moderate,0,Trending in Strategy,1,https://tr.rbxcdn.com/180DAY-c8e24691c635c13fda458f5d0c6b30fe/512/512/Image/Png/noFilter,Worst. experience,Group,32937794,494,91929473,929261,215720,15687,50,2024-02-20T05:18:10.627Z,2026-08-10T09:19:52.05Z
10591363798,[🎖️] Total Conquest [Beta],"🪖 TOTAL CONQUEST — Claim territory, grow your army, and take over the map!

⭐ HOW TO PLAY:
- Capture cities to boost your troop production 🏙️
- Send your army to take over neighboring regions 📢
- Control the whole map to win and earn rewards 🏆
- Spend rewards to unlock new commands and upgrades 💸

Play with friends, out-strategize rivals, and become the ultimate ruler! 👑

👍 Thumbs up for more updates!
🐞 Found a bug? Please report it on the Roblox Community!

BETA - Expect Bugs!",Strategy,,minimal,0,Trending in Strategy,1,https://tr.rbxcdn.com/180DAY-cc3cfc9dd2e1054ecf3d159320c4b18e/512/512/Image/Png/noFilter,LDS Fighting,Group,12780439,976,9788505,54598,37982,2520,50,2026-07-29T09:50:26.435Z,2026-09-07T05:12:09.3456661Z
7823137182,Hide the body,"Hide the body is a game where you hide uninvited friends, explore new maps and buy different items. Invite friends to make the game more exciting😉

Inspired by the game: Body Hiding Simulator 1995

If you find bugs, you can let us know in the group or in the DS.",Strategy,,mild,0,Trending in Strategy,1,https://tr.rbxcdn.com/180DAY-9737f4c8b8576d260b685576ac20a71f/512/512/Image/Png/noFilter,Doge Cloud,Group,9275288,603,384382150,539157,128945,21452,15,2025-06-01T23:02:32.94Z,2026-09-04T17:39:28.416Z
3918560032,MEDIEVAL REAL TIME STRATEGY,"⚔️ Compete for treasure to upgrade your kingdom! Recruit armies, defend your lands, and launch strategic attacks to conquer every opponent.

🎮 Game Controls & Basics:
- Choose a game mode and you’ll spawn at your castle.
- Right-click or tap on your castle and recruit a couple of builders.
- Click on a builder to select it and move them to a nearby farm.
- Build a Windmill near the farm to generate income.
- After building 3+ Windmills, build army structures (Barracks, Siege Workshop) and recruit units.
- Units auto-attack enemies. Destroy all enemy castles to win.

🏆 The game has matchmaking: level 1-5 and level 6+. ""Ranked"" mode unlocks after level 7
👍 Like the game to show support!
🔒 Private server owners are given access to various commands. (game pass)",Strategy,,mild,0,Trending in Strategy,1,https://tr.rbxcdn.com/180DAY-d8a76f6e1ad43a2bbf5c5ce8f28e6b36/512/512/Image/Png/noFilter,Spling,Group,15600763,504,83731953,276473,76840,16424,200,2022-09-08T11:29:04.037Z,2026-08-27T14:24:35.483Z
10463578886,The House Tower Defense 2 ,"Welcome To The House 2!

🏚️ The darkness has returned… and this time, The House is stronger than ever. 

⚔️ Summon powerful units to defend against enemies!
🥋Equip items to your units to power them up
👻 Battle zombies, ghosts, shadows, demons, and bosses!
🌍 Explore cursed floors, rooms and game modes!
🤝 Team up with friends and survive the darkness together!

Can you defeat the evil inside The House 2?

The game is in early beta.",Strategy,Tower Defense,mild,0,Trending in Strategy,1,https://tr.rbxcdn.com/180DAY-67d281c00043a560860b426054e80521/512/512/Image/Png/noFilter,DeadB Studios,Group,721754948,970,6883379,20459,36982,826,12,2026-07-07T14:51:28.101Z,2026-09-05T15:44:15.217Z
9940812243,[Ghoul] Anime RNG Defense,"Welcome to Anime RNG Defense! 🎲⚔️

Luck opens the path… strategy wins the battle.

🎁 Use code : UPDATEGHOUL
🎲 Roll to unlock anime-style units
🌍 Enter different maps and clear enemy waves
⚔️ Place your units and protect your base
⏫ Upgrade your team to make them stronger in battle
🍀 Boost your luck for a chance at rarer units
🔥 Create your best lineup and defeat every map!

Every roll can change your defense.
Can you build the strongest anime team?

Join the group for rewards, updates, and more codes.

🎮 Available on Desktop, Mobile, Tablet, and Console.
",Strategy,Tower Defense,minimal,0,Trending in Strategy,1,https://tr.rbxcdn.com/180DAY-1deac331f51246e1ee1c456fcaabc25b/512/512/Image/Png/noFilter,Mera.,Group,33724194,3708,12104526,149549,26975,788,4,2026-03-26T01:57:38.197Z,2026-09-06T18:31:23.3061706Z
9480281767,[UPDATE!] Monopoly,"UPDATE NOTES (09/06/2026):
Added new modifier: Card Draft! At the start of the game, each player can purchase from a random selection of properties!
You can now rejoin games! You can rejoin a game you disconnect from within 180 seconds, up to 2 times.
	(You can lose while disconnected if there is only one other player left).
Added player profiles in the lobby! Double-tap someone to view their profile, invite them, and join their lobbies!
...and more! View all the patch notes in the Lobby by tapping 'Notes' on the top-left.

_______________________________

1:1 recreation of Monopoly!

Doesn't follow the traditional rulebook 100%

_______________________________


Please leave a rating, then the feedback button will pop up. I'd appreciate your thoughts/bug reports!
(you can also leave feedback in the Lobby now)",Strategy,Board & Card Games,minimal,0,Trending in Strategy,1,https://tr.rbxcdn.com/180DAY-8b98dca9ab20702a418b3ebb3c5a8aa3/512/512/Image/Png/noFilter,GroovyII,User,93191245,8879,21228567,112846,14372,3723,24,2026-01-01T08:42:47.717Z,2026-09-07T02:08:10.824691Z
5580972377,[UPD] 💥 BUCKSHOT,"Loaded shotgun. Mixed shells. Your move.

Take turns with a shotgun loaded with lives and blanks. Shoot your rival, or risk a blank to keep the turn. Count every shell that's spent, play the odds, and lie to their face.

🔫 Duels and brawls
Tense 1v1 duels or 4-player tables where nobody trusts anybody.

🎒 Items
Peek shells, rack one out, handcuff rivals, heal, invert a shell, or steal what they were saving. Every item flips the round.

🏆 Ranked
Climb from placements to the top of the ladder. Seasonal ranks, exclusive titles, and a global top 100.

🎨 Skins and titles
Win cash, open cases, unbox skins from Common to Contraband and beyond. Rare drops roll a TrakStat module that counts your kills. Collect animated titles, level up, clear daily quests.

💱 Trading
Trade skins and titles with anyone, or hit the Trading Hub to hunt for limiteds. Some guns only exist in the double digits.

👍 Like the game and join our group for a free Deluxe Case + cash.",Strategy,,mild,0,Trending in Strategy,1,https://tr.rbxcdn.com/180DAY-e7bc34324a6d44e513daac6b30e3c68b/512/512/Image/Png/noFilter,crookit,Group,33645148,2720,140078094,584546,671451,24234,24,2024-01-28T18:36:04.97Z,2026-09-05T22:05:54.4581199Z
3267012194,LOCOfficial!,"LOCOfficial! is a fun card game with a variety of cards, decks, house rules, and more! Match cards based on color or symbol and be the first one to clear your hand to win.


🌟PICK YOUR OWN RULES
Whether it's the ability to swap hands, chain cards, or even playing a straightforward game without adding anything new, you have a vast choice of customization to make the game how you want it to.

🤝TEAM UP WITH FRIENDS
You can have a classic game against all of your friends, or, hop onto teams mode, where you can team up with your friends against a different team to strategize and rig the odds to your team's favor.


The game supports all platforms, including PC, Mobile, Console, and even VR!

UGC: https://www.roblox.com/catalog?Keyword=LOCOfficial&Category=1&CreatorName=Rawblocky&CreatorType=Group&salesTypeFilter=1",Strategy,Board & Card Games,minimal,0,Trending in Strategy,1,https://tr.rbxcdn.com/180DAY-4a5f8bb36e9150489f5fd0d4d71fd2f9/512/512/Image/Png/noFilter,Rawblocky,Group,3692974,1817,325293815,1083371,265143,40063,100,2022-01-17T23:01:42.923Z,2026-08-26T20:34:34.851Z
1531130248,⚔️ Tower Heroes,"Use code: BACKROOMS for a free skin!

What's New?
- New Weekly Challenge! (Backrooms! New adventure mode theme + Enemy Gimmick + Skin Reward)
- Backrooms Adventure Mode Theme
- Quiet Quarry [Map]
- Quarry Enemies
- Quarry Skins
- Grass Crate [Skin Crate]
- Sandbox Gamepass now gives access to Test Map
- Other Fixes

Tower Heroes is a Tower Defense game with a variety of unique Heroes to add to your arsenal. Battle against various enemies across a variety of different maps, each with their own unique bosses! Fight against other players in PVP mode, or team together to take down bosses in Freeplay mode and Campaign mode. Plenty of skins, stickers, modifiers, and more to collect.

#TowerHeroes #TowerDefense",Strategy,Tower Defense,minimal,0,Trending in Strategy,1,https://tr.rbxcdn.com/180DAY-e3e918e9a655edb2de06967519e461e2/512/512/Image/Png/noFilter,Pixel-bit Studio,Group,2684297,604,527959210,856359,361929,43423,23,2020-02-01T02:09:07.7Z,2026-09-06T18:29:11.2594268Z
9312646406,Land or Die! 🚀 [MILITARY],"🚨 CURRENTLY IN BETA — expect bugs, glitches, and ongoing updates
⚠️ WARNING: This game contains flashing lights and rapid camera effects that may trigger seizures in individuals with photosensitive epilepsy and may cause motion sickness.

✈️ Your pilot has mysteriously ""passed out"" mid-flight… You and your crew must take control of the airplane and guide it to safety!

🎮 Gameplay:
• Switch camera views (V)
• Calm passengers & manage panic
• Fix broken systems & stabilize the plane
• Handle fires, turbulence & in-flight emergencies
• Buy tools from the Supply Shop
• Work together to complete emergency landings

🔥 Expect: engine fires, system failures, chaos, and near-crash landings

💚 Like 👍 and ⭐ Favorite to support development
Join our group for updates!

🛬 Land or Die! is a chaotic multiplayer plane survival game where you handle emergencies, repair systems, and work together to safely land the aircraft before disaster strikes.

⚠️ Land safely… or die. 💀",Survival,,minimal,0,Trending in Survival,1,https://tr.rbxcdn.com/180DAY-499b9b8a5265a39eae3e02cadd9f69b9/512/512/Image/Png/noFilter,Plenty of Planets,Group,621333942,4791,180768280,910418,162394,10908,35,2025-12-07T01:11:53.527Z,2026-09-07T01:30:51.6220284Z
6324644175,Death Order: Simon Says,"Daily Updates

Game is new so there will be a lot of bugs please report them in our community server

You wake up in a prison with no memory of how you got there. To survive, you follow Simon's orders — but only when he says ""Simon Says."" Get it wrong and you die. No one knows what Simon really wants, or why you're here. Outlast everyone, and maybe you'll find out.

- Follow Simon's Orders
- Survive the Events
- Be the Last Standing

👍 Like & ⭐ Favorite to stay updated!

Lobby music and trailer made by tracker983
",Survival,1 vs All,moderate,0,Trending in Survival,1,https://tr.rbxcdn.com/180DAY-d07caa89c97cbbe1f5715071df2bf233/512/512/Image/Png/noFilter,Voxq Enterprises,Group,7015605,4256,50503789,301675,136410,16975,80,2024-07-26T17:26:53.13Z,2026-09-07T04:22:50.7614457Z
10232686472,Keep the Door Locked🔒,"You’re alone in a hotel room after midnight.

Strangers knock at your door. Some need help. Some are lying. Watch the cameras, follow the rules, and decide who gets inside.

One wrong decision may be your last.

Keep the door locked 🔒

**WE'LL KEEP MORE CONTENT SOON**",Survival,,minimal,0,Trending in Survival,1,https://tr.rbxcdn.com/180DAY-f30be1dd84ea9eb150b3ca06e5a83e60/512/512/Image/Png/noFilter,Hotel Room Services,Group,35735318,4400,56469774,299518,51422,5096,20,2026-05-28T01:43:24.549Z,2026-09-05T15:13:02.285Z
10439568447,[CHARS] Anomaly Cafe ,"Working at Emma's Cafe won't be easy. Team up with your friends, serve hungry customers, maintain the café but beware! survive the terrifying anomalies that appear when you least expect them.

⭐ Join our group for exclusive in-game rewards!
👁️ Experience original characters, terrifying anomalies, custom music, and more...
👍 Like and follow to support the continued development of Anomaly Cafe!

⚠️This game is in alpha stage. Expect bugs or issues and help us by reporting it in our community server!⚠️

🔔 Join the group for updates! 
https://www.roblox.com/communities/526425480/Anomaly-Cafe

☕ Inspired by Papa Louie game series and Animal Hospital",Survival,,minimal,0,Trending in Survival,1,https://tr.rbxcdn.com/180DAY-d537e14180b49e63e4a5cbf396108c74/512/512/Image/Png/noFilter,Anomaly Cafe,Group,526425480,4698,15183271,198161,34528,2119,24,2026-07-03T14:55:33.732Z,2026-09-06T14:50:44.3090375Z
7344582593,[⏰FASHIONABLY LATE] Die of Death,"UPDATE LOG: Fashionably Late Update. This update includes tons of new major content and reworks. Nearly everything in the game has been changed up to some extent, check it out!

Die of Death is a notably inconsistent game when it comes to strategy and often requires adapting on the fly to win. This game does an unique spin on the asymmetrical-horror genre, taking a more light and unserious tone when it comes to its content & gameplay! Randomness is a key factor here, with gamemodes that appear in between matches, random ability decks survivors are forced to pick in order to live, and more!

NOTHING IN THIS GAME FINAL, EXPECT CHANGES IN THE FUTURE!

Thumbnail & game icon both by @Chiprit103!",Survival,1 vs All,mild,0,Trending in Survival,1,https://tr.rbxcdn.com/180DAY-9b0a2b46ca66df52c6bd8d6290cf6dfd/512/512/Image/Png/noFilter,Die of Deathians,Group,477931471,2357,332221481,648092,373213,54294,9,2025-03-08T02:47:22.2Z,2026-08-25T01:52:52.731Z
10123059921,Home Alone (Anomaly),"You're home alone. Unexpected visitors keep arriving at your door, but not everyone is who they claim to be. Decide who to trust and survive the night.

How to Play:
📷 Check the cameras
👂 Listen to what they say
🚪 Open the door if they need help
🔦 Turn off the porch light if something is off...
💰 Survive the night and earn enough cash
🎭 Troll your friends with jump scare items!

UPDATE 7 (09.03.2026) : 
- New Visitors (Electrician and Painter)
- QOL Updates
& Bug Fixes",Survival,,minimal,0,Trending in Survival,1,https://tr.rbxcdn.com/180DAY-1c4b3cbc201d155c52c048347235c4d9/512/512/Image/Png/noFilter,3 AM Productions & Freeground,Group,715675394,4900,162825893,505795,166240,8989,18,2026-05-04T14:30:40.324Z,2026-09-03T17:02:46.93Z
1516533665,Piggy,"Do you have what it takes to escape Piggy and uncover the mysteries surrounding the beast?

Controls:
Pick up items / Use items - Click (Computer), Tap (Mobile) or Right Trigger (Controller)
Crouch / Place trap - CTRL (Computer), Tap (Mobile) or B (Controller)

Credits:
IK3As - Building
Optikk & Epic_Tank - Build Mode
For You to Stay © 2019 Mira K.",Survival,,mild,0,Trending in Survival,1,https://tr.rbxcdn.com/180DAY-88c605cc111c862403ae2d1e0f4bce6b/512/512/Image/Png/noFilter,Piggy Dev Team,Group,722903330,3688,14324052223,12207860,4039331,433711,6,2020-01-23T02:11:32.343Z,2026-08-18T20:29:43.31Z
9889811676,A Quiet Place: Deadzone (Pre-Alpha),"The earth has been overrun by deadly extraterrestrial creatures. Using their unimaginably good hearing, these aliens are able to hunt down and silence anyone and anything that makes noise. The United States Government has designated the entirety of the Northeastern United States as a deadzone, where no one has been able to establish contact. In your hometown of Cold Spring, New York, your only hope of survival is to stay silent. 

During this phase, everything that is currently in-game is subject to change. Any gamepasses or products that currently exist are not necessarily permanent. Purchase at your own risk (Expect accomodations of some kind).

Bugs are to be expected. Please report any that you find so we can fix them.

Note: Leaving while in danger (⚠️ indicator in-game) will cause you to lose your saved session.

Use Code: 50KLIKES
New Code at 100K LIKES!",Survival,,moderate,0,Trending in Survival,1,https://tr.rbxcdn.com/180DAY-d32c2a7431d4f1e920e2c9f43748641c/512/512/Image/Png/noFilter,QPG STUDIOS,Group,391001832,2175,26152413,188682,62205,9972,12,2026-03-15T19:51:17.44Z,2026-08-31T23:46:15.543Z
1091907805,Unboxing Simulator [UPDATE],"🎁 Welcome to Unboxing Simulator 🎁
Smash boxes, uncover legendary loot, and flex your finds with friends!

[How To Play]
• Open boxes to get hats
• Equip your best hats and weapon to boost damage
• Unlock new worlds, hatch pets, and find even stronger hats
• Visit the Trade Plaza to swap epic items with other players
• Equip perks for powerful effects - some spawn extra boxes, others upgrade or even smash them for you

[Tips]
• Bigger gifts = rarer loot - team up for locked crates!
• Reach Area 3 to hatch pets - pets help you find stronger hats from boxes
• A Locked Crate spawns every 15 min - team up to crack it open for random OP loot like perks or potions

Happy smashing and good luck on the loot!
",Simulation,Incremental Simulator,minimal,0,More When You Subscribe,1,https://tr.rbxcdn.com/180DAY-eacab39accdb3d5ff869b81e35466226/512/512/Image/Png/noFilter,Unsquared,Group,2722126,649,273144435,1088877,381141,37669,50,2019-04-01T12:44:19.247Z,2026-09-06T10:33:18.5232069Z
3734304510,South Bronx: The Trenches❗,"Experience the streets of the Southside of the Bronx, NY. 
Become a citizen and join a group, get tons of money, sell, buy, trade, and more. 

Expect bugs due to the game still being in early devleopment.

RANDOM KILL / FAIL ROLEPLAY IS PROHIBITIED AND YOU WILL BE BANNED FOR FAILING TO FOLLOW THESE RULES!

Developers:
DR1LLIN

Tags - Bronx, South bronx, Hood, Da Hood, Chicago, Bronx, ChicBlocko, South London 2, FiveM, OBLOCK, Tha Bronx, Tha Bronx 2, Bronx Shootout, NYC The projects, South Bronx, Hood Shootout, Hood, Hood game, hood game",Action,,moderate,0,More When You Subscribe,1,https://tr.rbxcdn.com/180DAY-81e613d3e498517052a0c3128cf8fa06/512/512/Image/Png/noFilter,DR1LLIN,Group,14032806,2514,437005258,460155,276392,50346,1,2022-07-10T15:56:39.917Z,2026-08-18T22:59:52.994Z
1001911915,[📈] Farming and Friends,"💰Group Members get 5% boost when selling crops 
Join Here: https://www.roblox.com/groups/4035125

👋 Welcome to Farming and Friends! Grab your tractor and call your friends! 

In Farming and Friends, you can grow cool crops and take care of cute animals together! Make your farm the best ever by expanding your plot, buying new equipment, and raising new animals! 🚜🌱🐷 

🌾 Plant, Grow & Harvest Crops! 
🐮 Raise cute Animals! 
🏠 Buy Farm Buildings, Houses & Mansions! 
🌟 Free VIP Servers! 
🚫 Have issues? 
Report it to our mods in our community server! 

Tags: Farming, Friends, Tractor, Simulator, Roleplay, Farm with your Friends, Sheep, Wheat, Corn, Duck, Plow, Farming Simulator, Raise Animals",Simulation,Tycoon,minimal,0,More When You Subscribe,1,https://tr.rbxcdn.com/180DAY-fadd8fc916bde19499f128bf25b243e2/512/512/Image/Png/noFilter,Dunn Games,Group,4035125,1204,238372240,683629,272104,35718,8,2019-01-21T21:25:27.42Z,2026-09-05T04:41:08.07Z
3170483284,Croydon: London Bus Simulator,"Welcome to Croydon, the realistic London bus simulator.

🚌 Drive passengers around the city with realistic physics & hundreds of buses to choose from.
🧑‍🧑‍🧒 Connect with likeminded people by driving on Shifts & in Simulation Servers.
🏙️ Become immersed in our massive, recently upgraded map.
📈 Create & grow your own bus company and compete against others on weekly leaderboards.
🧐 Simulate real life features such as interactive ticket machines, advanced sounds, and more.
🚃 Take a drive on our extensive tram network!
🔊 Chat to other drivers with voice!

Recommended RAM: 8GB+

Change Log: https://devforum.roblox.com/t/croydon-changelog/3270881/
Experience Rules: https://devforum.roblox.com/t/croydon-experience-rules/3305473",Simulation,Vehicle Sim,minimal,0,More When You Subscribe,1,https://tr.rbxcdn.com/180DAY-90811b339a801c603531b8e7b7035461/512/512/Image/Png/noFilter,Centro Interactive,Group,3443034,136,69260338,196193,53543,14838,50,2021-12-16T15:41:26.913Z,2026-09-07T00:22:09.9821911Z
4147392742,Yeet A Friend! ✨,"The Ultimate Roblox Throwing Simulator 🚀💪 Start Weak →  Get Strong, Collect 100s of Upgradeable Pets, Unlock Thematic New Worlds, and Compete on Global Leaderboards for Massive Prizes in Yeet A Friend🔥

Become a Yeet a Friend Throwing Legend:

💪 Train Energy & Power to build more and more Powerful Throws
🐶 Collect, Upgrade, and Trade 100s of Unique Pets
🚀 Purchase and Equip Rockets for Massive Boosts
🌍 Unlock New Thematic Worlds 
🎉 Take part in rewarding Seasonal Quests & Regular Special Events
🥇 Compete for Huge Prizes in Weekly Global Leaderboards

Let's see just how far you can YEET your friends 🚀

📢 LATEST UPDATE 📢
NEW Yeet to School Season Quests & Exclusive Rewards | Weekly Leaderboard Improvements & NEW Gemini Celestial Pet Reward | New Rocket Improvements | and more!

🖥️ Play on Desktop, Console, Mobile, and Tablet 
🎁 Redeem Code: Use the code, YEET2SCHOOL, to receive 3x FREE Wheel Spins!",Simulation,Incremental Simulator,minimal,0,More When You Subscribe,1,https://tr.rbxcdn.com/180DAY-086adf223b6e837a73ad9e75eb95995a/512/512/Image/Png/noFilter,Low Effort Studios.,Group,16403616,422,516810400,8807114,811825,43218,12,2022-11-30T22:46:45.237Z,2026-09-04T07:57:12.479Z
3573098848,💰 Bid Battles!,"Storage wars! Win garage auctions and find the rarest treasures in the game. Sell your treasures to customers in your store and grow your empire! Storage Hunter!

Decorate your shop tycoon with lots of cool items to find.

Leave a like if you enjoyed it!",Simulation,Tycoon,minimal,0,More When You Subscribe,1,https://tr.rbxcdn.com/180DAY-a9e9d306b3a08e5246995eb3e5e48fde/512/512/Image/Png/noFilter,Absolute Zero!,Group,9640154,174,194454174,412751,163601,18080,10,2022-05-11T16:47:00.13Z,2026-08-10T16:51:12.791Z
3262314006,[UPD] Weapon Fighting Simulator,"📅 Updates every Saturday UTC! 
⚔️ Welcome to Weapon Fighting Simulator! Exploring the world and fighting with flying weapons! 

🎡 Roblox Premium players get 1 more Wheel spin count.

How to play: 
💧 - Defeat monsters to get coins and skills! 
🥚 - Open stones to get powerful weapons! 
⭐ - Explore more worlds and fight with world Boss! 

🚀 RELEASE CODES: weaponfighting, welcome, goodluck, happyday 
👍 501K LIKES CODE: like501k 
❤️ NEW CODE AT 600K LIKES.",Simulation,Incremental Simulator,minimal,0,More When You Subscribe,1,https://tr.rbxcdn.com/180DAY-1d88e21e56387c233b4d44c4bbf595f8/512/512/Image/Png/noFilter,Lightning Dragon Studio,Group,12420072,683,548258975,855027,555778,38176,12,2022-01-16T07:03:31.203Z,2026-08-28T06:31:32.093Z
3317679266,PLS DONATE 💸,"💸 PLS DONATE is a game where you can raise Robux or donate Robux to others!

How to Play:
🎪 Claim a booth
📝 Customize your booth text
💰 Receive Robux from other players!
💸 Donate Robux to other players!

⚠️ Notes:
• Roblox Plus subscription is required to donate Robux.
• Robux transfers are limited to 500/day and 1,000/month. Turn on 2-Step Verification to increase your limit by 10x.
• If you're under 18, donations may require parental approval and you may need to rejoin the server.
• Due to Roblox's buggy API, transfers may not process unless you rejoin the server.

👍 Like, favorite & join the Quataun group for perks!
https://www.roblox.com/groups/12121240/Quataun",Social,,minimal,0,More When You Subscribe,1,https://tr.rbxcdn.com/180DAY-a8c2faf226f0d89bed86a7d5e9683789/512/512/Image/Png/noFilter,Quataun,Group,12121240,3076,5222833192,4416498,3683183,277074,28,2022-02-05T12:57:42.61Z,2026-08-16T02:49:11.771Z
6996253752,🔥[UPD] Central Streets🔥,"💵 WELCOME TO CENTRAL STREETS 💵

An immersive open-world roleplay experience with frequent updates.

✨ FEATURES ✨

📱 ProPads
🎒 Backpacks
🚗 Vehicle Building
🚘 Vehicle Customization
📸 Live Cameras
🌱 Farming
👥 Teams
💼 Jobs
💵 Economy
🏦 Banking
🔧 Vehicle Parts

...and much more!

Our goal is to deliver a polished, immersive experience with regular updates and high-quality gameplay.

📢 RULES:
🛑 No Cheating
🛑 No Exploiting
🛑 No Harassment
🛑 Respect Other Players

Tags: Tha bronx 3, TB3, Switches, Hood Game, Fun, Action, Shooting, Open World, Money, Grind, 2 Players, 5 Players, RolePlay, TB3, Buttons, Drums, City, Cars, Fighting",Action,Open World Action,moderate,0,More When You Subscribe,1,https://tr.rbxcdn.com/180DAY-a8a653dc16c243d7d7b844c42a995cd2/512/512/Image/Png/noFilter,Central Productions (RP),Group,35381445,473,16604877,111684,49456,2142,26,2024-12-29T01:25:04.687Z,2026-09-03T01:46:55.464Z
1180269832,Arcane Odyssey 🌊,"**This game has thousands of items and textures so 6 GB+ RAM is recommended**
**Keyboard + Mouse Required to Play**
** Dragon Update Patch Notes: https://devforum.roblox.com/t/ao/4615115 **

Embark on an epic journey through the War Seas, taking part in the conflicts of kingdoms and organizations striving for power. Many will die, but only the strong survive in this harsh, magic-polluted world. 

Conflicts are high as the many kingdoms wage war over possession of Curses, powerful artifacts which grant the user immortality and great power. After defeating great rulers and psychopaths for what you believe is the greater good, you leave yourself questioning what your true purpose in this world is.

Fight against other players, or team up with them and rule the seas as a clan, capturing islands, building castles, and becoming more infamous. Since you were born a mage, you have the option of mastering your magic, or dropping it entirely in favor of fighting styles, weapon mastery, and more.",RPG,Action RPG,moderate,0,More When You Subscribe,1,https://tr.rbxcdn.com/180DAY-ebb6612c1abecffef22916314268bd25/512/512/Image/Png/noFilter,Vetex,Group,3596833,523,154661470,880722,370049,30601,12,2019-06-07T22:10:56.297Z,2026-09-04T14:23:20.725Z
2491559356,Cursed Tank Simulator【HOLD THE LINE】,"Create your very own cursed tanks by mixing and matching modules and fight with other players!

We aim to have NO Pay To Win elements.

A silly passion project made with love by a small team during our free time.

ROBLOX PREMIUM BENEFITS include 50% more 💴, XP, and crate rewards!

MOBILE/TABLET SUPPORT! (High spec needed! Year 2022 onwards)

Press K in the garage to change the weather
Press F1 in game or tap ""HELP"" for help with controls or game mechanics!

⚠️ Exploiting the game or its mechanics will result in moderation ⚠️

THIS GAME IS NOT MEANT TO BE REALISTIC! THIS IS NOT WARTHUNDER!!!
Enjoy :D",Action,,mild,0,More When You Subscribe,1,https://tr.rbxcdn.com/180DAY-a064bcf06b71f42e20040a735ebb1dcf/512/512/Image/Png/noFilter,tanmk,Group,6708356,885,85862771,175983,59033,17252,1,2021-04-04T02:41:53.62Z,2026-09-07T05:17:01.6028703Z
848145103,Dungeon Quest! ⚔️ RPG Adventure,"Step into the world of Dungeon Quest, and battle through dungeons with friends to slay the boss that awaits!

⚔️ Master distinctive classes
🗺️ Explore 17 unique dungeons
💰 Hunt for rare and powerful armor & weapons
✨ Showcase your style with exclusive cosmetics
🤝 Team up with friends and conquer dungeons together!

❗ Hear about new updates by pressing NOTIFY! On phone or tablet? Tap •••, then tap [🔔FOLLOW].

Tags: RPG, Magic, Dungeon, Adventure, Quest",RPG,Action RPG,mild,0,More When You Subscribe,1,https://tr.rbxcdn.com/180DAY-68fb5c9bf78579ab4068a7859f1c703a/512/512/Image/Png/noFilter,Dungeon Quest by Voldex,Group,4788489,383,2332368412,5879688,1160197,103363,40,2018-09-25T16:18:57.963Z,2026-05-01T17:58:18.137Z
9872050178,[🔥ATD🔥] Anime Tower Defense: Guardians of Lumina,"Welcome to Guardians of Lumina: Anime Tower Defense! 
👍 Favorite the game and Upvote for FREE Rewards and Codes! [Star 🌟] 👍

🛡️ You Are a Guardian
Collect powerful Mecha and defend humanity from an evil AI and its Kaiju!

⚔️ Strategic Tower Defense
Collect your preferred Anime champions, improve them, and face evolving threats in a collaborative Tower Defense.

🤝 Play Together
Team up and compete with other players to decide the Top Guns.

📖 A Story Still Growing
You’re not just playing. You’re part of what comes next. Follow the book on the official website.",Strategy,Tower Defense,minimal,0,More When You Subscribe,1,https://tr.rbxcdn.com/180DAY-d99e5a2f2da8751c8e1cef0b2d4cd1e3/512/512/Image/Png/noFilter,DamiValor Studio,Group,491488808,471,848445,5352,6805,625,30,2026-03-12T18:08:45.047Z,2026-09-06T21:50:01.3296966Z
4154513353,Booga Booga [LUMBER 🪵],"Booga Booga is an open-world survival game with many secrets to uncover. Can you survive the vast environment?

🪓 Gather resources!
⛏ Explore caves!
🔨 Build bases!
⚔ Attack other tribes!

Please report exploiters to our community server located in the social links below.

Based off of Soybeen's BOOGA BOOGA, which he has made uncopylocked and free for anyone to use.",RPG,Open World & Survival RPG,mild,0,More When You Subscribe,1,https://tr.rbxcdn.com/180DAY-90aed5cbde42c15b8c6ad4c6d65d1807/512/512/Image/Png/noFilter,Gang O' Fries Entertainment,Group,9132225,919,265543609,528917,191166,43783,50,2022-12-03T15:59:05.433Z,2026-09-06T04:19:13.6029089Z
2239430935,Blair,"👻 Blair is a Phasmophobia inspired ghost hunting experience focused on gathering evidence, identifying several different types of ghosts, ranging from Demons to Spirits,  and exploring various haunted locations, known for having an incredible amount of paranormal activity. Are you brave enough to become Blair Inc.'s next Ghost Whisperer?

⚠️ This is a Paranormal Investigation game, expect elements of horror, flashing lights, and fear.
📱 Console and Mobile friendly!
🎧 Headphones & Max Graphics highly recommended!
🎙️ VC Radio & VC Only lobbies!

🛍️ UGC and Group: https://www.roblox.com/communities/8775959/Spooky-Scary-Games#!/about",Survival,,moderate,0,More When You Subscribe,1,https://tr.rbxcdn.com/180DAY-05207e28c5ed419c96fdc60ee394f4f9/512/512/Image/Png/noFilter,Spooky Scary Games,Group,8775959,942,357328291,1127275,235666,19898,50,2020-12-25T22:12:19.297Z,2026-08-25T22:38:17.402Z
833209132,[NEW] Vesteria,"You are an adventurer traveling by carriage when your journey is cut short by a monster attack. You awaken in a strange mushroom town, far from where you intended to go. As you help the people of Mushtown, you grow stronger, uncover the world’s secrets, and begin to understand the forces shaping Vesteria.

Vesteria is an open-world MMORPG on Roblox, shaped by a highly engaged community and a living player-driven economy. Explore sprawling cities, distant regions, and handcrafted worlds, take on dangerous dungeons and bosses, and trade rare items through a thriving global marketplace.

✨ Upon reaching Level 10 in Mushtown, follow the path to Nilgarf to meet the Baron and begin your journey as a Warrior, Hunter, or Mage.

🌎 Multiple cities, regions, and worlds to explore
⚔️ Challenging bosses and dungeons
🏛️ Global marketplace driven by players
👥 Passionate, long-running community

© 2026 Vesteria, Inc. Vesteria® and the Vesteria logo are registered trademarks of Vesteria, Inc.",RPG,Action RPG,mild,0,More When You Subscribe,1,https://tr.rbxcdn.com/180DAY-18d3fe9f299652c1c2bbda1379aa6ecc/512/512/Image/Png/noFilter,The Vesteria Team,Group,4238824,509,100074228,895003,256337,27777,20,2018-09-18T21:37:44.973Z,2026-09-06T06:07:51.528975Z
10123283304,Command Authority: Military Roleplay,"This game has been moved. IF YOU ARE JOINING FROM THE OLD GAME, YOU STILL HAVE YOUR DATA AND GAMEPASSES!

🪖 Command Authority is a military simulation and roleplay game. Players hold a role in the United States Armed Forces, and deploy on operations in Africa.

⚔️ This is a ROLEPLAY-focused game, not a shooter. Weapon damage is LOW to give players time to communicate and move around under fire. This won't be enjoyable for all players.

💀 This game has permadeath! When you die (or leave), someone else in the server claims your role - it won't be there when you come back.

🎖️ Users are promoted automatically when roles above open up. Climb the ranks to become a Platoon Sergeant, Company Commander, or even the General!

🚨 Rules: https://devforum.roblox.com/t/red-parasol-rules-information/4589819

Original soundtrack by Nicolas Baquero

Some UGC Assets by ARMS RACE APPAREL: https://www.roblox.com/communities/7337414/ARMS-RACE-APPAREL#!/about",Roleplay & Avatar Sim,,mild,0,More When You Subscribe,1,https://tr.rbxcdn.com/180DAY-58bbd7b67654dc891be1b85007562842/512/512/Image/Png/noFilter,Blue Canopy,Group,578103619,108,1779811,5716,2193,506,150,2026-05-04T15:45:53.392Z,2026-09-04T19:25:22.404Z
5827120940,Reborn As Swordsman,"⭐️ Welcome to Reborn As Swordsman ⭐️

⚔️ Train To Gain Strength 
😈 Battle With Enemies to Gain Swords 
❤️ Rebirth for more Health 
🏠 Climb Tower for Auras 
🏆 Collect Wins & Pets! 

😎 Premium Benefits: +10% Training Boost 
🎁Update Code: lol10k, tx15k, nice25k, god35k

Tags: Simulator, Blade, Sword, Rng, Fighting, Auras, Power, Monsters, Friends, Fun, Dungeon, Collect, Pet, Rebirth, Energy, Clicker, Adventure",Simulation,Incremental Simulator,mild,0,More When You Subscribe,1,https://tr.rbxcdn.com/180DAY-8e389035b85a4f3ea5c304a56f5e5222/512/512/Image/Png/noFilter,Weapon Kingdom,Group,34058201,351,196445914,3779562,358467,11229,10,2024-04-02T10:08:27.59Z,2026-08-31T14:15:30.769Z
7428819247,[2X CASH] South London Remastered,"PS5, XBOX, MOBILE, KEYBOARD ALL PLATFORMS SUPPORTED !    🎮
CONSOLE & MOBILE Have Supported AIM ASSIST , Unlike any other game ✅🎮

LEVEL UP Your Character to Access New GUNS , CLOTHING , CARS and other RARE EXCLUSIVE Items 🎓
Earn Money by Working a Legal Job, or Put Your trust in a Gun and Earn it Through the Mud 🥷

- LEVEL UP AND EARN MORE IN ALL JOBS 🎓
- FIGHT PLAYERS IN INTENSE NEXT GEN COMBAT SYSTEM ⚔️
- PARTICIPATE IN HEISTS AND ROBBERIES 🔫
- JOIN A FACTION AND FIGHT ALONGSIDE YOUR GANG ⚔️
- CONDUCT BUSINESS DEALS WITH OTHER PLAYERS 💼
- UPGRADE GUNS, CARS, APARTMENTS, JOBS AND MORE 🔋
- PATROL AS A POLICE OFFICER AND CLIMB UP THE RANKS 🚔
- FIND RARE GUNS / ITEMS 🔫
- FLEX CUSTOM SUPERCARS 🏎️
- AND MUCH MORE

❓Will you rise to the top or be left behind?

⚠️ YOU DROP ALL ITEMS ON DEATH, BUY AN APARTMENT TO STORE YOUR ITEMS ⚠️",Action,Open World Action,moderate,0,More When You Subscribe,1,https://tr.rbxcdn.com/180DAY-6bfbfce25fe49db36cab56b7b386c147/512/512/Image/Png/noFilter,Money Motivated!,Group,33733471,523,36189897,252175,53285,4287,35,2025-03-24T07:29:24.977Z,2026-09-06T13:48:26.2203318Z
8316902627,[🌱] Plants & Brainrots 🌻,"🪴 Welcome to Plants & Brainrots!

How to Play:
🌱 Buy a seed & plant it in your garden!
🌻 Your plants fight brainrots for you!
💸 The brainrots generate money!
🍄 Buy more EPIC plants & flex your brainrots!

👍 Like the game and join the group!
💻 Available on Desktop, Mobile, Tablet & Console!",Simulation,Tycoon,minimal,0,More When You Subscribe,1,https://tr.rbxcdn.com/180DAY-abe3d338c3d5d0d9bc245c55b037381b/512/512/Image/Png/noFilter,Splitting Point - PVB,Group,34869880,2251,4702830242,1993642,3024029,166034,5,2025-08-01T13:53:14.6Z,2026-09-05T09:29:14.082Z
2865535599,Pop It Trading ✨,"🎉 ADMIN ABUSE EVERY SATURDAY!! :  free items and mini-games and chaos !! 

✨ COLLECT + TRADE ITEMS ! 
✨ SOME ITEMS ARE MORE RARE THAN OTHERS ! 😱

👍 LIKE THE GAME IF YOU WANT TO BE A BILLIONAIRE !

HOW TO TRADE
1. stand on a trading board with someone else
2. both lay down items you want to trade
3. both jump on the ✅ button at the same time to accept trade
4. jump on ❌ button to cancel trade
5. jump on ➕ button to request more items 


happy trading !! 

tags: pop it trading, baby brainrot, fun, collecting, squishy dumplings",Simulation,,minimal,0,More When You Subscribe,1,https://tr.rbxcdn.com/180DAY-4e9a79bf0756565b09d9b14b8df02722/512/512/Image/Png/noFilter,club XOX,Group,8327387,188,838941464,2767190,428062,53143,22,2021-08-28T00:38:43.493Z,2026-09-04T21:01:13.898Z
1147304238,Dragon Blox,"🔥 Welcome to Dragon Blox! Enjoy the world of Saiyans and become strongest of them all! 🔥 

💪 Stat & 🍀LUCK Multiplier every Weekend!
🧪 Unique Orb spawns in each world every hour / Despawns after 20 mins
⭐ Standard Wish Spawns in each world every 15 minutes
🛠 Admin Meteor Drop Events for free wishes every weekend!",RPG,Action RPG,mild,0,More When You Subscribe,1,https://tr.rbxcdn.com/180DAY-b7b494aaf326333f6b68dd4837c0bff2/512/512/Image/Png/noFilter,G RBLX Games,Group,3481335,378,611844393,1274570,468546,45904,14,2019-05-14T03:45:02.663Z,2026-09-01T07:20:22.571Z
605887098,Car Dealership Tycoon  [🚒],"👋 Welcome to Roblox’s #1 driving game — Car Dealership Tycoon! 🚗

🏢 Build and grow your dream car dealership
🚘 Collect 600+ cars and vehicles
🏎️ Drive supercars, hypercars, motorcycles, police cars & more
🎨 Customize your cars with colors, gloss, performance upgrades & more
🏁 Race other players, complete challenges, and compete in special events
🌎 Explore an open world and build the ultimate car dealership!

🎉 NEW UPDATE RELEASED! 🎉

🚗 1 NEW LIMITED VEHICLE 🚗
🚒 FIRETRUCK NOW AVAILABLE IN THE SHOP 🚒
🌫️ NEW FOG WEATHER 🌫️
🚘 NEW “SPAWN UP TO 3 VEHICLES” GAMEPASS 🚘

💰 Use code ""FOGISCOMING"" for $50,000 in-game money!

🎁 Join our massive community for news, updates, events, giveaways, and special rewards!

👍 Thanks for playing and have a great time!

⭐ Like, Favorite & Follow to support Car Dealership Tycoon!",Simulation,Tycoon,minimal,0,More When You Subscribe,1,https://tr.rbxcdn.com/180DAY-1ff92d866e7dae99e6354b9c469e7a74/512/512/Image/Png/noFilter,Foxzie,Group,3955051,1723,2524642539,3714741,1527456,116372,15,2018-03-27T03:37:58.937Z,2026-09-05T13:35:35.621Z
5897329101,Cruise Ship Simulator [BETA],"🛳️ Welcome to Cruise Ship Simulator! Drive your very own Cruise Ship to stunning ports around the Med or Bahamas. You'll start small and buy new & larger ships like the mighty Oasis Class as you sail around from Port to Port! 

Will you start with the compact yet mighty Allegra class, or command the grandeur of the almighty Vista class? The choice is yours-where will your journey begin?🛳️ 

Want to be the FIRST to know about upcoming updates? Hit the NOTIFY🔔 button!

Enjoying our game & want to support us?
Hit the LIKE👍 button
Join our GROUP🎮
https://www.roblox.com/communities/4795028/Tableboard-Studios#!/about

------------------------------------------------------------

🌊Explore ports across the Med or Bahamas!
💰Earn cash from each port you sail to!
🌟 Become an Elite Captain!
🛳️ Immerse yourself in the realism!

This game is currently in BETA stages and is a Work in Progress.

Receive the latest game updates & information by joining our Communications Server! ",Simulation,Vehicle Sim,minimal,0,More When You Subscribe,1,https://tr.rbxcdn.com/180DAY-3c6f03b91b6d90573bde0226c107bf52/512/512/Image/Png/noFilter,Tableboard Studios,Group,4795028,45,5681404,34111,9193,2680,15,2024-04-21T05:03:47.783Z,2026-09-07T02:29:15.422513Z
5049569843,[💎2X] Titan Tower Defense,"⚔️ TONS OF UNIQUE UNITS
💥 EPIC GAMEPLAY!
✨ RTX GRAPHICS!
⚡ 2x SPEED
💪2x WEEKEND!

🎮 How to Play:
🎲 Step onto a pad to start your match!
⚔️ Place your units to fight back against the toilets!
⭐ Win by beating waves or test your skills at the Endless Challenge!

📢 Like and Favourite to stay tuned for frequent updates and exclusive codes!
👾 Join our Community for more tips, tricks, giveaways and news!

⚠️ Crosstrading is strictly prohibited!",Strategy,Tower Defense,minimal,0,More When You Subscribe,1,https://tr.rbxcdn.com/180DAY-7b780f7a1d32e14998e434d81ad4f0a1/512/512/Image/Png/noFilter,[What A Game],Group,33028790,456,133812561,529807,145112,7037,18,2023-09-01T04:29:12.763Z,2026-09-05T07:46:23.815Z
8974153311,[x2 & FUSE] Dragon Ball Hyper Reborn,"⚔️ DRAGON BALL HYPER REBORN ⚔️

Train, battle, and transform in a progression-based anime fighting RPG. Increase your stats, master melee and Ki combat, defeat powerful bosses, unlock powerful forms, and advance through 110 Zenkai boosts.

⚡ Train to increase your power
🔥 Unlock powerful transformations
🥊 Master melee attacks and Ki blasts
👹 Defeat powerful bosses
👥 Play with friends for a training multiplier
🌎 Available on PC, Mobile, and Console

❤️ Like the experience to support future updates!
🌟 Roblox Plus members receive a Mythic item!

SHUTDOWN = UPDATE
MAX ZENKAI BOOST = 110
MAX PRESTIGE = 16

PC CONTROLS
[Q] Ki Blast
[E] Melee
[R] Training
[B] Transform
[M] Toggle Menu
[V] Toggle Aura
[F] Scouter
Flying: Double-jump

⚠️ Exploiting will result in a permanent ban.",RPG,Action RPG,mild,0,More When You Subscribe,1,https://tr.rbxcdn.com/180DAY-94c9271b5c69e550640595596a34f135/512/512/Image/Png/noFilter,Dark Strange,Group,3713187,212,2433063,8715,2554,389,25,2025-10-18T13:38:50.183Z,2026-09-05T17:00:56.754Z
274816972,[New Cars!🔥] Car Crushers 2 - Physics Simulation,"Car crushers 2 is the perfect game when you feel like destroying stuff for fun! Smash cars in 59 different crushers, destroy supercars in Demolition Derby, survive the whole server getting nuked or race with friends. The game features more than 400 vehicles with content added regularly!

❤️ FREE Exclusive Car after 2 Million Likes!
⭐ Favorite & Join the group to access extra cars: https://www.roblox.com/My/Groups.aspx?gid=2726951
🛠️ BUILD TOOLS IN PRIVATE SERVERS (PC/Mobile only)

Latest Update:
🏎️ 2 New Cars
💥 New 'Oval Warzone' Event
🏁 New Boss Race & Custom Races
💪 Added code 'WPOWER'

Update 89 Changelog:
🏎️ 4 New Cars
⚙️ Manual Gear Shift Support
🏁 New ""Race Trial"" mission type
🚨 New Permanent event with 12 themed race trials
⌛ New Daily Mission Variants

Genres: Physics Simulation, Car Destruction, Driving, Demolition Derby, Car Racing, Ragdoll Physics",Simulation,Vehicle Sim,minimal,0,More When You Subscribe,1,https://tr.rbxcdn.com/180DAY-6e1c1c7ec7943cc8a7cb411b957e253c/512/512/Image/Png/noFilter,Car Crushers Community,Group,2726951,1944,1360099423,7041851,1971253,137835,18,2017-02-11T16:19:43.283Z,2026-09-05T15:03:35.223Z
3666294218,🌳 Oaklands [💎 MATERIAL BUFFS],"🌳 Create a tycoon empire in this sandbox game. Chop trees, process lumber, mine rocks and ores, create amazing buildings, and more! There are endless opportunities, from creating complex automated machines, to creating an epic castle of mystery. Have fun earning, exploring, and creating!

NEW UPDATE - MATERIAL BUFFS:
- The Stock Market has been replaced with Daily Material Values!
- Bug Fixes.

🛠️ Oaklands is still in development, there may be unexpected issues. Sorry for the inconvenience!",Simulation,Tycoon,minimal,0,More When You Subscribe,1,https://tr.rbxcdn.com/180DAY-2161a910618b99e187e657161c76ff0f/512/512/Image/Png/noFilter,Typical Developers,Group,2700233,367,59692972,418758,119908,15316,8,2022-06-17T14:53:03.443Z,2026-08-27T12:53:22.134Z
2860485766,[😱] Horror Elevator!,"😱 Can YOU survive the scariest Roblox horror elevator game?
Every floor is a new nightmare monsters, killers, and cursed horrors await behind the doors...

👁️‍🗨️ Escape from killer clowns, haunted dolls, SCP creatures, a cursed animatronic bear, and a deadly red light green light doll!
Inspired by Insane Elevator, but way more terrifying.

WHATS NEW?✨

🏃 This is a scary elevator survival game where fear, panic, and quick thinking are your only hope...

🎁 Join the group for daily free rewards!
🔔 Follow the game to be the first to see new floors, monsters, and weekly updates.
👻 New horrors added soon. Stay alive!",Party & Casual,Minigame,mild,0,More When You Subscribe,1,https://tr.rbxcdn.com/180DAY-a3752dc92379fa8901b4d69ebca452bf/512/512/Image/Png/noFilter,Game Chefs,Group,9165165,147,57596880,2024710,86199,10098,18,2021-08-26T01:53:30.103Z,2026-08-25T15:40:30.569Z
1527252839,Ben 10 Super Hero Time,"Welcome to Ben 10: Super Hero Time! ⌚👦🔟 The one and only OFFICIAL Roblox game by Cartoon Network!

🎁 Use Code ""500m"" for a free alien!

⚡ 👽Transform into Your Favourite Aliens and Save the Day!
🦾 Battle as Four Arms, Stinkfly, and MORE Awesome Aliens!
🌍 Explore a MASSIVE World Packed with Action-Packed Missions!

💪 Level Up Your Aliens and Master Their Unique Powers!
🎯 Complete Epic Quests and Become the Ultimate Hero!
👑 PREMIUM PLAYERS: Earn 50% MORE Omnitrix DNA!

🎮 Play on PC, Console, Mobile & Tablet - Team Up with Friends!
🆕 Regular Updates with New Aliens, Powers & Adventures!
🔔 Hit That Follow Button for Exclusive Codes & FREE Rewards!

IT'S HERO TIME! 🦸

Find out more about Cartoon Network Games and our policies here - https://www.roblox.com/groups/5544719/Cartoon-Network-Games#!/about",Action,Battlegrounds & Fighting,mild,0,More When You Subscribe,1,https://tr.rbxcdn.com/180DAY-6b7bb0801b6f0e1d8b034f2da2558bdf/512/512/Image/Png/noFilter,Cartoon Network Games,Group,5544719,575,601122010,2755562,81830,23445,20,2020-01-29T10:42:13.84Z,2026-09-04T16:34:35.584Z
10037019232,🔴🔵[RED V BLUE] Marine Academy: Military Roleplay,"NEW DEPLOYMENT AT 5K LIKES!!

📢 GET ON LINE!

⚓ Marine Academy is a military roleplay game where you can attend Recruit Training to become a Marine! Progress your career by hosting trainings, attending tryouts, and work your way up to Commandant of the Marine Corps!

⏰ Training expires after 48 hours! Log in frequently to progress your career.",Roleplay & Avatar Sim,Life,mild,0,More When You Subscribe,1,https://tr.rbxcdn.com/180DAY-b2b34fafd65443b44ab0dfe9a76b1966/512/512/Image/Png/noFilter,Blue Canopy,Group,578103619,112,4204344,12963,5114,1486,150,2026-04-14T19:59:59.907Z,2026-09-04T18:22:57.952Z
5720553711,NewSmith 🏡 RP,"Welcome to NewSmith🏡!

This is a more authentic world. We live in this small town with friends and family.👪

Thank you for playing!
Join our group ⭐ and Like the game 👍 to get a Toy Car!
We will have more interesting updates!

👶 Play with your NPC family！
👔 Playing various professions in the small town!
🏠 Build your dream home!
🚗 Drive a car to go camping!
📱 Use your phone to stay in touch with friends!
🛍 Go shopping with friends!
🏖️ Leave your mark on the beach!
👋 Are you ready to embark on the journey of NewSmith?

Private Server Benefits:
-Customize Weather
-Custom Time
-Flight Function
-Kick Player
",Roleplay & Avatar Sim,Life,minimal,0,More When You Subscribe,1,https://tr.rbxcdn.com/180DAY-571812c81ec5275780ec29cafa0a914c/512/512/Image/Png/noFilter,ARKverse office,Group,33941191,5422,740879739,2980323,237422,21728,28,2024-03-04T14:44:04.163Z,2026-09-07T02:40:32.0355663Z
3204175584,Redcliff City 🏡RP ,"Private Servers: PC users left shift + P to toggle Freecam On/Off, Mobile users bottom right corner button to toggle Freecam On/Off, you must be the owner of the private server!

Be whoever you want, and most importantly, roleplay whatever you want in Redcliff City!

🏡 Own and live in big houses and mansions!
🏫 Go to school, work jobs, and explore the city
🏎️ Cruise around the town in expensive cars and super cars!
👗 Decorate your avatar from an endless selection of accessories!
⚽ Choose from an abundance of tools to suit your roleplay needs!

Enjoying the game? Support us with a thumbs up 👍 and favorite ⭐ Redcliff City RP!

Tags: RP, Roleplay, Dream, Life, City, Town, Car, Driving, Crime, Military, SCP, Fun, Happy, Family, Raise, Daycare, Adopt
",Roleplay & Avatar Sim,Life,minimal,0,More When You Subscribe,1,https://tr.rbxcdn.com/180DAY-a478242e654b38fcaf8bc37812ee30b6/512/512/Image/Png/noFilter,Redcliff City RP,Group,11741855,2620,1200088476,1030050,224052,36424,26,2021-12-27T02:12:57.403Z,2026-08-29T06:44:56.01Z
204387960,Universal Roblox Theme Park,"Welcome to the largest theme park on Roblox. There's tons to do at our park, such as:
- 🎢 Ride thrilling rollercoasters and unbelievable dark rides
- ☀️ Journey through incredible themed-lands
- 🔘 Help operate the park with cashier, custodian, and mechanic jobs
- ➕ Meet people, roleplay, and make unforgettable memories with friends
It's all here waiting for you here at Universal Roblox!

👍 Leave a like to support the game! We really appreciate it 👍

Want to experience the park with your party only? Private servers are available! Please note, private servers will fill queues with bots to match the wait times in the public servers.

This game is not intended to be associated with any real-world companies. No copyright is intended. Generative AI is not used in this project.",Simulation,,minimal,0,More When You Subscribe,1,https://tr.rbxcdn.com/180DAY-4c51158129612ba8af541d0d3649e916/512/512/Image/Png/noFilter,Universal Roblox Park & Resort,Group,1181615,124,131302779,843809,193919,23719,35,2016-10-13T17:25:46.467Z,2026-09-05T03:21:59.49Z
5944821008,🚨 Birmingham Vehicle Simulator,"🇬🇧 Welcome to Birmingham Vehicle Simulator 🇬🇧

🏙️ Explore England’s second city with a detailed City Centre & busy surrounding roads.
🚕 Complete taxi jobs by transporting NPC passengers across the city.
🚍 Drive double-decker buses, follow schedules, & unlock new vehicles.
🚑 Respond to NPC emergencies as part of the emergency services.
🏁 Take part in organised street races across the city.
🚓 Build a wanted level by breaking the law — police will respond dynamically.
🎨 Customise your vehicles with unique wraps & play alongside other players.",Simulation,Vehicle Sim,minimal,0,More When You Subscribe,1,https://tr.rbxcdn.com/180DAY-9f4c9b6d3af563483dfbbf9ee4eb5e93/512/512/Image/Png/noFilter,Birmingham Vehicle Simulator,Group,33732075,358,55937242,360096,15022,6232,50,2024-05-03T17:33:20.49Z,2026-09-07T00:13:15.3890402Z
10231678265,[HORROR] Saturation Diving,"Delve to the bottom of the ocean with your friends in this spooky co-op horror/adventure game! Explore the deep sea enviroments as you clean and mine deep sea ore from pipes. Visit deeper and deeper sites in deep sea holes, crash sites, and frigid dead enviroments. Upgrade your gear and take on tougher challenges the deeper into the abyss you delve. But be aware, other divers have been seeing strange things down here. I mean what kind of life could develop at the bottom of the ocean?

This game is in its beta stage of development, and hasn't FULLY released. Please expect bugs, unfinished features, thank you!

Thumbnail Credits : @Wyster7a, @kqnoya",Survival,,mild,0,More When You Subscribe,1,https://tr.rbxcdn.com/180DAY-cd0442d8f587a2aa10049205ce1d7c2d/512/512/Image/Png/noFilter,The_BucketHead,User,437467240,1414,4163830,123726,11041,1208,50,2026-05-27T19:18:36.505Z,2026-09-01T19:19:38.888Z
5812546130,"West Coast, Florida","🌴 Welcome to West Coast, Florida! 🌴 

📌 West Coast, Florida is based in a small town off the coast of Florida, with tons of RP! Drive boats, supercars, work at the local bait shop, or head out early in the morning to go fish at the oil rig! There is tons to do, come play!

 ➕ Recent Updates 
- Lots of bug fixes + New Scenery
- New Cars
- New Boats
- and a lot more
Code: vouraboatisingame

❗If you encounter any bugs or have any suggestions or would like to talk to our community, join by the social links below.

⚠️ ⚠️ Please note that any form of exploiting is a PERM ban and can have more consequences. Please report any exploiters.

-- tags: boating, boats, florida, water, ocean, cars, revamp, west",Simulation,Vehicle Sim,minimal,0,More When You Subscribe,1,https://tr.rbxcdn.com/180DAY-13f343edd6b4963452432a4a96b5b990/512/512/Image/Png/noFilter,PolyCore Games,Group,32072807,92,25303699,64221,22083,5724,25,2024-03-29T21:06:47.493Z,2026-09-06T22:17:26.3638125Z
5048990623,Steal TIME for SWORDS,"Sword fighting game where time is the currency allowing you to unlock extremely rare swords!

[HOW TO PLAY]
⚔️ | This game is a skill-based sword fighting experience
⏰ | Exit the safe zone to earn time and fight other players
📦 | UNBOX new swords using Time
🎁 | TRADE swords with friends

[JOIN US]
🎁 | Join our group called ICEEDX
🌟 | LIKE and FAVOURITE our game for more updates!

OVER 500+ SWORDS TO UNLOCK ✨
UPDATES MULTIPLE TIMES A WEEK 📅",Action,Battlegrounds & Fighting,mild,0,More When You Subscribe,1,https://tr.rbxcdn.com/180DAY-9bddf318be2ff00614ead8fb1bbaabe5/512/512/Image/Png/noFilter,ICEEDX,Group,32483042,96,11692989,38790,16887,2973,26,2023-08-31T23:21:07.127Z,2026-09-06T22:54:16.8132869Z
9903813613,Star Wars Empire Roleplay,"Rule the galaxy or rise against it in Star Wars Empire Roleplay!

Enlist in the Galactic Empire, climb the ranks, patrol Coruscant, protect the border, and crush the Rebel uprising. Join elite divisions, attend trainings, complete missions, and prove your loyalty to the Empire or fight for freedom as a Rebel and bring Imperial rule to an end.

⭐ Choose your role
⚔️ Battle the Rebellion
🎖️ Earn ranks and join elite divisions
🌌 Explore Coruscant
🛡️ Protect the Empire or destroy it

Long live the Empire.",Roleplay & Avatar Sim,,mild,0,More When You Subscribe,1,https://tr.rbxcdn.com/180DAY-5f3708e61e45c5788eddb088dc20d490/512/512/Image/Png/noFilter,Galactic Empire Roleplay .,Group,34468343,38,130275,880,248,90,75,2026-03-18T23:20:12.996Z,2026-09-07T00:38:46.3929931Z
1359439564,[EPIC SANS🔥] Undertale RP: Eternal Souls,"Step into a world shaped by souls, where magic lingers and every path holds a new story. Harness powerful soul abilities, explore vast lands across the overworld and underground, and journey through distant dimensions beyond imagination! 💖✨

Meet others, forge bonds, and let your story unfold through roleplay, adventure, and battle.

+50% EXP and Kromer Boost & Passive Kromer every Friday-Sunday! 🍀💫

⭐ Please consider liking and favoriting the game for more updates!

Join our group to receive in-game bonuses!",RPG,Action RPG,mild,0,More When You Subscribe,1,https://tr.rbxcdn.com/180DAY-bc31d31679e3a93706a19a27acf05e0f/512/512/Image/Png/noFilter,Eternal Souls Haven,Group,5445303,112,25022822,152186,34453,8473,30,2019-10-12T21:37:24.95Z,2026-08-31T18:19:20.21Z
4996628751,Eat Same Color Food Challenge,"The summer event is coming! summer shopping cart now!

Use code ""farm"" ""rainbow"" ""billy"" ""season"" for free reward! 

Welcome to Eat Same Color Food Challenge! 

How to play
1:Choose teams of different colors. 
2:Make different colors of food. 
3:Eat the food, The team with the most Eats wins. 


Play with your friends! 
👍 Thumbs up and favorite for more updates!",Party & Casual,,minimal,0,More When You Subscribe,1,https://tr.rbxcdn.com/180DAY-d8fb081052d4d78cdb018bf6776bbac6/512/512/Image/Png/noFilter,SAND4,Group,5716920,81,107892746,7490124,20447,4113,21,2023-08-17T12:05:41.007Z,2026-05-19T03:15:19.935Z
2366560560,[ADRIEN] Miraculous™ RP: Ladybug & Cat Noir,"Official Miraculous™ RP: Quests of Ladybug & Cat Noir takes you into Miraculous Paris. Play as iconic characters from the show, hang out with friends, visit familiar locations & play mini-games! Decorate your own character-themed houses & apartments, hang out with Kwamis, unlock vehicles, battle friends and more.

💫 NEW UPDATE 💫
✨ New Character of the Month  - Adrien Agreste
New  7 Character Bundle to celebrate Adrien
New Trionyx Character
New Jogging Suit Varient
Includes 6 Adrien Face Expressions
New Trionyx Transformation included
Bonus Character will be added soon

🚘New Vehicle Unlock system added
Drive any map vehicle to unlock it forever
Impovements added to vehicle collisons
Multiple fixes added to vehicle spawning & Parking
New Vehicles added to the world

Miraculous™ is a trademark of MIRACULOUS CORP
© 2026 MIRACULOUS CORP. ALL RIGHTS RESERVED

TAGS: Roleplay PVP dress villain hero fun",Roleplay & Avatar Sim,Morph Roleplay,minimal,0,More When You Subscribe,1,https://tr.rbxcdn.com/180DAY-1a043a52daae95741e670088ae9508c1/512/512/Image/Png/noFilter,Toya,Group,4516149,972,972965595,2330976,254905,44268,26,2021-02-11T10:27:17.263Z,2026-09-04T14:27:01.967Z
8881302585,🩸Generic Blood Ragdoll Fighting,"🩸/ Bloody sword fighting, with advanced blood and ragdoll physics!

⚔️ Features:
-🩸 Blood NPCs
-💥 Bloody Fighting
-🔥 Many Melee Weapons

Join The Group!
https://www.roblox.com/communities/841193265/BloodSplatter12


blood, ragdoll, euphoria, fighting , pvp, pve, sword, gore, bleed, fight, bloody ragdoll, blood fight, euphoria physics",Action,Battlegrounds & Fighting,moderate,0,More When You Subscribe,1,https://tr.rbxcdn.com/180DAY-7ddec9b5e9fc03d97828723273691de6/512/512/Image/Png/noFilter,BloodSplatter12,Group,841193265,2008,82476289,161172,127102,23611,8,2025-10-05T18:38:51.383Z,2026-09-05T17:32:38.9572891Z
5753515186,[☀️] The Eastern War 2.5,"THE EASTERN WAR 2.5
A war without end. A battlefield without limits.

Enter a persistent military conflict where strategy, teamwork, and skill determine victory. Fight across 
multiple realistic battlefields, choose your faction, and experience immersive military combat like never before.

• Realistic military & tactical FPS gameplay
• 6 unique maps with different combat scenarios
• Open-world battlefields with active warzones
• Ground and Vehicle combat
• Roleplay-friendly environment
• Optimized for PC, Console & Mobile (Mobile WIP)
• Frequent updates and new content

📢 Join our Roblox Group:
https://www.roblox.com/communities/34003483/Military-Productions#!/about

👍 Like & ⭐ Favorite the game to support future updates!

🛠️ Developed by MPS Development Team

🎮 Genres: War • Military • FPS • Open World • Realistic • Shooter • Milsim

⚔️ Choose your side. Deploy to the battlefield. Fight for victory.",Shooter,Deathmatch Shooter,moderate,0,More When You Subscribe,1,https://tr.rbxcdn.com/180DAY-4c817a0be1a9c3a5ddcbb65fb9728ba8/512/512/Image/Png/noFilter,"Military Productions,",Group,34003483,295,62908975,338431,68754,25864,10,2024-03-14T13:07:35.93Z,2026-08-28T20:45:25.505Z
7429689898,Troll is a pinning tower 2,"Trolls is a pinning tower 2!
Can you break down the tower by avoiding the trolls?

(This game is created with the permission of the creators of Troll is a pinning tower)",Obby & Platformer,Tower Obby,minimal,0,More When You Subscribe,1,https://tr.rbxcdn.com/180DAY-a98fcfe80f9f95d3c4b9796316b4959f/512/512/Image/Png/noFilter,크롱 스튜디오,Group,35669818,973,505600932,811676,1430704,78599,32,2025-03-24T11:47:07.73Z,2026-09-05T22:18:28.4090528Z
7160901012,Clothing Factory Tycoon 2,"NOTE: This game is in BETA! If you experience any bugs, please report them! We're actively working to improve the game.

👕 Clothing Factory Tycoon 2 👗 

Welcome to the ultimate clothing factory-building experience!

Step into the world of fashion and factory mastery! Build and upgrade your very own clothing factory from the ground up. Manufacture shirts, pants, shorts, and more — then sell them for cash to grow your business and become a fashion tycoon!

👥 Join the group for 15% off in-game purchases!

🤝 Invite friends for an in-game profit boost and gem reward!

🧵 Automate using industrial machines

🔨 Upgrade and unlock new clothing types

🚀 Rebirth your factory to unlock vehicles and exclusive features

💰 Every rebirth gives you a +10% permanent profit bonus!

Can you dominate the clothing industry and become the top tycoon? Play now and start your stylish empire!

Use ""/resetCamera"" if the camera breaks. Please fill out a bug report when it does!

Thumbnail art by @Fedrly",Simulation,Tycoon,minimal,0,More When You Subscribe,1,https://tr.rbxcdn.com/180DAY-23d975ef1756fa7215f8d7f7f78639a4/512/512/Image/Png/noFilter,Salty Fish Studios,Group,10293637,107,3129694,40798,12255,3538,12,2025-01-28T19:52:46.01Z,2026-09-05T19:06:56.542397Z
124283622,TPS: Street Soccer 🏆,"💣 Play fun and fast-paced street soccer! Use powerful abilities, score amazing goals, upgrade your player cards, climb the leaderboards, and become the best!

🏆 TPS Ultimate Soccer: https://www.roblox.com/join/7rti6
⚽ TAYF Digital: https://www.roblox.com/communities/5334925/TAYF-Digital",Sports & Racing,Sports,mild,0,More When You Subscribe,1,https://tr.rbxcdn.com/180DAY-0ed46febb7a7050ebf230f2c76e9d9f0/512/512/Image/Png/noFilter,TAYFUN7,User,1571620,379,791301991,664207,255723,86581,8,2015-12-23T17:26:52.283Z,2026-09-07T03:57:18.2270604Z
9438247464,Response London,"Step into the chaos of the capital in Response London, the next evolution of emergency roleplay on Roblox. Protect the city, save lives, or live your own civilian story in a dynamic open-world London.

🚓 Emergency Services
Join Police, Fire & Rescue, or Paramedics with specialist units, high-speed pursuits, intense incidents, and life-saving missions.

💰 Criminal Heists
Plan and execute major crimes including:
Bank Heists | Jewellery Robberies | ATM Raids

🚕 Civilian Jobs
Live a normal life with roles like:
Taxi Driver | Bus Driver | Postman

🌆 Explore London
Discover a detailed map filled with action, events, and opportunities around every corner.

🎮 Playable on Console, Mobile & PC

🚨 Will you serve the city… or break the law?",Roleplay & Avatar Sim,Life,minimal,0,More When You Subscribe,1,https://tr.rbxcdn.com/180DAY-510e80ae02fb368fff6c486526e1d109/512/512/Image/Png/noFilter,Response England!,Group,2979813,44,2555326,86838,3780,724,35,2025-12-26T15:41:15.333Z,2026-08-27T09:31:34.405Z
7229464493,POLY-Z RNG | Zombie Shooter,"Survive the outbreak. Stack your gear. Push your limits.

Poly-Z throws you into fast-paced, wave-based zombie survival where every round gets deadlier. Team up with others or go solo as you fight through relentless hordes, earn cash, and upgrade your loadout to stay alive.

Unlock powerful weapons, roll for rare gear, and build your perfect setup to outlast the chaos. From clutch revives to last-second escapes, every run is a test of skill, strategy, and firepower.

💀 Endless waves of zombies
🔫 Upgradeable weapons & rare loot
🧑‍🤝‍🧑 Co-op survival gameplay
📦 Crates, unlocks, and progression
🔥 Increasing difficulty every round

How long can you survive?",Shooter,PvE Shooter,mild,0,More When You Subscribe,1,https://tr.rbxcdn.com/180DAY-220b57d8f9561547bd2e0513124c3cc0/512/512/Image/Png/noFilter,STUDIO 04,Group,10312501,266,10731457,40994,15492,3421,32,2025-02-11T15:02:11.29Z,2026-09-03T11:57:46.127Z
4263576532,Cali Shootout 💥,"🔥 CALI SHOOTOUT – THE #1 STREET GAME ON ROBLOX!

Welcome to California, where loyalty is everything and the streets never sleep. Build your crew, run the city, and dominate rival factions or get stepped trying.

🎮 PLAYSTATION CONTROLLER SUPPORTED
💎 DIAMOND HEIST – New & Exclusive
🏦 ROB BANKS & BUSINESSES
🔫 HUNT FOR WEAPONS & HOLD YOUR GROUND
🚗 DRIVE EXOTIC VEHICLES
🏠 BUY YOUR OWN HOME
🤝 JOIN A FACTION & TAKE OVER TURF
📦 SECURE YOUR STASH WITH SAFE STORAGE
💰 HUSTLE FOR CASH & CLIMB THE RANKS
⚔️ GO TO WAR WITH RIVAL GANGS

Private Servers give you full control. 100% compatible on ALL devices.

The streets of Cali are calling. Will you run them or get ran off?

⭐ Developed by @Jaymayine",Action,Open World Action,mild,0,More When You Subscribe,1,https://tr.rbxcdn.com/180DAY-cecf7ef329ead81e3e8ccfe7e8ce1c02/512/512/Image/Png/noFilter,Crimelife,Group,16727292,1382,186430475,480693,509341,35887,30,2023-01-07T05:20:47.997Z,2026-09-06T14:14:02.7905792Z
2647834887,🔨 MM2 Aim Trainer,"🎯 Improve MM2 aim by training everyday!

💰 Rejoin when purchasing a gamepass!

⭐ Premium Benefits:
- 🧊 Icecrusher knife skin
- 🧊 Icepiercer gun skin

🎮 PLAY MM2 HERE:
https://www.roblox.com/games/142823291/Murder-Mystery-2

✏️ Credits:
Original game: @Nikilis
Maps: @Zyleak, @Thexz
Weapon inspo: @IDontHaveAUse, @Nikilis

Vampire Crossbow: @eyesofobl1vion
Traveler's Rifle: @bomberman_br",Shooter,,mild,0,More When You Subscribe,1,https://tr.rbxcdn.com/180DAY-39b216e7931a1dd29e1d44d9d9a545d6/512/512/Image/Png/noFilter,blu's buds,Group,17223663,876,898419785,20630567,324638,47848,1,2021-06-07T23:15:19.527Z,2025-04-16T01:29:21.867Z
4086773669,PET PARTY 🎉 RP,"Welcome to Pet Party!  Hang with friends in the tropical beach town or at your very own house, be yourself or become a cute kitty!! 

👍 Like the game for more PETS + MANSIONS ! 

🐱 BE A PET OR A HUMAN 🧑
🚙 BE A PET WITH YOUR OWN CAR + MANSION lol
🎒 BACKPACK OF FUN STUFF
🏎️ DRIVE A SUPER CAR !!


tags: hangout, pet, animals, RP, roleplay, cat, dog, kitten, puppy, fun, ",Roleplay & Avatar Sim,,minimal,0,More When You Subscribe,1,https://tr.rbxcdn.com/180DAY-b1087df3b7c4f79a7f7b8e17e26a9e00/512/512/Image/Png/noFilter,club XOX,Group,8327387,220,505381874,240375,84130,29695,24,2022-11-07T21:15:53.77Z,2026-09-04T22:16:41.801Z
7617886606,VARSITY FOOTBALL🏈 [TESTING],"high school american tackle football sim

SHUTDOWN = FIXES

thank you for your patience and expect bugs and frequent patches while game is in development

⚠️This GAME is not done, and is still under CONSTRUCTION⚠️
This game requires decent hand-eye coordination in order to be competitive. 🏈🕹️

credits:
Programming, Game Design - @steppedon
Animation - @juniorIVToxic


Keywords: High School Football, Varsity Football, Football Game, Friday Night Football, Quarterback, Wide Receiver, Running Back, Roblox Football, Sports Game, Multiplayer Football, Football Simulator, CFB, HSFB, OT7",Sports & Racing,Sports,minimal,0,More When You Subscribe,1,https://tr.rbxcdn.com/180DAY-2a7b456e18b03ef370d0aee783a5dc47/512/512/Image/Png/noFilter,American State Football,Group,35704188,305,1277433,15885,896,235,14,2025-04-29T16:55:52.97Z,2026-09-07T02:27:31.1352508Z
5012222382,Gunfight Arena,"🧨 DEAL DOUBLE DAMAGE 🧨 When you play with your friends! 💣


⭐ Eliminate other players and level up!
💰 Level up to earn more Credits!
☢️ Try to get a nuke!

💖 Thanks to everyone for the support!


💰💰💰 The higher your level, the more credits you get for the next level! 💰💰💰


⭐⭐⭐UPDATES EVERY FRIDAY!⭐⭐⭐

Tags:

Gunfight, Gun Fight, FPS, Paintball, Guns, Arena, Fast, Camos",Shooter,Deathmatch Shooter,mild,0,More When You Subscribe,1,https://tr.rbxcdn.com/180DAY-6844f9c2121361e50e288add7a06783c/512/512/Image/Png/noFilter,Gunfight Studio,Group,3529365,571,1043497831,1821483,693744,96288,20,2023-08-21T11:49:05.123Z,2026-08-28T15:05:15.522Z
7005891584,Speed Clicker ⚡,"Welcome to Speed Clicker!

Gain speed with every click! ⚡
Complete obstacles to increase the amount of speed you get with every click and earn wins! 🏆
Race against friends and other players 👥
Collect pets! 🐶
Become the FASTEST on the server 🌍
Unlock new worlds! 🚀

Roblox Plus Benefits: +50% Speed and Daily Plus Rewards! 💎

Join ""lol games.."" to unlock daily group rewards and +10% Speed! https://www.roblox.com/groups/12208023/lol-games 🎁

Invite friends for a speed boost! 💪

If you enjoy this game leave a like and favorite! 👍

Remember, you keep gaining Speed even while you're offline! ⏰",Simulation,Incremental Simulator,minimal,0,More When You Subscribe,1,https://tr.rbxcdn.com/180DAY-215af1809156b420c5fd0ca2a147a7c0/512/512/Image/Png/noFilter,lol games..,Group,12208023,3174,275642778,20806420,135905,10022,15,2024-12-30T17:44:44.9Z,2026-09-06T17:30:36.3533684Z
7706951053,First Is Owner ,"👑 Become an Owner! Or play and feel at home in many different servers, built and ruled by people
Even if you're not the first, you can still become Owner -> reach Position #1!

⚠ Chat is heavily recommended and crucial!

💔 If you dislike the current Owner, switch servers, or fight!

-> When you leave, your reign is passed to the next person that joined and so on. 
⭐ Utilize commands and btools to make a fun environment, host crazy admin abuses
🎩 Assign your players special roles
✨ Help players using your powers and hang out together!
😈 Earn and spend coins on epic troll stuff
Remember to stay chill and use your abilities appropriately! Be respectful to others. It's just a game after all. 
⚠ Exploiting / building inappropriate structures / crashing will result in a permanent ban. Please report rulebreakers through the server

🔒 Private servers are free for Roblox Plus, give X2 more Coins for playing, and a powerful secret rank!

👍 Send feedback to support updates!",Party & Casual,Minigame,mild,0,More When You Subscribe,1,https://tr.rbxcdn.com/180DAY-3d16d146968476d5d86747b600f5400b/512/512/Image/Png/noFilter,dm_own,User,365211383,631,72237850,716305,49717,14082,7,2025-05-15T13:21:51.347Z,2026-09-06T07:08:19.1041088Z
5713659018,[🔥NEW!] Artemis Royale,"🛠️ Formerly known as Fortblox
📢 Join our GROUP for 1,000 💰A-TOKENS and an EXCLUSIVE SKIN!

⏰ Item Shop refreshes daily at 5:00 PM PST!

🎮 Controls:
📦 [TAB] – Inventory
🏃 [Shift] – Sprint
🫲 [E] – Interact
🕴️ [Ctrl] – Crouch
🎯 [Right Click] – Aim
🔄 [R] – Reload
⚙️ Keybinds are fully customizable in Settings!

👑 Owner: @SnappyCreeper3
👨‍💻 Lead Developer: @codiney
🛠️ Developers: @BIGHEAD6921, @dylstro

🖼️ Icons, thumbnails, and game assets made in Blender using licensed content. 100% original.

⚠️ We don't support exploiting. Please don't ruin the experience for everyone else. 😊

🔎 Tags:
minigame, battle game, pvp, multiplayer, shooter, survival, building, mobile, console, pc, fortblox, battle royale, fortline, fun, roleplay, gunfight, fort, action, event, Fortblox, Fortline, Squidgame, Inkgame, Squid, battle royale, MMV",Shooter,Battle Royale,mild,0,More When You Subscribe,1,https://tr.rbxcdn.com/180DAY-5908891516301bcd4cf063ea2b652ed3/512/512/Image/Png/noFilter,Artemis Studios!,Group,13780860,119,38746529,72232,31467,6917,30,2024-03-03T06:27:54.883Z,2026-09-07T02:11:46.0127522Z
7733436648,Italian Brainrot Strength Clicker 🧠💪,"Welcome to Italian Brainrot Strength Clicker!

Gain strength with every click! 💪
Increase your strength to unlock new Italian Brainrot Morphs! 🧠
Equip a Italian Brainrot Morph to gain more strength and hear their iconic sounds! 🔊
Train your body! 🏋️‍♂️
Gain new moves 🌟
Collect pets! 🐶
Unlock new worlds! 🌎
Fight other players! 👊
Join brawls! 💥

Roblox Premium Benefits: 1.50x Strength and Daily Premium Rewards! 💎

Join ""lol games.."" to unlock daily group rewards and 1.10x Strength! https://www.roblox.com/groups/12208023/lol-games 🎁

Invite friends for a strength boost! 👥",Simulation,Incremental Simulator,mild,0,More When You Subscribe,1,https://tr.rbxcdn.com/180DAY-8ea759b227966b3b6bc7533b1716012b/512/512/Image/Png/noFilter,lol games..,Group,12208023,133,42081021,2752734,23297,1238,15,2025-05-19T18:18:24.823Z,2026-07-28T08:59:30.562Z
4851783408,⚽Real Futbol,"⚽ Step into an unrivalled experience of football, whether you're beginning your career or continuing your legacy.

🐐 Enjoyed the most realistic football game on Roblox? 👍⭐ Like and favourite Real Futbol!

🚀 Roblox Plus Benefits: Bonus of 100 RF Points and 5 XP per win

🚪 Private server gives you access to commands to control the game!

Join the community server to stay up to date on new updates for Real Futbol and Real Futsal and join its fan leagues!",Sports & Racing,Sports,minimal,0,More When You Subscribe,1,https://tr.rbxcdn.com/180DAY-5f5b2c7cb20d8bb02bd11d2bd78740ea/512/512/Image/Png/noFilter,Real Sports Interactive,Group,13853690,376,246172476,236691,133577,25823,14,2023-07-09T06:47:30.81Z,2026-09-06T19:03:57.6021095Z
7528417535,[UPD] Divaz 💄,"Welcome to Divaz!
The baddest city where you can slay divas, get clout, make money and run the streets!

How to Play:
💸 Earn money by grinding jobs or taking risks
💅 Slay anyone who tries you
✨ Get clout and become the ultimate baddie
👗 Create your outfit in our avatar catalog
💃 Dance and have fun with friends

💜 Make sure to join the group and give your feedback. It helps a lot!

Thanks for playing! ",Action,Open World Action,mild,0,More When You Subscribe,1,https://tr.rbxcdn.com/180DAY-742e2cd4c355f077f7b468a359d90e4f/512/512/Image/Png/noFilter,Divas World!,Group,35859626,2417,53702731,1481056,23381,5282,28,2025-04-12T16:54:48.66Z,2026-09-05T07:25:08.074Z
5113572498,College Football 🏈,"🏈 College Football

The successor to Juco Football! Come enhance your football skills and practice with other players. This game is in very early beta.

👍 Leave a like and favorite for more content! 
⚡ Join the College Football Group to play in League Games!
❌ Report any bugs, cheating or suggestions within our Social Server! 

🏷️ College Football, Football, CFB, Natty, Deestroying, Sports simulation, Teamwork, Strategy, Competitive, Football 1on1, WR vs DB, Football Fusion, Moss, Catch, Toss Up, Game, Outside, Multiplayer, Friends, Game, Mini-Game, Mobile, Xbox, OT7",Sports & Racing,Sports,minimal,0,More When You Subscribe,1,https://tr.rbxcdn.com/180DAY-7109f18cb2c06e74288af8fa2c512493/512/512/Image/Png/noFilter,[CFB] - College Football,Group,33002973,234,26523866,22109,8583,1986,18,2023-09-21T17:55:31.82Z,2026-09-06T23:51:21.2047787Z
7622183699,Winx Club: Magix [RP],"🧚‍♀️ Welcome to Winx Club: Magix! 🌟

Step into the magical world of Alfea and become the fairy you were always meant to be! ✨
Customize your fairy, decorate your dorm, master spells, and explore Magix with your friends!

🦋 Choose your fairy type and unlock unique powers
👗 Mix & match magical outfits and accessories
🛏 Personalize your very own dorm room
📚 Help Faragonda, Wizgiz, and other familiar characters in magical quests

🌀 Race through flying hoop courses
⚔ Battle dark forces with spells and fairy combos
🌎 Roleplay, make friends, and live your fairy life!
✨ Get ready to join the club!


🪄 New content, updates & seasonal events coming soon!

Winx Club® © 2003-2025 Rainbow Spa. All Rights Reserved. Series created by Iginio Straffi",Roleplay & Avatar Sim,Morph Roleplay,mild,0,More When You Subscribe,1,https://tr.rbxcdn.com/180DAY-1d6c835460479636bcaec5b7a68c98be/512/512/Image/Png/noFilter,Official Winx Club: Magix,Group,35871507,105,14662310,38551,10620,1794,18,2025-04-30T16:08:24.91Z,2026-01-09T10:35:08.237Z
4595016786,Barbie DreamHouse Tycoon,"The official Barbie DreamHouse Tycoon game is here!
Explore the Barbie universe and build your very own Barbie DreamHouse!

🏠 Create your own Barbie DreamHouse and visit your friends’ DreamHouses
👗 Customize your Avatar’s makeup, hair, and outfit and collect incredible fashions
⭐️Help Barbie and Barbie by playing mini-games like cooking, fashion, and music challenges
🏃‍♂️Venture outside the DreamHouse and discover the boutique, bakery, and more around town

Check back in for more updates including new careers and locations to build and explore!

🎮Available for PC, XBOX, Tablet, and Mobile

BARBIE™ and associated trademarks and trade dress are owned by, and used under license from, Mattel. ©2023 Mattel. ",Simulation,Tycoon,minimal,0,More When You Subscribe,1,https://tr.rbxcdn.com/180DAY-0d9b1623880a2783de09f74e899afbb1/512/512/Image/Png/noFilter,Gamefam x Barbie,Group,14880542,1761,606656315,753932,102638,14338,8,2023-04-17T19:47:28.427Z,2026-08-28T03:53:18.458Z
4055567612,Words of Power,"Welcome to Words Of Power, a fast-paced action roleplaying game.
Go on adventures to defeat villains and collect new powers, making you stronger and smarter along the way.

💛 Sharing is caring! Leave a thumbs up if you like the game 👍

WHAT'S NEW?
🛒 Super new offers in the shop!
👍 Claim awesome rewards at thumbs up milestones!
⚡ Gameplay improvements!

Collect Words of Power to supercharge yourself up! 
✨Every word has a unique power and over 1 million possible combinations! 
⚔️Battle your way through 4 beautiful realms.
👕Unlock cool and silly cosmetics! 
👯Join with friends and others! Play up to 3 players together!

Find out more about Mrs. Wordsmith and team credits here:
https://devforum.roblox.com/t/words-of-power-credits/3600258",RPG,Action RPG,mild,0,Learn & Explore,1,https://tr.rbxcdn.com/180DAY-118be03d039ffc0c729ad7d6c9751bdb/512/512/Image/Png/noFilter,Mrs Wordsmith,Group,16064536,0,1430327,17156,2771,770,40,2022-10-28T12:51:16.493Z,2025-10-31T16:04:48.937Z
2308115211,StockRise: Stock Simulator,"💰 PiP World Presents StockRise!

Take control of your portfolio and learn how to make money by investing in the stock market. Trade cryptocurrencies at their real-time prices. Trade on our trading floor or in your own office!

Connect with our community and take your trading skills to the next level. Your likes and feedback drive our progress.

Credits:
@Avia_ish - Owner, programmer
@TinyFlair - Builder
@FlikterLinked - Programmer

Other credits:
@boatbomber - Graph module
@NoahWillCode - Statistics module",Simulation,,minimal,0,Learn & Explore,1,https://tr.rbxcdn.com/180DAY-b180f629eba225dd23fa0e9b28e5d51e/512/512/Image/Png/noFilter,StockRise,Group,9226175,1,8914624,88977,24430,7283,24,2021-01-19T01:15:04.483Z,2026-05-05T02:09:43.202Z
6015491985,Math Tower Race,"Show off your math skills! The faster you answer, the more blocks you earn! 

✨ Create a free private server to play with friends and customize problems! 

❓📖 Practice recent questions in the Review tab!",Party & Casual,,minimal,0,Learn & Explore,1,https://tr.rbxcdn.com/180DAY-3316560375c08a742b8e8ce0974e877b/512/512/Image/Png/noFilter,Team Ry LLC,Group,34341414,2741,365505621,217078,86790,11264,8,2024-05-22T00:09:54.93Z,2026-09-06T03:16:54.0415638Z
3081555258,Shovelware's Brain Game,"It's time to bring the brain! Win wacky prizes by answering entertaining questions in this comedic game show, developed in collaboration with SMART Technologies. 

LATEST UPDATE:
◉ Added 20 new questions across two new categories!
◉ Expanded the UGC selection available around Sound Stage 7, plus even more in a dedicated menu!
◉ Added a menu for tracking missions from, and warping to, Shovelware Studios Hollywood!
◉ Added a few more lines for the Announcer and Banana to increase variety.
◉ Fixed a few minor issues.

FEATURING: 
◉ Compete to see who has the biggest brain of all, or even just watch the chaotic production unfold from the sidelines! 
◉ Hundreds of fully voiced questions and 72 elaborate and detailed prizes to earn. 
◉ Show off your style with customizable podiums, buzzer sounds, and more! 

👍 Please consider giving us a thumbs up and a favorite, it's a free way to help support us. You can also follow the game to be one of the first to get notified when updates go live!",Party & Casual,Quiz,mild,0,Learn & Explore,1,https://tr.rbxcdn.com/180DAY-110231f51bb2c216edbdc242c725081c/512/512/Image/Png/noFilter,Shovelware Systems,Group,3351958,99,58755314,490321,169607,13137,6,2021-11-12T23:10:22.01Z,2025-06-01T20:05:40.453Z
1375027828,Roblox Creator Challenge,"Test your knowledge of the Galactic Speedway Creator Challenge to earn virtual prizes!

Haven’t heard of the Creator Challenge? Start creating your very own driftspeeder to race against your friends and rest of the galaxy! Get started here:

https://developer.roblox.com/en-us/resources/cc-winter-2019/main-page
 
>> More prizes will be added soon. Follow this game for updates! 
",Sports & Racing,Racing,minimal,0,Learn & Explore,1,https://tr.rbxcdn.com/180DAY-e77e8dbab265d3ff76d1fd65709af941/512/512/Image/Png/noFilter,Roblox Creator Challenge,Group,4162566,45,77943807,355906,44672,9807,30,2019-10-24T17:04:49.74Z,2020-05-20T17:17:58.997Z
9762578530,Color Catch,"🎨 COLOR CATCH IS LIVE!

Professor Monochrome is on a mission to erase color from the world…
And he's sending his Color Catchers into the National Gallery of Art to drain color from the paintings.

Will you stop them? Or help them?

🕵️ Play as a Guard
Protect the paintings from losing their color
Spot Color Catchers hiding among characters
Catch them with your net before it's too late

🎭 Play as a Color Catcher
Enter famous artworks and drain their color
Hide in plain sight and avoid the Guards
Work fast before time runs out

⏳ Fast-paced rounds
Quick, chaotic, and different every time

✨ Unlock & customize
New nets, capture effects, and fun emotes

🎨  Step inside paintings
Explore worlds inspired by real artworks

🔔 Join the group and follow for updates
👍 Like and favorite to support future content

Privacy Notice: Color Catch by National Gallery of Art is governed & subject to Roblox Privacy Policies.

© 2026 National Gallery of Art
",Party & Casual,,minimal,0,Learn & Explore,1,https://tr.rbxcdn.com/180DAY-8fa0d7106e3bf55f6d210406140824a6/512/512/Image/Png/noFilter,National Gallery of Art,Group,136527794,26,1896226,19700,7658,1290,9,2026-02-20T10:06:12.7Z,2026-09-05T20:18:04.5302804Z
6657534906,Aquatica Observatory ,"🌊 The Aquatica Observatory! 🐠🔭

Beta 1.0

Dive into Roblox's most immersive aquarium experience located in the Coral Sea.
Explore beautiful reefs, open seas, caves, and uncover the secrets of the deep!

🌟 What You Can Do:
🔬 Scan & Discover 
🌌 Explore Beautiful Regions
🏆 Earn Rewards

🌍 Built with real ocean science.
Are you ready to protect the blue planet?

Brought to you by Aquatica Studios",Social,,minimal,0,Learn & Explore,1,https://tr.rbxcdn.com/180DAY-5249f808232d60d16f55b6a0f3267275/512/512/Image/Png/noFilter,Aquatica Studios,Group,12889407,50,7545247,81645,20443,782,35,2024-10-10T05:12:50.83Z,2026-08-08T18:25:07.774Z
3929033413,Piano Rooms,"Welcome to Piano Rooms!

🌏 Join a world of music and play with friends or strangers from all over the world in Piano Rooms!
⚙️ Customize your playing experience with a variety of soundfonts to choose from.
🤖 Explore our FREE auto player!
🪓 Create or join a room and jam with others, or practice solo to improve your skills.
🎉 Level up, earn experience and unlock new customization options to showcase your talent!
🎹 MIDI keyboard, 88 keys, and velocity support!
💰 Donate to and receive donations from other players!

❗️ We're thrilled to announce that PianoRooms is now available for public testing! Your feedback is extremely important to us and we're constantly working to improve the game based on your input. So, if you encounter any issues or have suggestions for improvements, please don't hesitate to let us know. We appreciate your contributions and rely on them to improve this project. We can't wait to hear from you!",Entertainment,Music & Audio,minimal,0,Learn & Explore,1,https://tr.rbxcdn.com/180DAY-7276209142a5ea4fc2dca5662e0dbe60/512/512/Image/Png/noFilter,Musical Innovations,Group,4717267,4,6639412,65132,6486,1241,20,2022-09-11T17:14:21.813Z,2026-08-16T22:12:22.554Z
3934229151,Welcome to TechQuest by Computer History Museum,"🧰 Grab your tech toolbox and journey across colorful biomes on an exciting adventure of discovery and knowledge!

🏝 Explore a tropical rainforest jungle river searching  for elusive pink dolphins by drone.
🌊 Dive into the ocean and use sensors to examine a rich and colorful underwater reef ecosystem.
🦁 Observe predators and prey in their natural savannah habitat and use Big Data to identify them.
🏡 Find new ways that  tech can improve the community and learning at school.
🧑‍💻Visit a museum exhibit to meet an early robot and other artifacts.

🐶🐱Snag FREE virtual merchandise and unlock a dozen pets to join you! Learn more about automation and environmental conservation as you journey through 8 separate worlds!

Visit the Computer History Museum website to find out how you can see the museum IRL and learn how you can use real-world technology to solve problems and make the world a better and safer place!! ",Adventure,Exploration,minimal,0,Learn & Explore,1,https://tr.rbxcdn.com/180DAY-0ffaa850e1ee1a3988cd71de8d97b7e6/512/512/Image/Png/noFilter,CHM Development,Group,14007325,42,22521531,30353,6955,1552,6,2022-09-13T20:29:00.02Z,2023-07-20T19:48:05.17Z
2817076516,Type Race!,"🏁 Type Race is a multiplayer game where you have to type out sentences as fast as you can, go against friends, strangers, or even try and beat your own high scores

⭐ Please consider liking and favouriting the game for more updates, also join the Quataun group for future perks!

🐛 Please note the game is still in beta which means you might encounter some bugs while playing, thank you for understanding!

🔴 Update Logs: https://devforum.roblox.com/t/1527576
(note: elimination is still wip!)

I have released a new typing game, check it out!
https://www.roblox.com/games/8048850940/Keyboard-Defender-DEMO

Game Design: @haz3mn (roblox) 
Programming: @fewkz, @haz3mn (roblox)
Digital Distribution: Quataun (roblox group)

Tags: Type, Typing, Typer, Words, Squid Game, Write, Typewriter, Typeracer, Race, Writer, Keyboard, Red Light Green Light",Party & Casual,,minimal,0,Learn & Explore,1,https://tr.rbxcdn.com/180DAY-6aff1829cf971b04d81bc37c84d066ba/512/512/Image/Png/noFilter,haz3mn,User,151848836,7,18820965,129834,47372,12236,15,2021-08-10T10:58:43.06Z,2025-10-06T04:20:03.407Z
3801657309,CurioCity,"CurioCity will take you on an epic journey as you explore space and the human body. Benji the Robot is your companion and you can collect some adorable morphs who will join you on your adventures!

🚀SPACE ESCAPE ROOM
Journey through a collapsing space station as you and your crew members attempt to evacuate before all is lost! 

🏃‍♂️HUMAN BODY ESCAPE ROOM
Shrink down and explore an exciting adventure through the human body! Work together as a team to complete tasks and report back after your narrow escape!

🤖BENJI and MORPHS
Customize Benji’s look with themes of different historical and scientific figures. Morphs are adorable pets that you can raise and contribute to your overall score.

🕵️‍♂️SCAVENGER HUNT
Benji’s got a quest for you! Go on a timed hunt to get rewards and repeat it for more!

Unlock a FREE virtual UGC item by reaching likes goals!

👍 Likes Goal:
Free item unlocked!",,,minimal,0,Learn & Explore,1,https://tr.rbxcdn.com/180DAY-74c3edfa7dcef5e7e7d6667fedf38a13/512/512/Image/Png/noFilter,The Franklin Institute,Group,15043726,5,2940589,11945,17949,1107,6,2022-07-31T08:12:41.433Z,2024-07-30T17:29:31.043Z
5988568657,Care Bears: Caring Quest,"[NEW! - TEAM BATTLE MODE]
💥 Team up and compete in an action-packed battle!
✨ Steal the Seed of Caring and hold onto it to drain your team’s timer first!
🌈 Use powerful items to boost your team or slow down your rivals!
🏆🎟️ Earn points, level up, and trade tickets for special rewards!

❤️💛💙 Which team will you join? Pick your side and compete for victory!

[ADVENTURE MODE]
🐻 Help bears in Care-A-Lot, Sauna Shores and Mistree Mountain and complete secret levels!
🌟 Dozens of bears available to collect and unlock
🎁 Discover 130 Purchasable UGCs available in game

🍓 Sharing is caring! Leave a thumbs up if you like the game 👍

Tags: Care Bears, Adventure, Rescue, Simulator, Secret Levels, Pet, Rainbow, RP, Roleplay, Obby, Fun

© 2024 Official CloudCo Entertainment & Care Bears
Powered by Exclusible",Party & Casual,Minigame,minimal,0,Learn & Explore,1,https://tr.rbxcdn.com/180DAY-f3fb92f37a8928f53d3efd5f021fe74b/512/512/Image/Png/noFilter,Care Bears x Exclusible,Group,34311251,32,21724924,275316,17364,2276,21,2024-05-15T00:47:15.587Z,2026-07-21T14:42:49.866Z
6794845242,[🗿🐀FREE UGCs] Final Score,"Final Score - the music game: A Game by the Royal Concertgebouw Orchestra in collaboration with the ELJA Foundation.

🎶 Join the Ultimate Musical Adventure in Final Score!
Team up with friends, unlock magical instruments, and become a musical legend!

🎻 Collect powerful instruments and cast magical melodies
🛡️ Face off against fierce guardians across enchanted worlds while collecting musical notes.
🎩 Rise to become the ultimate maestro by freeing the orchestra!

Let the show begin!

© All rights reserved. Copyrights belong to their respective owners",RPG,Action RPG,mild,0,Learn & Explore,1,https://tr.rbxcdn.com/180DAY-2663d045aad5132ca9c7941ec220501a/512/512/Image/Png/noFilter,Koninklijk Concertgebouworkest Group,Group,34680002,4,1552235,10655,19466,1079,12,2024-11-14T12:33:30.05Z,2026-06-07T18:57:37.355Z
969351457,Math Obby ✨,"Math Obby is the original adventure game where you test your math and parkour skills! This fun obstacle course includes addition, subtraction, multiplication, division, and equations.

🧠 Solve 60 exciting levels
👍 LIKE and favorite for updates

🎁 JOIN the group below for future perks:
https://www.roblox.com/communities/9454588",Obby & Platformer,Classic Obby,minimal,0,Learn & Explore,1,https://tr.rbxcdn.com/180DAY-a98f6d416d42c78aaed44f41a34d5c88/512/512/Image/Png/noFilter,0bid0,User,41359669,2,33089495,295306,58836,17272,10,2018-12-28T04:15:41.17Z,2026-06-12T06:42:12.967Z
6906503978,Art Leap by Belvedere Museum [NEW EXPERIENCE! 🎻],"[NEW EXPERIENCE - The Philharmonic 🎻]

🐿️ GET READY TO TAKE ON MANY ROLES! 🏇
🎭 Each art piece has it's own world with 3 games to complete. Be ready to play as a soldier of Napoleon, a red squirrel searching for food in a park, as a French chef around 1900, as the assistant of Gustav Klimt and much more... 

🌟 YOU WILL DISCOVER ART IN A NEW WAY! 🔦
🖼️ Enter 5 masterpieces and experience the essence of their artistry in stunning worlds.🌾Play games to unlock the secrets of each painting while learning about art! 

👩‍🎨 ""We aim to introduce young minds to the world of art and culture in a playful way. By engaging with art through creative adventures, children can explore and learn creatively, making art an accessible and enjoyable experience.""

Privacy Notice: Art Leap by Belvedere Museum is governed & subject to Roblox Privacy Policies. 
© 2024 Belvedere Museum. IP rights & registered trademarks are the property of their respective owners.

Produced and Developed by Exclusible",Education,,minimal,0,Learn & Explore,1,https://tr.rbxcdn.com/180DAY-acbd8bc224a913306c9ca5cc38b1328e/512/512/Image/Png/noFilter,Belvedere Museum,Group,34402369,4,3769700,63069,16614,1670,8,2024-12-11T17:46:21.387Z,2026-08-03T20:08:30.286Z
3627275994,Museum Tycoon⚡,"⚡ Our biggest update ever is here!
💡 Theater of Electricity Exhibit
🧮 Mathematica Exhibit
🔬 Van De Graaff Generator Interactive
🎮 Timeline Minigame

👋Welcome to Museum Tycoon with the Museum of Science! You’ve visited museums. Now you get to build one. 🏛️
Explore two full floors of the real-life Museum of Science's Blue Wing and shape your own museum — filled with exhibits that spark curiosity and reward discovery. 

🦖Unlock new exhibits to increase your income! 
🤑Collect money from kiosks inside your museum!
🚗Purchase cars to explore the map and other players' museums!

Build and explore:
• Colossal Fossil🦖
• Exploring AI🤖
• Arctic Adventure❄️
• Gaia Globe🌍
• Virtual educators and STEM minigames🎓

🌟💰Your tycoon earns money while you're away! Join back to collect your money!

🤗Join our group and favorite the game for updates on Musem Tycoon!⭐️
https://www.roblox.com/groups/5275634",Simulation,Tycoon,minimal,0,Learn & Explore,1,https://tr.rbxcdn.com/180DAY-8db0cded18a070d8ddea96f37ef72932/512/512/Image/Png/noFilter,Zoomy Studios,Group,5275634,52,34072900,165498,56964,5994,6,2022-06-03T00:18:50.853Z,2026-09-07T01:29:02.6593542Z
5042430067,Build a Rocket VS Mark Rober,"🚀🚀 1 LIKE = 1 Acorn for Phat Gus 🚀🚀

🔥 More FREE LIMITED UGC at 75,000 LIKES! 🔥

🏗️ Use Your Engineering Skills to Construct Epic Rocket Ships!
🤝 Build Wacky Rockets with Your Friends at CrunchLabs!
🚀 Launch your ship into space and fly through treacherous obstacles
🪐 Discover epic universes and explore unbelievable planets
⛏️ Mine new resources to build even bigger and better ships
⚔️ Help Mark Rober defeat Fat Tail and save Phat Gus

Tags: Build a Rocket, Sandbox Game, Space Travel, Shuttles, Rockets, Mark Rober, Physics, Engineering, Build Box, Buildbox, CrunchLabs",Simulation,Sandbox,minimal,0,Learn & Explore,1,https://tr.rbxcdn.com/180DAY-030147665b7cc7f53edbd87ebc4767a7/512/512/Image/Png/noFilter,CrunchLabs,Group,32938820,12,21205462,112538,99516,10458,7,2023-08-29T21:32:41.487Z,2024-09-04T21:16:57.293Z
1093311378,1867 Historical Role Play,"Retrace the footsteps of our ancestors in an 1867 reconstruction of Victorian Luxembourg.

Race through the streets on a ‘Boneshaker’ velocipede, fly through the air on a steampunk flying machine or paddle down the river and view the city from the safety of your very own rowing boat.

There are more than 100 badges to be won from around this beautiful Victorian city.  Can you clear the rats from the courtyard and pick up pure from the streets, to earn some money for food?

Beware of rogues, ghosts, deadly traps and other dangers!

This game is based on an authentic reconstruction of 1867 Luxembourg. Historical documents and photographs have been used throughout, to create an authentic impression of what the city would have looked like during the mid-nineteenth century.

https://devforum.roblox.com/t/1476795
",Roleplay & Avatar Sim,,minimal,0,Learn & Explore,1,https://tr.rbxcdn.com/180DAY-5f789b5fd49e9946e4bd5f171d69f392/512/512/Image/Png/noFilter,cyberpiper,User,886332406,1,2928265,54286,6821,2406,21,2019-04-02T20:46:02.877Z,2026-08-18T03:32:20.147Z
4408288935,Ecos: La Brea,"Step into Ice Age North America, 25,000 years ago. In Ecos: La Brea, explore the prehistoric ecosystem preserved by the iconic La Brea Tar Pits of Los Angeles, California.

Pack together as the cunning Dire Wolf, ambush mighty prey as the Saber-tooth Cat, lock horns as the formidable Ancient Bison, gallop freely as the Western Horse, or terraform the landscape as the Columbian Mammoth. Team up with friends and learn about the diverse habitats & animals of La Brea as you play.

Icon by: @JayMD11

Tags: Animal Survival, Open World, Ice Age, RPG, Survival, Roleplay, Prehistory, Fossil, Cat, Wolf, Tiger, Lion, Horse, Saber tooth, Cenozoic, Mammoth, Elephant, Bison, Cow",Roleplay & Avatar Sim,Animal Sim,moderate,0,Learn & Explore,1,https://tr.rbxcdn.com/180DAY-2de3b104249c6d71aff90b5f53742480/512/512/Image/Png/noFilter,Ecos Team,Group,5066297,490,53407297,276931,74219,6701,85,2023-02-20T05:45:47.437Z,2026-08-31T20:10:42.043Z
537069295,Lua Learning,"🚀💻Your coding adventure begins here!

🌟 Accessible to everyone.
🎓 Interactive lessons, quests, and tutorials.
🤝 Community-driven.
👨‍🏫 Private servers for classroom use.
🏆 Bloxy Award winner for ""Most Educational Game.""

👍 Please leave a thumbs up or consider donating! ",Education,,minimal,0,Learn & Explore,1,https://tr.rbxcdn.com/180DAY-5c94dc6f9229dbf38bb48f19c0badccc/512/512/Image/Png/noFilter,Torpedo Software LLC,Group,14766364,0,9843925,305307,138259,9562,20,2018-01-15T17:55:52.233Z,2026-06-19T05:36:01.459Z
4034530348,Word Search!,"Play word search puzzles in Roblox!

Start a word search and find hundreds of different words on a grid! Beat puzzles to get exp and level up, and unlock more fun gamemodes to play! Work together with your friends to find words! Complete MILLIONS of different word search puzzles to level up and get on the leaderboard!

🧠 Relax and work with your mind as you complete puzzles. Word searches are a great way to ease yourself and get smarter! Relieve your stress as you enjoy the puzzle.

Have fun!",Puzzle,Word,minimal,0,Learn & Explore,1,https://tr.rbxcdn.com/180DAY-51e27bedb775643a4d989ed9bf01ba1b/512/512/Image/Png/noFilter,GalaxyGourmet,User,152519843,84,45307743,108843,21628,6791,40,2022-10-20T20:11:42.187Z,2024-10-19T00:45:00.263Z
6409446943,[UPDATE 26] FIRESTORM 2 🔥,"LATEST UPDATE:
- New ELS, Bug Fixes, Aircraft, and more!
Step into the boots of a Wildland Firefighter alongside 29 other players and work together to combat raging, out of control wildfires. Outnumbered in every way possible, you'll need to work with limited resources, minimal support, and, most importantly, limited time.

Experience the remastered version of the original FIRESTORM, re-created completely from the ground up. Play on the remastered original map, fight multiple fires, earn skill points, progress through skill trees, or play special roles via gamepasses - which have all received upgrades!

🏙️ Expect Map 2 - The City of Carpinteria - to make it's debut soon! Check out the SB County Fire gamepass for structural firefighting in the meantime.

🗒️Applicable gamepasses from the original FIRESTORM transfer to this game! Be sure to read gamepass descriptions!

Check out our social links below to stay up to date.",Simulation,,minimal,0,Learn & Explore,1,https://tr.rbxcdn.com/180DAY-6e79ce644c40b5d56e97812660b905c3/512/512/Image/Png/noFilter,FireX Industries,Group,7132841,46,6424767,60777,13379,2992,1,2024-08-12T19:46:53.1Z,2026-09-03T04:41:34.002Z
10060481733,Better Blocks [🏡 Town Builder ⚡],"Build your mini city block, construct shops and businesses, invest in community projects and see your citizen population grow. 

Happy citizens create energy called civic power.  You can use it to develop the perfect neighbourhood. 

Cast your vote for mayors that offer special buildings. Watch out for Junknados!  If blight sets in, then your people will leave!

🏡 Nurture and design your little neighborhood block.
⚡ Spend civic power on cool buildings and fun initiatives.
🌪️ Be ready for storms, they can trigger blight.
🗳️ Vote for your major and invest in server-wide events for your whole community.
🥰 Keep your community happy.

©2026 Fair Count | Developed by Playerthree",Simulation,Tycoon,minimal,0,Learn & Explore,1,https://tr.rbxcdn.com/180DAY-22bbcd03cef56de2f6469bf1fd0da505/512/512/Image/Png/noFilter,Fair Count,Group,200203822,14,695179,7312,1247,300,8,2026-04-20T08:47:49.763Z,2026-09-01T10:11:07.722Z
5174979552,🚀 The Space Simulator,"- Collect every Orb to unlock VIP status! 👑
- The Season changes every Saturday morning, bringing new Centaur asteroids with Rare, Epic, Legendary and Mythic items! 🎁

Explore the Solar System 🚀 together with friends!
Visit the Moon, The Sun, Mercury, Venus, Mars, Jupiter, Saturn 🪐, Uranus, Neptune, Pluto, Haumea, Makemake, Eris, Sedna, Planet X, famous moons and asteroids. 

Master movements in Zero gravity, use the Hubble Telescope 🛰️,  visit the International Space station, take a sample from Halley's Comet ☄️, respond to distress signals to save your fellow astronauts, uncover hidden places and search for Alien life! 👽

👍Like the game and ✅ join our group:
https://www.roblox.com/groups/32973823/SpaceSim

Roblox Plus members get 15% increase in the speed of the Spaceships.

All kinds of cheating, speed hacks, and similar exploits are strictly forbidden.

Tags: Open world, Sandbox, Planets, Spaceships, Rockets, Comets, Roleplay, Adventure, Sun, Asteroids, Stars",Simulation,,minimal,0,Learn & Explore,1,https://tr.rbxcdn.com/180DAY-e169805e7bfe6fee2b40aa06e556dd04/512/512/Image/Png/noFilter,mooonc0w,User,3042966072,621,88758889,5482470,336559,12261,20,2023-10-10T19:42:24.67Z,2026-09-05T23:01:15.0949513Z
3951147015,Studio Lite,"Build your own game.  Just like Roblox Studio, but simpler and mobile friendly.  Includes tutorials to help you build and script amazing games!
 
Complete one tutorial to pass the age 20 college class in “Growing Up”.

Publish your Studio Lite game to your Roblox profile for the world to play.  All from mobile!

Robux earned, thumbs-up votes and moderation are all handled like any other game on Roblox.  Abide by Roblox’s Terms of Service.

There are a few one-time steps to enable the publish feature.  Checkmark (✔️) Publish.  See the Help button on the Publish page. For Tips, join the community below.

File, Sample... ""Dance Club"" includes scripts to help you play and sell emotes, animation Ids.

Toolbox includes Asset importing; Rig Builder; Animation Lite Editor.

Collaboration Lite: ""Share"" all or part of your game with friends (13+).

Please thumbs up for more updates and use the “Vote” feature in the game.",Simulation,Sandbox,minimal,0,Learn & Explore,1,https://tr.rbxcdn.com/180DAY-30136dcd23ac75106ab551af3a9c48c4/512/512/Image/Png/noFilter,ScottSpiritWalker,User,312736171,1113,133688962,182275,90424,13452,1,2022-09-19T18:51:32.077Z,2026-07-01T05:15:07.091Z
2208244398,✏️ Project Sudoku,"⚠️ [IMPORTANT] This game is not for sale, nor are there any shares or investments circulating. Thank you for your requests.

🧠 Train your brain with randomly generated Sudoku grids!

🛠️ Check out the in-game changelog for updates!

👍 Got a suggestion or found a bug? Use the in-game feedback section to share them!

📋 Current Version: v4.3.0",Puzzle,,minimal,0,Learn & Explore,1,https://tr.rbxcdn.com/180DAY-47977e35cb6eaf6e087927fab03bb6e8/512/512/Image/Png/noFilter,GreatPanda3's Group,Group,11907792,19,6145903,42327,10554,1563,30,2020-12-13T15:07:18.807Z,2026-07-21T09:09:52.343Z
3616579578,Zoo Tropica 🦓 ,"Welcome to Zoo Tropica. Here you can discover and learn from many species of animals. Be the zoo keeper and take care of the animals so you keep unlocking animals.

Credits: Kevini44, DRAKE, bummelgames
",Simulation,,minimal,0,Learn & Explore,1,https://tr.rbxcdn.com/180DAY-a1854cc6ed91d4d74a85123b5e7f4d16/512/512/Image/Png/noFilter,- Simulation Games -,Group,2786654,7,9038381,16935,7143,1468,30,2022-05-29T12:37:57.933Z,2026-04-03T17:50:09.547Z
1217298587,Click the Flag 🌍,"🌍 Click the Flag is a fun flag-guessing game where you can learn all the world's country flags!

🔥 There are 771 unique flags in the game, see if your country's subdivisions are included!

Play with different gamemodes:

• 🗺️ Map - interactive & scrollable world map
• ⚔️ 1vs1 - challenge your friends!
• 📝 Type the Flag
• 👑 Capitals
• ⌛ Speedrun
• 🚩 Normal

You can also:

• 🏆 Collect and equip Flags!
• 🏷️ Create your own custom Category!
• 🛍️ Browse a huge avatar shop with thousands of flag items!",Party & Casual,Quiz,minimal,0,Learn & Explore,1,https://tr.rbxcdn.com/180DAY-98955d86e47e304b007c6ec0f7042ccc/512/512/Image/Png/noFilter,a_mb0385,User,1103943166,23,14192313,58541,15206,5568,15,2019-07-03T14:23:09.35Z,2026-08-24T19:04:23.669Z
5354625397,Mini Cities 2 ,"Welcome to Mini Cities 2, the ultimate Roblox city builder. 🌆

Start from nothing and progress your way into a mega metropolitan. Keep your citizens happy by building towards their needs. Unlock new buildings inside the development tree. Create the ultimate city.

🛣 Featuring brand new curved and free place roads!
🪨 Manage your cities resources in order to construct more buildings!
🏔 Construct anything you dream of with the new terrain and block editor
🚗 Watch your citizens interact with the world as they drive to their destinations

Made by Destroyer",Simulation,Tycoon,minimal,0,Learn & Explore,1,https://tr.rbxcdn.com/180DAY-4004397e39a65cd7f36fc9f32487c070/512/512/Image/Png/noFilter,DestroyerCam Fan Club,Group,11609328,245,32361606,143179,54515,8374,6,2023-12-01T22:09:56.64Z,2026-08-26T17:47:09.591Z
2463274810,Scripting School,"Scripting School is completely free, and will forever be that way.

Scripting School is a Roblox experience designed to help people learn to script through interactive lessons, tests, and tutorials. We intend to make it easier for people who want to become developers learn. We currently have 4 programming languages in our game: Lua (Roblox), Python, JavaScript, and C++.

Do you want a high quality roblox plugin to improve your workflow? Check out ""Tools."" here: https://create.roblox.com/store/asset/127395199575419/Tools

We are always looking to improve the quality of our game. We appreciate feedback on our group wall or communication server.

Put two hashtags ## at the start and end of code to make it a code block for uploading your own creations! Example: ##print(""hello"")##",Education,,minimal,0,Learn & Explore,1,https://tr.rbxcdn.com/180DAY-13f0093f55513048ddba707d3f899b17/512/512/Image/Png/noFilter,TwoToned Studios,Group,5289403,6,4357677,188263,58380,2988,1,2021-03-23T12:58:00.277Z,2026-02-12T22:59:41.157Z
6938969105,Where Am I? 🗺️ [Alpha],"🎮 How to Play > Look around and Guess Your Location on the Map!

Welcome to Where am I? The Ultimate Geography Game on Roblox!

Think you know the world? Prove it! Use visual clues to pinpoint where you are, and compete against others for the highest accuracy!

💬 Give us Feedback so we can improve the game!
👍 Like & Favourite the game for Updates!

🌍 Explore all kinds of Locations across the Globe!
🔍 Use clues like Signs, Nature and Architecture to Guess where you are!
🥊 Compete against your friends and prove you're the ultimate world detective!
🏆 Climb the leaderboards and prove your Geo-skills!

🏞️ Current Locations in Game: 600+",Party & Casual,Quiz,minimal,0,Learn & Explore,1,https://tr.rbxcdn.com/180DAY-ec7876d87a034d336256f9088984df6b/512/512/Image/Png/noFilter,CULTURE-SHOCK,Group,35336271,35,16835431,43785,5527,2233,50,2024-12-19T00:41:15.16Z,2026-09-06T23:15:05.594279Z
4380922749,The Trolley Game,"Welcome to The Trolley Game.
❗ You will be given different ethical scenarios, but with a twist. What decision will you make?

💖 Be sure to like the game <3
⭐ Game Inspired By and Maps Based On Absurd Trolley Problems",Party & Casual,Quiz,minimal,0,Learn & Explore,1,https://tr.rbxcdn.com/180DAY-5651f898fd313954441dbfa923a61b5a/512/512/Image/Png/noFilter,Koobillion Games,Group,16026970,1,11692302,100831,52706,5493,6,2023-02-11T22:04:32.197Z,2026-06-07T21:09:50.799Z
5091615162,Backpack Adventure: Find the Animals 🐻,"Welcome to the nature trail! Explore sprawling meadows, high mountains, and creepy caves. Equipped with your trusty backpack and keen observational skills, scour the landscape for animals that hold the key to unlocking cool prizes—and the next stage of your adventure! 

🐞🐻🔍 Seek & Find Animals 🔍🐻🐞 
⬆️ Rise in Rank ⬆️ 
🎉 MORE AWESOME UGC LIMITEDS COMING SOON! 🎉 
🙌 Team Up 🙌 
🏞️ Explore the Outdoors 🏞️ 

© goode goode studios

Good games made by good people:

@krazekimmy - Founder & UI 
→ also @goodegoodestudios
@xJennyBeanx - Producer & 3D Artist
@JackSkyDev - Developer
@whymsicaI - 3D Artist
@Lemon_T4ffy - QA
@Gh0sT_0rchlD - QA
@Alex_CGW - Dancing Skeletons for Event",Adventure,Scavenger Hunt,minimal,0,Learn & Explore,1,https://tr.rbxcdn.com/180DAY-5cdf64ea703e4c5a22cbe8175fca21ee/512/512/Image/Png/noFilter,Goode Goode Studios,Group,33096688,2,2982838,23411,7166,491,15,2023-09-14T13:20:04.503Z,2026-07-13T14:20:00.957Z
2501141430,Circuit Maker 2,"Build digital logic circuits using AND, OR, XOR (and more) blocks. Circuit Maker 2 is an interactive circuit designer which you can play with your friends.

Use social links at the bottom of this page to join the Circuit Maker Community.

Features
- Mobile compatibility (still a work-in-progress!)
- Create a free VIP server to prevent others from ruining your creations and gain access to admin commands
- Many tools to assist with creating large circuits",Simulation,Sandbox,minimal,0,Learn & Explore,1,https://tr.rbxcdn.com/180DAY-ed1197c74f3ec744bd79838c97ed1163/512/512/Image/Png/noFilter,Circuit Maker Community,Group,290249434,13,5592797,21215,4924,1847,10,2021-04-08T01:49:09.62Z,2026-06-23T18:46:53.374Z
112845193,Bird Simulator,"Discover the joy of flight and live the life as your favorite bird. Make friends or challenge yourself, it's up to you!  But most of all, have fun!
",Roleplay & Avatar Sim,Animal Sim,minimal,0,Learn & Explore,1,https://tr.rbxcdn.com/180DAY-d88b4684c25b0a3eaf9e6136c27d4658/512/512/Image/Png/noFilter,Avian Skies,Group,2654524,2,49202882,775674,283580,57219,24,2015-08-26T17:34:54.98Z,2023-03-24T08:11:37.81Z
2533027421,Ocean Conservation Experience,"Global warming is causing sea levels to rise, threatening coastal population centers as well as heating up the ocean which is extremely dangerous to marine life especially shellfish. Overfishing through trawlers both legally and illegally is depleting our marine life as well as destroying coral reefs. Whales and dolphins are being hunted in horrible ways as well as being used for entertainment by inhumane marine parks. Many pesticides and nutrients used in agriculture end up in the coastal waters, resulting in oxygen depletion that kills marine plants and shellfish. Factories and industrial plants discharge sewage and other runoff into the oceans.",,,minimal,0,Learn & Explore,1,https://tr.rbxcdn.com/180DAY-03621197c146b47c5974f9bb04c92104/512/512/Image/Png/noFilter,Natalie_Clabo,User,95773772,1,4377240,47688,19588,2463,50,2021-04-21T01:52:33.597Z,2024-09-28T03:37:37.763Z
7091388561,Math Murder,"Get the correct answer, or die!

🤓 Be the smartest student!
👍 Like the game for updates!

Math Questions: 10,000",Education,,minimal,0,Learn & Explore,1,https://tr.rbxcdn.com/180DAY-d970de9c424d35d64b36b70faf909ff5/512/512/Image/Png/noFilter,Spelling Studios,Group,35404073,189,131813863,114434,164583,13875,8,2025-01-15T17:25:29.143Z,2026-07-21T14:25:11.98Z
6252201542,[🎶] BeatMerger (CREATE YOUR OWN SONGS),"BeatMerger is the first fully-functioning music maker (DAW) on Roblox, where players can design their own music and share it with others!

🎵 Over 200 unique instruments and drum sounds for free!
🔊 Volume controls and note effects!
⚙️ Tempo, metronome, sidechain, solo, and more!
📢 Publish your songs to the Music Library!

💡 Inspiration drawn from other DAWs like GarageBand, FL Studio, Ableton, etc.
⚡ Strong device is recommended for performance reasons.

Thank you for all of the support! :D

Created by NsFlashcrafter1",Entertainment,Music & Audio,minimal,0,Learn & Explore,1,https://tr.rbxcdn.com/180DAY-2e02c92be6a7ddb8fb6c35e055af04fd/512/512/Image/Png/noFilter,NsFlashcrafter1,User,372047076,28,11131409,101155,14016,3757,1,2024-07-12T01:58:51.34Z,2026-07-08T06:08:47.088Z
97706693,Rocket Tester,"Use shift to run.

Welcome to Rocket Tester! Please ask the help character for help.

There are over 50 rockets to launch. You can also build a space station, or a base on the planets and moons of the solar system.

Have fun.

You can PM comments or questions to me here: https://www.roblox.com/users/79269067/profile
Also, join the fan group: https://www.roblox.com/My/Groups.aspx?gid=3131361
Too laggy? Try playing the mobile edition: https://www.roblox.com/games/839271191/Rocket-Tester-Mobile-Edition

Icon credit: scullter and RedundantAgustinnn
Gamepass decal credit: asroe",Simulation,,minimal,0,Learn & Explore,1,https://tr.rbxcdn.com/180DAY-4557fd98fc7aef0bae82fa25e00e0d82/512/512/Image/Png/noFilter,TriplePattyBurger,User,79269067,9,25244092,241105,65952,8643,6,2015-03-05T09:46:23.393Z,2022-12-17T21:10:51.237Z
9906165155,Make a Mandala,"🌿✨ Explore. Collect. Create. Connect. Repeat.✨🌿 BETA 👀

Explore forests, meadows, and riverbanks collecting acorns, leaves, pinecones, flowers, feathers, and more. Then head to your plot and turn what you’ve gathered into an awesome circular design called a mandala — a symmetrical pattern built from the items you collected!

🌿 How to Play
* Explore the world and collect nature items
* Earn Acoins along the way
* Visit your Mandala Plot
* Rotate, resize, recolor and rearrange items to design your pattern
* Save your creation to the community gallery
* Discover what other players are making in the feed

✨ Plus
* Try advanced tools for precision editing 
* Follow your favorite creators
* Unlock new habitats 

© Goode Goode Studios

Credits: @krazekimmy (core loop), @XJennyBeanX (3D magic), @Eddieyogar (code wizardry) @letsbotanize (plant science). Plus Acorn, Fiddlehead, Nautilus Shell, and Pinecone by Poly by Google [CC-BY] via Poly Pizza.",Adventure,Scavenger Hunt,minimal,0,Learn & Explore,1,https://tr.rbxcdn.com/180DAY-85d6a679a21c8da44be740722f0aeb0c/512/512/Image/Png/noFilter,Goode Goode Studios,Group,33096688,2,230281,1576,376,103,11,2026-03-19T13:02:33.019Z,2026-09-06T16:13:42.985299Z
2283649692,CHESS!,"Play chess ♟️⬜⬛ for free on Roblox!

⚔️ Compete in ranked mode
😎 Play gamemodes with your friends
✨ Express yourself with skins
🥇🔥 Rank up from Bronze to Grand Master
🌸 Level up, win games & earn coins
🔎 Spectate other players and talk with them in the global chat
🎮 Playable on console, mobile, pc and more!

What are you waiting for? Become the best! 🏆

Tags: Chess, chess, Chess!, CHESS!, Check Mate, Strategy, Board games, Education",Strategy,Board & Card Games,minimal,0,Learn & Explore,1,https://tr.rbxcdn.com/180DAY-0dbd2d8ce83f7482c5eb3a1ae602fa83/512/512/Image/Png/noFilter,Cookie development,Group,3058378,407,108424743,257341,77933,29259,100,2021-01-10T17:40:38.783Z,2026-08-13T19:47:15.301Z
3645313968,🐯Endangered World,"🐯 Save the animal kingdom by discovering endangered animals and become the ultimate animal hero!

🐳 Discover 100+ animals across many biomes.
❤️‍🩹 Heal injured animals at the Rescue Center to adopt animals.
🐣 Create baby animals and raise them to earn gems.
🦁 Grow your animal population and build your dream enclosure!

👨‍👩‍👧‍👦 Join 'Playduo Studio' for enclosure pin and more coming soon! 
https://www.roblox.com/groups/4626344

🔔 Press the 'Follow' button for game news & updates! 🔔

Developers: RPD777 and RJD12345",Adventure,,minimal,0,Learn & Explore,1,https://tr.rbxcdn.com/180DAY-4c3b604d8d06c280a9e7d19875f173f3/512/512/Image/Png/noFilter,Playduo Studio,Group,4626344,17,37789614,165064,45395,4111,8,2022-06-10T00:06:34.997Z,2025-10-27T14:50:41.567Z
